2026-03-14 22:14:14.701 [WARN ] Frontend -  Received HTTP 404 from /users/me endpoint. Body: {"data":null,"error":{},"message":"User not found","status":"FAILED"}
2026-03-14 22:15:23.864 [WARN ] Frontend -  This is the second data : {success: true, data: {userId: 7843bf63-37a9-45b8-bf71-b8403abc7837, token: eyJhbGciOiJIUzI1NiJ9.eyJzdWIiOiI3ODQzYmY2My0zN2E5LTQ1YjgtYmY3MS1iODQwM2FiYzc4MzciLCJyb2xlcyI6IlJJREVSIiwiaWF0IjoxNzczNTA2NzIzLCJleHAiOjE3NzQzNzA3MjN9.68Q8S0RRJn0Z5IgcPWwBoARhSGlARq75-rHsEmHSkDk, expiresIn: 864000}}
2026-03-14 22:15:24.467 [INFO ] Frontend -  User profile successfully loaded for: amit
2026-03-14 23:16:06.909 [WARN ] Frontend -  This is the second data : {success: true, data: {userId: 7843bf63-37a9-45b8-bf71-b8403abc7837, token: eyJhbGciOiJIUzI1NiJ9.eyJzdWIiOiI3ODQzYmY2My0zN2E5LTQ1YjgtYmY3MS1iODQwM2FiYzc4MzciLCJyb2xlcyI6IlJJREVSIiwiaWF0IjoxNzczNTEwMzY2LCJleHAiOjE3NzQzNzQzNjZ9.NLsXYTy_UoBm5c0yF8j3fMYBzBT-Gi-jz3cIJUGeqCY, expiresIn: 864000}}
2026-03-14 23:16:08.069 [INFO ] Frontend -  User profile successfully loaded for: amit
2026-03-15 00:08:45.647 [WARN ] Frontend -  Received HTTP 404 from /users/me endpoint. Body: {"data":null,"error":{},"message":"User not found","status":"FAILED"}
2026-03-15 00:09:05.605 [WARN ] Frontend -  This is the second data : {success: true, data: {userId: 4e44dc6b-1b3d-472a-a75e-81aafcfeb0a5, token: eyJhbGciOiJIUzI1NiJ9.eyJzdWIiOiI0ZTQ0ZGM2Yi0xYjNkLTQ3MmEtYTc1ZS04MWFhZmNmZWIwYTUiLCJyb2xlcyI6IlJJREVSIiwiaWF0IjoxNzczNTEzNTQ0LCJleHAiOjE3NzQzNzc1NDR9.hSOW9TFcwKh1su7uZZZw0p1-XYMIuYzFw5zn79ZPB74, expiresIn: 864000}}
2026-03-15 00:09:09.878 [INFO ] Frontend -  User profile successfully loaded for: abhay
2026-03-15 01:25:56.603 [WARN ] Frontend -  This is the second data : {success: true, data: {userId: 7843bf63-37a9-45b8-bf71-b8403abc7837, token: eyJhbGciOiJIUzI1NiJ9.eyJzdWIiOiI3ODQzYmY2My0zN2E5LTQ1YjgtYmY3MS1iODQwM2FiYzc4MzciLCJyb2xlcyI6IlJJREVSIiwiaWF0IjoxNzczNTE4MTU2LCJleHAiOjE3NzQzODIxNTZ9.VJexgC77yRzY5YIIjCZz36ihpBQKKLCTthC8uh4u-W8, expiresIn: 864000}}
2026-03-15 01:25:58.068 [INFO ] Frontend -  User profile successfully loaded for: amit
2026-03-15 16:48:21.165 [WARN ] Frontend -  This is the second data : {success: true, data: {userId: 7843bf63-37a9-45b8-bf71-b8403abc7837, token: eyJhbGciOiJIUzI1NiJ9.eyJzdWIiOiI3ODQzYmY2My0zN2E5LTQ1YjgtYmY3MS1iODQwM2FiYzc4MzciLCJyb2xlcyI6IlJJREVSIiwiaWF0IjoxNzczNTczNTAwLCJleHAiOjE3NzQ0Mzc1MDB9.h8vpInv1kmFnEEToPxmAyyOMGLpxrRbRki4NY5wzJ0Y, expiresIn: 864000}}
2026-03-15 16:48:22.112 [INFO ] Frontend -  User profile successfully loaded for: amit
2026-03-15 18:24:27.231 [WARN ] Frontend -  This is the second data : {success: true, data: {userId: 7843bf63-37a9-45b8-bf71-b8403abc7837, token: eyJhbGciOiJIUzI1NiJ9.eyJzdWIiOiI3ODQzYmY2My0zN2E5LTQ1YjgtYmY3MS1iODQwM2FiYzc4MzciLCJyb2xlcyI6IlJJREVSIiwiaWF0IjoxNzczNTc5MjY3LCJleHAiOjE3NzQ0NDMyNjd9.yx69kRr3F6TnAP--yZbLcJUOsKnB1nptenK0k8h9DvI, expiresIn: 864000}}
2026-03-15 18:24:27.986 [INFO ] Frontend -  User profile successfully loaded for: amit
2026-03-15 19:41:11.913 [WARN ] Frontend -  This is the second data : {success: true, data: {userId: 7843bf63-37a9-45b8-bf71-b8403abc7837, token: eyJhbGciOiJIUzI1NiJ9.eyJzdWIiOiI3ODQzYmY2My0zN2E5LTQ1YjgtYmY3MS1iODQwM2FiYzc4MzciLCJyb2xlcyI6IlJJREVSIiwiaWF0IjoxNzczNTgzODcxLCJleHAiOjE3NzQ0NDc4NzF9.cMQv0MzGkkA7Y1DP-dnX4ihRnnY-PSGYC7H_9KhdTOA, expiresIn: 864000}}
2026-03-15 19:41:12.770 [INFO ] Frontend -  User profile successfully loaded for: amit
2026-03-15 20:02:56.300 [WARN ] Frontend -  Received HTTP 404 from /users/me endpoint. Body: {"data":null,"error":{},"message":"User not found","status":"FAILED"}
2026-03-15 20:03:36.490 [WARN ] Frontend -  This is the second data : {success: true, data: {userId: dcb28c56-26aa-413b-9245-aa521005833a, token: eyJhbGciOiJIUzI1NiJ9.eyJzdWIiOiJkY2IyOGM1Ni0yNmFhLTQxM2ItOTI0NS1hYTUyMTAwNTgzM2EiLCJyb2xlcyI6IlJJREVSIiwiaWF0IjoxNzczNTg1MjE2LCJleHAiOjE3NzQ0NDkyMTZ9.V5AlM4Tsg9h2S6FFUfyMLR8cTs9oUFQmFgxxMM26-eo, expiresIn: 864000}}
2026-03-15 20:03:37.098 [INFO ] Frontend -  User profile successfully loaded for: amit
2026-03-16 22:17:41.459 [WARN ] Frontend -  This is the second data : {success: true, data: {userId: dcb28c56-26aa-413b-9245-aa521005833a, token: eyJhbGciOiJIUzI1NiJ9.eyJzdWIiOiJkY2IyOGM1Ni0yNmFhLTQxM2ItOTI0NS1hYTUyMTAwNTgzM2EiLCJyb2xlcyI6IlJJREVSIiwiaWF0IjoxNzczNjc5NjYxLCJleHAiOjE3NzQ1NDM2NjF9.qLm1_HJLJh01Gn-lheomVlO35t1GJjRIoxk0xqWAcho, expiresIn: 864000}}
2026-03-16 22:17:42.599 [INFO ] Frontend -  User profile successfully loaded for: amit
2026-03-17 23:46:59.009 [WARN ] Frontend -  This is the second data : {success: true, data: {userId: dcb28c56-26aa-413b-9245-aa521005833a, token: eyJhbGciOiJIUzI1NiJ9.eyJzdWIiOiJkY2IyOGM1Ni0yNmFhLTQxM2ItOTI0NS1hYTUyMTAwNTgzM2EiLCJyb2xlcyI6IlJJREVSIiwiaWF0IjoxNzczNzcxNDE4LCJleHAiOjE3NzQ2MzU0MTh9.aXUwd9b1Ey1RrONN56KEJArEay9TS7moyU2W_8OWU10, expiresIn: 864000}}
2026-03-17 23:47:00.329 [INFO ] Frontend -  User profile successfully loaded for: amit
2026-03-18 00:07:17.591 [WARN ] Frontend -  Received HTTP 404 from /users/me endpoint. Body: {"data":null,"error":{},"message":"User not found","status":"FAILED"}
2026-03-18 00:07:55.410 [WARN ] Frontend -  This is the second data : {success: true, data: {userId: 0f3c3c32-50ff-4438-82cf-eec2b301e474, token: eyJhbGciOiJIUzI1NiJ9.eyJzdWIiOiIwZjNjM2MzMi01MGZmLTQ0MzgtODJjZi1lZWMyYjMwMWU0NzQiLCJyb2xlcyI6IlJJREVSIiwiaWF0IjoxNzczNzcyNjc1LCJleHAiOjE3NzQ2MzY2NzV9.0PHB8X4HffWeLnb7nk6WAyph2u_3zLPiWv8AikrE1gc, expiresIn: 864000}}
2026-03-18 00:07:56.131 [INFO ] Frontend -  User profile successfully loaded for: amit
2026-03-18 21:48:32.934 [WARN ] Frontend -  This is the second data : {success: true, data: {userId: 0f3c3c32-50ff-4438-82cf-eec2b301e474, token: eyJhbGciOiJIUzI1NiJ9.eyJzdWIiOiIwZjNjM2MzMi01MGZmLTQ0MzgtODJjZi1lZWMyYjMwMWU0NzQiLCJyb2xlcyI6IlJJREVSIiwiaWF0IjoxNzczODUwNzEyLCJleHAiOjE3NzQ3MTQ3MTJ9.CeD_PTIoZ_vEhgJK0Ru2qiPRy8HzcfSNP4lnzcgtC_M, expiresIn: 864000}}
2026-03-18 21:48:33.830 [INFO ] Frontend -  User profile successfully loaded for: amit
2026-03-22 13:05:39.177 [WARN ] Frontend -  This is the second data : {success: true, data: {userId: 0f3c3c32-50ff-4438-82cf-eec2b301e474, token: eyJhbGciOiJIUzI1NiJ9.eyJzdWIiOiIwZjNjM2MzMi01MGZmLTQ0MzgtODJjZi1lZWMyYjMwMWU0NzQiLCJyb2xlcyI6IlJJREVSIiwiaWF0IjoxNzc0MTY0OTM4LCJleHAiOjE3NzUwMjg5Mzh9.uQyQuTJxPZwZSzJjMtmXnmFGJMxOkCEIUWclAFU4Upg, expiresIn: 864000}}
2026-03-22 13:05:39.992 [INFO ] Frontend -  User profile successfully loaded for: amit
2026-03-22 13:21:12.067 [WARN ] Frontend -  This is the second data : {success: true, data: {userId: 0f3c3c32-50ff-4438-82cf-eec2b301e474, token: eyJhbGciOiJIUzI1NiJ9.eyJzdWIiOiIwZjNjM2MzMi01MGZmLTQ0MzgtODJjZi1lZWMyYjMwMWU0NzQiLCJyb2xlcyI6IlJJREVSIiwiaWF0IjoxNzc0MTY1ODcxLCJleHAiOjE3NzUwMjk4NzF9.e69sz_7VdLU59iCmeeSkROCC_ccOsE9y48FhZtZOYpI, expiresIn: 864000}}
2026-03-22 13:21:12.867 [INFO ] Frontend -  User profile successfully loaded for: amit
2026-03-22 13:23:00.652 [WARN ] Frontend -  This is the second data : {success: false, message: A runtime error occurred}
2026-03-22 13:23:09.206 [WARN ] Frontend -  This is the second data : {success: false, message: A runtime error occurred}
2026-03-22 13:23:28.591 [WARN ] Frontend -  This is the second data : {success: false, message: A runtime error occurred}
2026-03-22 13:34:26.803 [WARN ] Frontend -  This is the second data : {success: true, data: {userId: 0f3c3c32-50ff-4438-82cf-eec2b301e474, token: eyJhbGciOiJIUzI1NiJ9.eyJzdWIiOiIwZjNjM2MzMi01MGZmLTQ0MzgtODJjZi1lZWMyYjMwMWU0NzQiLCJyb2xlcyI6IlJJREVSIiwiaWF0IjoxNzc0MTY2NjY2LCJleHAiOjE3NzUwMzA2NjZ9.IUKwcvHgC5RTIaGDLqupGXqETTAfYkvvfcr4u2961Yc, expiresIn: 864000}}
2026-03-22 13:34:28.742 [INFO ] Frontend -  User profile successfully loaded for: amit
2026-03-22 13:45:29.617 [WARN ] Frontend -  This is the second data : {success: true, data: {userId: 0f3c3c32-50ff-4438-82cf-eec2b301e474, token: eyJhbGciOiJIUzI1NiJ9.eyJzdWIiOiIwZjNjM2MzMi01MGZmLTQ0MzgtODJjZi1lZWMyYjMwMWU0NzQiLCJyb2xlcyI6IlJJREVSIiwiaWF0IjoxNzc0MTY3MzI5LCJleHAiOjE3NzUwMzEzMjl9.V4UALOAst_hIL4H5irv24zffD9lQnytaZdqEQNkL7kc, expiresIn: 864000}}
2026-03-22 13:45:30.653 [INFO ] Frontend -  User profile successfully loaded for: amit
2026-03-22 13:51:15.294 [INFO ] Frontend -  Attempting login for user: a@gmail.com
2026-03-22 13:51:16.811 [WARN ] Frontend -  This is the second data : {success: true, data: {userId: 0f3c3c32-50ff-4438-82cf-eec2b301e474, token: eyJhbGciOiJIUzI1NiJ9.eyJzdWIiOiIwZjNjM2MzMi01MGZmLTQ0MzgtODJjZi1lZWMyYjMwMWU0NzQiLCJyb2xlcyI6IlJJREVSIiwiaWF0IjoxNzc0MTY3Njc2LCJleHAiOjE3NzQxNjg1NzZ9.UsaB76-D-pgBkZo44fGOUS1e844WZJ0lNx1xayKeMTQ, refreshToken: 2c220619-133a-4072-a018-a55ff04345f2, expiresIn: 900}}
2026-03-22 13:51:16.810 [INFO ] Frontend -  Login successful. Tokens securely stored.
2026-03-22 13:51:18.243 [WARN ] Frontend -  Received HTTP 403 from /users/me endpoint. Body: 
2026-03-22 13:51:56.254 [INFO ] Frontend -  Initiating secure logout...
2026-03-22 13:51:56.338 [INFO ] Frontend -  Clearing local secure storage tokens
2026-03-22 13:52:03.826 [INFO ] Frontend -  Attempting login for user: a@gmail.com
2026-03-22 13:52:04.344 [INFO ] Frontend -  Login successful. Tokens securely stored.
2026-03-22 13:52:04.344 [WARN ] Frontend -  This is the second data : {success: true, data: {userId: 0f3c3c32-50ff-4438-82cf-eec2b301e474, token: eyJhbGciOiJIUzI1NiJ9.eyJzdWIiOiIwZjNjM2MzMi01MGZmLTQ0MzgtODJjZi1lZWMyYjMwMWU0NzQiLCJyb2xlcyI6IlJJREVSIiwiaWF0IjoxNzc0MTY3NzI0LCJleHAiOjE3NzQxNjg2MjR9.HC07Ci4s2eZSAEX6yyCiZtMf6ybe7kjQ9J5by6v-9U4, refreshToken: 2ae6a074-0ea9-489e-ab02-b371816a674f, expiresIn: 900}}
2026-03-22 13:52:04.751 [WARN ] Frontend -  Received HTTP 403 from /users/me endpoint. Body: 
2026-03-22 13:52:41.335 [WARN ] Frontend -  Primary geocoder failed (likely missing API key), trying fallback...
2026-03-22 13:52:58.991 [WARN ] Frontend -  Primary geocoder failed (likely missing API key), trying fallback...
2026-03-22 16:40:18.790 [WARN ] Frontend -  Received HTTP 403 from /users/me endpoint. Body: 
2026-03-22 16:40:19.219 [WARN ] Frontend -  Primary geocoder failed (likely missing API key), trying fallback...
2026-03-22 16:40:28.183 [INFO ] Frontend -  Initiating secure logout...
2026-03-22 16:40:28.226 [INFO ] Frontend -  Clearing local secure storage tokens
2026-03-22 16:40:43.342 [INFO ] Frontend -  Attempting login for user: a@gmail.com
2026-03-22 16:40:44.461 [WARN ] Frontend -  This is the second data : {success: true, data: {userId: ec60a2da-3985-42fc-a7a1-ea00cbaa5e41, token: eyJhbGciOiJIUzI1NiJ9.eyJzdWIiOiJlYzYwYTJkYS0zOTg1LTQyZmMtYTdhMS1lYTAwY2JhYTVlNDEiLCJyb2xlcyI6IlJJREVSIiwiaWF0IjoxNzc0MTc3ODQ0LCJleHAiOjE3NzQxNzg3NDR9.LuCG9fy8mSryHWwFDZ5fa02xUN1vvnH0VNlVSIAgPbo, refreshToken: b7201016-2b89-4f86-9421-e780985bc0e5, expiresIn: 900}}
2026-03-22 16:40:44.464 [INFO ] Frontend -  Login successful. Tokens securely stored.
2026-03-22 16:40:45.109 [INFO ] Frontend -  User profile successfully loaded for: Amit
2026-03-22 16:40:45.219 [WARN ] Frontend -  Primary geocoder failed (likely missing API key), trying fallback...
2026-03-22 16:41:24.577 [INFO ] Frontend -  Profile updated successfully.
2026-03-22 16:44:11.447 [WARN ] Frontend -  Primary geocoder failed (likely missing API key), trying fallback...
2026-03-22 19:56:58.865 [WARN ] Frontend -  Received HTTP 403 from /users/me endpoint. Body: 
2026-03-22 19:56:59.401 [WARN ] Frontend -  Primary geocoder failed (likely missing API key), trying fallback...
2026-03-22 19:57:13.345 [INFO ] Frontend -  Initiating secure logout...
2026-03-22 19:57:13.405 [INFO ] Frontend -  Clearing local secure storage tokens
2026-03-22 19:57:22.214 [INFO ] Frontend -  Attempting login for user: a@gmail.com
2026-03-22 19:57:22.981 [INFO ] Frontend -  Login successful. Tokens securely stored.
2026-03-22 19:57:23.001 [WARN ] Frontend -  This is the second data : {success: true, data: {userId: f953b2ac-662a-4f0d-93ca-c4e3ff08f16f, token: eyJhbGciOiJIUzI1NiJ9.eyJzdWIiOiJmOTUzYjJhYy02NjJhLTRmMGQtOTNjYS1jNGUzZmYwOGYxNmYiLCJyb2xlcyI6IlJJREVSIiwiaWF0IjoxNzc0MTg5NjQyLCJleHAiOjE3NzQxOTA1NDJ9.Bo_x70n2eSIsXIpErkFf4BJIHDnxMHJUMIS90bIjeEs, refreshToken: c6bf0b6c-06de-4c8d-a1f7-a8484686ca15, expiresIn: 900}}
2026-03-22 19:57:23.586 [INFO ] Frontend -  User profile successfully loaded for: Amit
2026-03-22 19:57:23.695 [WARN ] Frontend -  Primary geocoder failed (likely missing API key), trying fallback...
2026-03-22 20:00:04.152 [WARN ] Frontend -  Primary geocoder failed (likely missing API key), trying fallback...
2026-03-22 20:00:12.720 [WARN ] Frontend -  Primary geocoder failed (likely missing API key), trying fallback...
2026-03-22 20:00:31.775 [WARN ] Frontend -  Primary geocoder failed (likely missing API key), trying fallback...
2026-03-22 20:16:09.470 [INFO ] Frontend -  Initiating secure logout...
2026-03-22 20:16:09.535 [INFO ] Frontend -  Clearing local secure storage tokens
2026-03-22 20:16:27.890 [INFO ] Frontend -  Attempting login for user: a@gmail.com
2026-03-22 20:16:28.626 [WARN ] Frontend -  This is the second data : {success: true, data: {userId: f953b2ac-662a-4f0d-93ca-c4e3ff08f16f, token: eyJhbGciOiJIUzI1NiJ9.eyJzdWIiOiJmOTUzYjJhYy02NjJhLTRmMGQtOTNjYS1jNGUzZmYwOGYxNmYiLCJyb2xlcyI6IlJJREVSIiwiaWF0IjoxNzc0MTkwNzg4LCJleHAiOjE3NzQxOTE2ODh9.wpn-nT40i6ByFyZ2CpdIoiZRzXgqbUxyji0MzCmvVwU, refreshToken: af39c76e-1e71-4e7b-877e-8f894c54c7a6, expiresIn: 900}}
2026-03-22 20:16:28.626 [INFO ] Frontend -  Login successful. Tokens securely stored.
2026-03-22 20:16:29.438 [INFO ] Frontend -  User profile successfully loaded for: Amit
2026-03-22 20:16:29.698 [WARN ] Frontend -  Primary geocoder failed (likely missing API key), trying fallback...
2026-03-22 20:43:38.024 [INFO ] Frontend -  Clearing local secure storage tokens
2026-03-22 20:43:38.023 [INFO ] Frontend -  Initiating secure logout...
2026-03-22 20:43:48.344 [INFO ] Frontend -  Attempting login for user: a@gmail.com
2026-03-22 20:43:48.881 [INFO ] Frontend -  Login successful. Tokens securely stored.
2026-03-22 20:43:48.881 [WARN ] Frontend -  This is the second data : {success: true, data: {userId: f953b2ac-662a-4f0d-93ca-c4e3ff08f16f, token: eyJhbGciOiJIUzI1NiJ9.eyJzdWIiOiJmOTUzYjJhYy02NjJhLTRmMGQtOTNjYS1jNGUzZmYwOGYxNmYiLCJyb2xlcyI6IlJJREVSIiwiaWF0IjoxNzc0MTkyNDI4LCJleHAiOjE3NzQxOTMzMjh9.z6toS7zKG-YB95aypfYM6cwU8Br7dnZkivGylL2TyPo, refreshToken: 62c16356-1ca3-4419-b340-e489e86d2b0a, expiresIn: 900}}
2026-03-22 20:43:49.494 [INFO ] Frontend -  User profile successfully loaded for: Amit
2026-03-22 20:43:49.653 [WARN ] Frontend -  Primary geocoder failed (likely missing API key), trying fallback...
2026-03-22 21:53:39.403 [INFO ] Frontend -  Attempting login for user: a@gmail.com
2026-03-22 21:53:40.585 [WARN ] Frontend -  This is the second data : {success: true, data: {userId: f953b2ac-662a-4f0d-93ca-c4e3ff08f16f, token: eyJhbGciOiJIUzI1NiJ9.eyJzdWIiOiJmOTUzYjJhYy02NjJhLTRmMGQtOTNjYS1jNGUzZmYwOGYxNmYiLCJyb2xlcyI6IlJJREVSIiwiaWF0IjoxNzc0MTk2NjIwLCJleHAiOjE3NzQxOTc1MjB9.1A2yaUpZFGHW7Z7Z0MsbIj_ZBcJC463GcGbis0KMFYs, refreshToken: 4f0cada6-8ac3-4efa-9e8b-de5e00e0dcc1, expiresIn: 900}}
2026-03-22 21:53:40.585 [INFO ] Frontend -  Login successful. Tokens securely stored.
2026-03-22 21:53:42.662 [INFO ] Frontend -  User profile successfully loaded for: Amit
2026-03-22 21:53:43.097 [WARN ] Frontend -  Primary geocoder failed (likely missing API key), trying fallback...
2026-03-22 22:11:15.790 [INFO ] Frontend -  Clearing local secure storage tokens
2026-03-22 22:11:15.790 [INFO ] Frontend -  Initiating secure logout...
2026-03-22 22:11:27.830 [INFO ] Frontend -  Attempting login for user: a@gmail.com
2026-03-22 22:11:29.283 [INFO ] Frontend -  Login successful. Tokens securely stored.
2026-03-22 22:11:29.284 [WARN ] Frontend -  This is the second data : {success: true, data: {userId: f953b2ac-662a-4f0d-93ca-c4e3ff08f16f, token: eyJhbGciOiJIUzI1NiJ9.eyJzdWIiOiJmOTUzYjJhYy02NjJhLTRmMGQtOTNjYS1jNGUzZmYwOGYxNmYiLCJyb2xlcyI6IlJJREVSIiwiaWF0IjoxNzc0MTk3Njg4LCJleHAiOjE3NzQxOTg1ODh9.I82QyLG8TWwmCWMDdaPtd2fbMvBOFmw-fpf7yX8UrWs, refreshToken: a85cc7aa-7847-4403-b688-da3b7985da68, expiresIn: 900}}
2026-03-22 22:11:30.143 [INFO ] Frontend -  User profile successfully loaded for: Amit
2026-03-22 22:11:30.532 [WARN ] Frontend -  Primary geocoder failed (likely missing API key), trying fallback...
2026-03-22 22:11:45.467 [WARN ] Frontend -  Primary geocoder failed (likely missing API key), trying fallback...
2026-03-22 22:12:14.882 [WARN ] Frontend -  Primary geocoder failed (likely missing API key), trying fallback...
2026-03-22 22:12:21.959 [WARN ] Frontend -  Primary geocoder failed (likely missing API key), trying fallback...
2026-03-22 22:51:19.466 [INFO ] Frontend -  Attempting login for user: a@gmail.com
2026-03-22 22:51:20.703 [INFO ] Frontend -  Login successful. Tokens securely stored.
2026-03-22 22:51:20.703 [WARN ] Frontend -  This is the second data : {success: true, data: {userId: f953b2ac-662a-4f0d-93ca-c4e3ff08f16f, token: eyJhbGciOiJIUzI1NiJ9.eyJzdWIiOiJmOTUzYjJhYy02NjJhLTRmMGQtOTNjYS1jNGUzZmYwOGYxNmYiLCJyb2xlcyI6IlJJREVSIiwiaWF0IjoxNzc0MjAwMDgwLCJleHAiOjE3NzQyMDA5ODB9.YEf0ySfsrC4gHJMEPkKRkcCuxqb1WaHx-3fstv7_IVs, refreshToken: 44442ea1-cfbe-4659-a37b-0650dccd1baf, expiresIn: 900}}
2026-03-22 22:51:23.285 [INFO ] Frontend -  User profile successfully loaded for: Amit
2026-03-22 22:51:23.846 [WARN ] Frontend -  Primary geocoder failed (likely missing API key), trying fallback...
2026-03-22 23:02:44.619 [WARN ] Frontend -  Primary geocoder failed (likely missing API key), trying fallback...
2026-03-22 23:05:20.293 [WARN ] Frontend -  Primary geocoder failed (likely missing API key), trying fallback...
2026-03-22 23:07:06.242 [WARN ] Frontend -  Primary geocoder failed (likely missing API key), trying fallback...
2026-03-22 23:08:30.432 [INFO ] Frontend -  Initiating secure logout...
2026-03-22 23:08:30.705 [INFO ] Frontend -  Clearing local secure storage tokens
2026-03-22 23:08:45.461 [INFO ] Frontend -  Attempting login for user: a1@gmail.com
2026-03-22 23:08:45.808 [WARN ] Frontend -  Login failed with status 401
2026-03-22 23:08:45.808 [WARN ] Frontend -  This is the second data : {success: false, message: Invalid credentials}
2026-03-22 23:09:45.612 [INFO ] Frontend -  Attempting login for user: a1@gmail.com
2026-03-22 23:09:46.165 [WARN ] Frontend -  This is the second data : {success: true, data: {userId: f65577f5-bffa-4afa-9cad-58bc2a3006f0, token: eyJhbGciOiJIUzI1NiJ9.eyJzdWIiOiJmNjU1NzdmNS1iZmZhLTRhZmEtOWNhZC01OGJjMmEzMDA2ZjAiLCJyb2xlcyI6IlJJREVSIiwiaWF0IjoxNzc0MjAxMTg1LCJleHAiOjE3NzQyMDIwODV9.Xq7cPi8TjfDTDNLdBXGJBgZtCSPIZHI7vnSUsHNwMOo, refreshToken: 1a404978-32ca-415b-911c-44913973a5da, expiresIn: 900}}
2026-03-22 23:09:46.165 [INFO ] Frontend -  Login successful. Tokens securely stored.
2026-03-22 23:09:46.545 [INFO ] Frontend -  User profile successfully loaded for: abhay
2026-03-22 23:09:46.958 [WARN ] Frontend -  Primary geocoder failed (likely missing API key), trying fallback...
2026-03-22 23:10:58.155 [WARN ] Frontend -  Primary geocoder failed (likely missing API key), trying fallback...
2026-03-22 23:11:53.637 [WARN ] Frontend -  Primary geocoder failed (likely missing API key), trying fallback...
2026-03-22 23:13:05.403 [WARN ] Frontend -  Primary geocoder failed (likely missing API key), trying fallback...
2026-03-23 22:46:08.812 [INFO ] Frontend -  Attempting login for user: a@gmail.com
2026-03-23 22:46:09.733 [INFO ] Frontend -  Login successful. Tokens securely stored.
2026-03-23 22:46:09.734 [WARN ] Frontend -  This is the second data : {success: true, data: {userId: f953b2ac-662a-4f0d-93ca-c4e3ff08f16f, token: eyJhbGciOiJIUzI1NiJ9.eyJzdWIiOiJmOTUzYjJhYy02NjJhLTRmMGQtOTNjYS1jNGUzZmYwOGYxNmYiLCJyb2xlcyI6IlJJREVSIiwiaWF0IjoxNzc0Mjg2MTY5LCJleHAiOjE3NzQyODcwNjl9.QMowRRHhkQaprXTVWeZhvTOaeJ7hzZYulVYzIW38NKw, refreshToken: 77d0f432-b884-4d60-950a-ee6a435e59f9, expiresIn: 900}}
2026-03-23 22:46:11.262 [INFO ] Frontend -  User profile successfully loaded for: Amit
2026-03-23 22:46:11.497 [WARN ] Frontend -  Primary geocoder failed (likely missing API key), trying fallback...
2026-03-23 22:46:48.463 [WARN ] Frontend -  Primary geocoder failed (likely missing API key), trying fallback...
2026-03-23 22:47:24.939 [WARN ] Frontend -  Primary geocoder failed (likely missing API key), trying fallback...
2026-03-23 23:12:43.778 [INFO ] Frontend -  Initiating secure logout...
2026-03-23 23:12:43.778 [INFO ] Frontend -  Clearing local secure storage tokens
2026-03-23 23:12:56.334 [INFO ] Frontend -  Attempting login for user: a@gmail.com
2026-03-23 23:12:57.313 [INFO ] Frontend -  Login successful. Tokens securely stored.
2026-03-23 23:12:57.313 [WARN ] Frontend -  This is the second data : {success: true, data: {userId: f953b2ac-662a-4f0d-93ca-c4e3ff08f16f, token: eyJhbGciOiJIUzI1NiJ9.eyJzdWIiOiJmOTUzYjJhYy02NjJhLTRmMGQtOTNjYS1jNGUzZmYwOGYxNmYiLCJyb2xlcyI6IlJJREVSIiwiaWF0IjoxNzc0Mjg3Nzc3LCJleHAiOjE3NzQyODg2Nzd9.bekUqKmq53dN8ZP-rtiB72MrTzmTsXZl240JRoTXoXA, refreshToken: 7f1109da-6101-4ba8-b319-67846537e563, expiresIn: 900}}
2026-03-23 23:12:58.047 [INFO ] Frontend -  User profile successfully loaded for: Amit
2026-03-23 23:12:58.258 [WARN ] Frontend -  Primary geocoder failed (likely missing API key), trying fallback...
2026-03-23 23:18:25.584 [WARN ] Frontend -  Primary geocoder failed (likely missing API key), trying fallback...
2026-03-23 23:26:00.171 [WARN ] Frontend -  Primary geocoder failed (likely missing API key), trying fallback...
2026-03-23 23:26:11.880 [WARN ] Frontend -  Primary geocoder failed (likely missing API key), trying fallback...
2026-03-23 23:35:22.923 [INFO ] Frontend -  Initiating secure logout...
2026-03-23 23:35:22.923 [INFO ] Frontend -  Clearing local secure storage tokens
2026-03-23 23:35:34.982 [INFO ] Frontend -  Attempting login for user: a@gmail.com
2026-03-23 23:35:35.863 [INFO ] Frontend -  Login successful. Tokens securely stored.
2026-03-23 23:35:35.863 [WARN ] Frontend -  This is the second data : {success: true, data: {userId: f953b2ac-662a-4f0d-93ca-c4e3ff08f16f, token: eyJhbGciOiJIUzI1NiJ9.eyJzdWIiOiJmOTUzYjJhYy02NjJhLTRmMGQtOTNjYS1jNGUzZmYwOGYxNmYiLCJyb2xlcyI6IlJJREVSIiwiaWF0IjoxNzc0Mjg5MTM1LCJleHAiOjE3NzQyOTAwMzV9.n6mdHG4LCRj964UktVqlkHiMII8k9rigroRuuon3dfA, refreshToken: 86169b33-69d4-4b11-a14b-b8d9ee342e97, expiresIn: 900}}
2026-03-23 23:35:36.493 [INFO ] Frontend -  User profile successfully loaded for: Amit
2026-03-23 23:35:36.682 [WARN ] Frontend -  Primary geocoder failed (likely missing API key), trying fallback...
2026-03-23 23:57:01.872 [INFO ] Frontend -  Clearing local secure storage tokens
2026-03-23 23:57:01.872 [INFO ] Frontend -  Initiating secure logout...
2026-03-23 23:57:09.318 [INFO ] Frontend -  Attempting login for user: a@gmail.com
2026-03-23 23:57:09.880 [WARN ] Frontend -  This is the second data : {success: true, data: {userId: f953b2ac-662a-4f0d-93ca-c4e3ff08f16f, token: eyJhbGciOiJIUzI1NiJ9.eyJzdWIiOiJmOTUzYjJhYy02NjJhLTRmMGQtOTNjYS1jNGUzZmYwOGYxNmYiLCJyb2xlcyI6IlJJREVSIiwiaWF0IjoxNzc0MjkwNDI5LCJleHAiOjE3NzQyOTEzMjl9.wCUNSuQOGWx1Uz-s0DSDusjziVyfBhZlt6h0ZJ2oBL4, refreshToken: a5c644fc-61d2-4cc2-97ef-da48a82ef7e9, expiresIn: 900}}
2026-03-23 23:57:09.888 [INFO ] Frontend -  Login successful. Tokens securely stored.
2026-03-23 23:57:10.344 [INFO ] Frontend -  User profile successfully loaded for: Amit
2026-03-23 23:57:10.691 [WARN ] Frontend -  Primary geocoder failed (likely missing API key), trying fallback...
2026-03-24 00:22:57.567 [INFO ] Frontend -  Initiating secure logout...
2026-03-24 00:22:57.577 [INFO ] Frontend -  Clearing local secure storage tokens
2026-03-24 00:23:07.641 [INFO ] Frontend -  Attempting login for user: a@gmail.com
2026-03-24 00:23:08.162 [INFO ] Frontend -  Login successful. Tokens securely stored.
2026-03-24 00:23:08.164 [WARN ] Frontend -  This is the second data : {success: true, data: {userId: f953b2ac-662a-4f0d-93ca-c4e3ff08f16f, token: eyJhbGciOiJIUzI1NiJ9.eyJzdWIiOiJmOTUzYjJhYy02NjJhLTRmMGQtOTNjYS1jNGUzZmYwOGYxNmYiLCJyb2xlcyI6IlJJREVSIiwiaWF0IjoxNzc0MjkxOTg4LCJleHAiOjE3NzQyOTI4ODh9.NAKU8KHfoDRMKMmRj5t1_FlCnJ6N_KnF14cwjGHviEw, refreshToken: c587f225-3017-43e5-8caa-c887f1853275, expiresIn: 900}}
2026-03-24 00:23:08.612 [INFO ] Frontend -  User profile successfully loaded for: Amit
2026-03-24 00:23:08.929 [WARN ] Frontend -  Primary geocoder failed (likely missing API key), trying fallback...
2026-03-24 22:18:08.609 [INFO ] Frontend -  Attempting login for user: a@gmail.com
2026-03-24 22:18:12.166 [INFO ] Frontend -  Login successful. Tokens securely stored.
2026-03-24 22:18:12.166 [WARN ] Frontend -  This is the second data : {success: true, data: {userId: f953b2ac-662a-4f0d-93ca-c4e3ff08f16f, token: eyJhbGciOiJIUzI1NiJ9.eyJzdWIiOiJmOTUzYjJhYy02NjJhLTRmMGQtOTNjYS1jNGUzZmYwOGYxNmYiLCJyb2xlcyI6IlJJREVSIiwiaWF0IjoxNzc0MzcwODkwLCJleHAiOjE3NzQzNzE3OTB9.p6gv73cPnU1QWRjS2nOheinIx6G-RIXflROsQn2epW0, refreshToken: 1d089ef4-3c8f-41e9-bbee-2c9abb65a00a, expiresIn: 900}}
2026-03-24 22:18:20.049 [INFO ] Frontend -  User profile successfully loaded for: Amit
2026-03-24 22:18:20.693 [WARN ] Frontend -  Primary geocoder failed (likely missing API key), trying fallback...
2026-03-24 22:18:28.568 [WARN ] Frontend -  Primary geocoder failed (likely missing API key), trying fallback...
2026-03-24 23:16:03.334 [INFO ] Frontend -  Attempting login for user: a@gmail.com
2026-03-24 23:16:04.896 [INFO ] Frontend -  Login successful. Tokens securely stored.
2026-03-24 23:16:04.896 [WARN ] Frontend -  This is the second data : {success: true, data: {userId: f953b2ac-662a-4f0d-93ca-c4e3ff08f16f, token: eyJhbGciOiJIUzI1NiJ9.eyJzdWIiOiJmOTUzYjJhYy02NjJhLTRmMGQtOTNjYS1jNGUzZmYwOGYxNmYiLCJyb2xlcyI6IlJJREVSIiwiaWF0IjoxNzc0Mzc0MzY0LCJleHAiOjE3NzQzNzUyNjR9.ymRuFEQHa97V6tJVgMfLZ-Imo1kCvNxtLp0TACjskns, refreshToken: 817553db-d416-4841-b89b-eb87ac4c1b38, expiresIn: 900}}
2026-03-24 23:16:06.445 [INFO ] Frontend -  User profile successfully loaded for: Amit
2026-03-24 23:16:08.063 [WARN ] Frontend -  Primary geocoder failed (likely missing API key), trying fallback...
2026-03-24 23:30:52.220 [INFO ] Frontend -  Attempting login for user: a@gmail.com
2026-03-24 23:30:52.721 [WARN ] Frontend -  Login failed with status 401
2026-03-24 23:30:52.721 [WARN ] Frontend -  This is the second data : {success: false, message: Invalid credentials}
2026-03-24 23:30:57.801 [INFO ] Frontend -  Attempting login for user: a@gmail.com
2026-03-24 23:30:58.419 [INFO ] Frontend -  Login successful. Tokens securely stored.
2026-03-24 23:30:58.419 [WARN ] Frontend -  This is the second data : {success: true, data: {userId: f953b2ac-662a-4f0d-93ca-c4e3ff08f16f, token: eyJhbGciOiJIUzI1NiJ9.eyJzdWIiOiJmOTUzYjJhYy02NjJhLTRmMGQtOTNjYS1jNGUzZmYwOGYxNmYiLCJyb2xlcyI6IlJJREVSIiwiaWF0IjoxNzc0Mzc1MjU4LCJleHAiOjE3NzQzNzYxNTh9.wsQVTDcONbRT1dhElpJD8RkoXc1LOeYkN5rO0TYDzcs, refreshToken: 47260f94-0ced-47f0-b042-83bcc6eed4e1, expiresIn: 900}}
2026-03-24 23:30:59.170 [INFO ] Frontend -  User profile successfully loaded for: Amit
2026-03-24 23:30:59.424 [WARN ] Frontend -  Primary geocoder failed (likely missing API key), trying fallback...
2026-03-24 23:31:51.862 [WARN ] Frontend -  Primary geocoder failed (likely missing API key), trying fallback...
2026-03-24 23:35:19.819 [WARN ] Frontend -  Primary geocoder failed (likely missing API key), trying fallback...
2026-03-24 23:48:41.488 [INFO ] Frontend -  Clearing local secure storage tokens
2026-03-24 23:48:41.488 [INFO ] Frontend -  Initiating secure logout...
2026-03-24 23:48:49.332 [INFO ] Frontend -  Attempting login for user: a@gmail.com
2026-03-24 23:48:50.013 [INFO ] Frontend -  Login successful. Tokens securely stored.
2026-03-24 23:48:50.013 [WARN ] Frontend -  This is the second data : {success: true, data: {userId: f953b2ac-662a-4f0d-93ca-c4e3ff08f16f, token: eyJhbGciOiJIUzI1NiJ9.eyJzdWIiOiJmOTUzYjJhYy02NjJhLTRmMGQtOTNjYS1jNGUzZmYwOGYxNmYiLCJyb2xlcyI6IlJJREVSIiwiaWF0IjoxNzc0Mzc2MzI5LCJleHAiOjE3NzQzNzcyMjl9.h-P5iJcD5lpLlFdZoF7OjyTXpQAD8vjOuMRThWPEwpI, refreshToken: 7f388e10-c0fe-4293-b83e-82def9aa982f, expiresIn: 900}}
2026-03-24 23:48:50.475 [INFO ] Frontend -  User profile successfully loaded for: Amit
2026-03-24 23:48:50.715 [WARN ] Frontend -  Primary geocoder failed (likely missing API key), trying fallback...
2026-03-25 10:58:43.155 [INFO ] Frontend -  Attempting login for user: a@gmail.com
2026-03-25 10:58:48.399 [WARN ] Frontend -  This is the second data : {success: true, data: {userId: f953b2ac-662a-4f0d-93ca-c4e3ff08f16f, token: eyJhbGciOiJIUzI1NiJ9.eyJzdWIiOiJmOTUzYjJhYy02NjJhLTRmMGQtOTNjYS1jNGUzZmYwOGYxNmYiLCJyb2xlcyI6IlJJREVSIiwiaWF0IjoxNzc0NDE2NTI1LCJleHAiOjE3NzQ0MTc0MjV9.6DRd-zlFBdH_00DMniAO7_subjb40eAs_EmGfr6gKXU, refreshToken: 4df83e02-0898-437c-add0-79d5fbe33aaf, expiresIn: 900}}
2026-03-25 10:58:48.397 [INFO ] Frontend -  Login successful. Tokens securely stored.
2026-03-25 10:58:53.293 [INFO ] Frontend -  User profile successfully loaded for: Amit
2026-03-25 10:58:55.428 [WARN ] Frontend -  Primary geocoder failed (likely missing API key), trying fallback...
2026-03-25 10:59:10.103 [WARN ] Frontend -  Primary geocoder failed (likely missing API key), trying fallback...
2026-03-25 11:00:03.450 [WARN ] Frontend -  Primary geocoder failed (likely missing API key), trying fallback...
2026-03-25 11:00:05.533 [ERROR] Frontend -  Error fetching weather: ClientException: Failed to fetch, uri=https://api.open-meteo.com/v1/forecast?latitude=28.540022747718275&longitude=77.39761164247572&current_weather=true
2026-03-25 11:00:56.000 [WARN ] Frontend -  Primary geocoder failed (likely missing API key), trying fallback...
2026-03-25 21:47:17.534 [INFO ] Frontend -  Attempting login for user: a@gmail.com
2026-03-25 21:47:18.885 [INFO ] Frontend -  Login successful. Tokens securely stored.
2026-03-25 21:47:18.885 [WARN ] Frontend -  This is the second data : {success: true, data: {userId: f953b2ac-662a-4f0d-93ca-c4e3ff08f16f, token: eyJhbGciOiJIUzI1NiJ9.eyJzdWIiOiJmOTUzYjJhYy02NjJhLTRmMGQtOTNjYS1jNGUzZmYwOGYxNmYiLCJyb2xlcyI6IlJJREVSIiwiaWF0IjoxNzc0NDU1NDM4LCJleHAiOjE3NzQ0NTYzMzh9.xk3yP80ybDZcPpLar4sIXZvLpe1XjPLHDZ4wU5Y3fFE, refreshToken: 3f7aed7a-cc56-41a9-86bc-92694c7cf0d8, expiresIn: 900}}
2026-03-25 21:47:20.840 [INFO ] Frontend -  User profile successfully loaded for: Amit
2026-03-25 21:47:21.156 [WARN ] Frontend -  Primary geocoder failed (likely missing API key), trying fallback...
2026-03-25 22:41:17.746 [WARN ] Frontend -  Primary geocoder failed (likely missing API key), trying fallback...
2026-03-25 23:07:57.041 [INFO ] Frontend -  Initiating secure logout...
2026-03-25 23:07:57.135 [INFO ] Frontend -  Clearing local secure storage tokens
2026-03-25 23:08:04.205 [INFO ] Frontend -  Attempting login for user: a@gmail.com
2026-03-25 23:08:04.783 [WARN ] Frontend -  This is the second data : {success: true, data: {userId: f953b2ac-662a-4f0d-93ca-c4e3ff08f16f, token: eyJhbGciOiJIUzI1NiJ9.eyJzdWIiOiJmOTUzYjJhYy02NjJhLTRmMGQtOTNjYS1jNGUzZmYwOGYxNmYiLCJyb2xlcyI6IlJJREVSIiwiaWF0IjoxNzc0NDYwMjg0LCJleHAiOjE3NzQ0NjExODR9.P0D74GyuPVZKQ6c0-DwoUL-jNyqrJ86pKokRsY9ou3c, refreshToken: 5dbed662-3cac-4826-8651-80b4b844ab20, expiresIn: 900}}
2026-03-25 23:08:04.783 [INFO ] Frontend -  Login successful. Tokens securely stored.
2026-03-25 23:08:05.185 [INFO ] Frontend -  User profile successfully loaded for: Amit
2026-03-25 23:08:05.494 [WARN ] Frontend -  Primary geocoder failed (likely missing API key), trying fallback...
2026-03-26 10:46:26.343 [INFO ] Frontend -  Attempting login for user: a@gmail.com
2026-03-26 10:46:28.516 [INFO ] Frontend -  Login successful. Tokens securely stored.
2026-03-26 10:46:28.516 [WARN ] Frontend -  This is the second data : {success: true, data: {userId: f953b2ac-662a-4f0d-93ca-c4e3ff08f16f, token: eyJhbGciOiJIUzI1NiJ9.eyJzdWIiOiJmOTUzYjJhYy02NjJhLTRmMGQtOTNjYS1jNGUzZmYwOGYxNmYiLCJyb2xlcyI6IlJJREVSIiwiaWF0IjoxNzc0NTAyMTg4LCJleHAiOjE3NzQ1MDMwODh9.VSqgyyuPNjiwyMuY1q5-Vck2JYqht0Lq8ErG3fq7iJY, refreshToken: 84454661-1cf8-42c1-bd3f-ad48e23018b4, expiresIn: 900}}
2026-03-26 10:46:30.730 [INFO ] Frontend -  User profile successfully loaded for: Amit
2026-03-26 10:46:31.075 [WARN ] Frontend -  Primary geocoder failed (likely missing API key), trying fallback...
2026-03-26 23:18:33.360 [INFO ] Frontend -  Attempting login for user: a@gmail.com
2026-03-26 23:18:40.596 [INFO ] Frontend -  Login successful. Tokens securely stored.
2026-03-26 23:18:40.596 [WARN ] Frontend -  This is the second data : {success: true, data: {userId: f953b2ac-662a-4f0d-93ca-c4e3ff08f16f, token: eyJhbGciOiJIUzI1NiJ9.eyJzdWIiOiJmOTUzYjJhYy02NjJhLTRmMGQtOTNjYS1jNGUzZmYwOGYxNmYiLCJyb2xlcyI6IlJJREVSIiwiaWF0IjoxNzc0NTQ3MzE5LCJleHAiOjE3NzQ1NDgyMTl9.-RAkGgS6hmwdqVf9bED40KLczjsJEO99-lTWfkeD23E, refreshToken: 952312d2-4199-4780-81a5-257de573f76a, expiresIn: 900}}
2026-03-26 23:18:43.165 [INFO ] Frontend -  User profile successfully loaded for: Amit
2026-03-26 23:18:44.062 [WARN ] Frontend -  Primary geocoder failed (likely missing API key), trying fallback...
2026-03-26 23:34:09.331 [INFO ] Frontend -  Attempting login for user: a@gmail.com
2026-03-26 23:34:09.914 [WARN ] Frontend -  This is the second data : {success: true, data: {userId: f953b2ac-662a-4f0d-93ca-c4e3ff08f16f, token: eyJhbGciOiJIUzI1NiJ9.eyJzdWIiOiJmOTUzYjJhYy02NjJhLTRmMGQtOTNjYS1jNGUzZmYwOGYxNmYiLCJyb2xlcyI6IlJJREVSIiwiaWF0IjoxNzc0NTQ4MjQ5LCJleHAiOjE3NzQ1NDkxNDl9.jN267LS6v_Opv5SwcoeFCLiATdoedUoiRDXHrto8qCA, refreshToken: d7d6a8f8-f1d0-4b5f-bc23-4a57af6d7296, expiresIn: 900}}
2026-03-26 23:34:09.919 [INFO ] Frontend -  Login successful. Tokens securely stored.
2026-03-26 23:34:10.366 [INFO ] Frontend -  User profile successfully loaded for: Amit
2026-03-26 23:34:11.246 [WARN ] Frontend -  Primary geocoder failed (likely missing API key), trying fallback...
2026-03-27 00:03:26.660 [INFO ] Frontend -  Attempting login for user: a@gmail.com
2026-03-27 00:03:27.938 [INFO ] Frontend -  Login successful. Tokens securely stored.
2026-03-27 00:03:27.939 [WARN ] Frontend -  This is the second data : {success: true, data: {userId: f953b2ac-662a-4f0d-93ca-c4e3ff08f16f, token: eyJhbGciOiJIUzI1NiJ9.eyJzdWIiOiJmOTUzYjJhYy02NjJhLTRmMGQtOTNjYS1jNGUzZmYwOGYxNmYiLCJyb2xlcyI6IlJJREVSIiwiaWF0IjoxNzc0NTUwMDA3LCJleHAiOjE3NzQ1NTA5MDd9.LVmo7ggONwa2qnHakb3law83n4Zh2lpPcUu_NtnQ0EY, refreshToken: 98fdd7c7-8414-42c6-84c8-d83d2c111ace, expiresIn: 900}}
2026-03-27 00:03:30.045 [INFO ] Frontend -  User profile successfully loaded for: Amit
2026-03-27 00:03:30.417 [WARN ] Frontend -  Primary geocoder failed (likely missing API key), trying fallback...
2026-03-27 00:32:08.183 [INFO ] Frontend -  Attempting login for user: a@gmail.com
2026-03-27 00:32:09.569 [INFO ] Frontend -  Login successful. Tokens securely stored.
2026-03-27 00:32:09.569 [WARN ] Frontend -  This is the second data : {success: true, data: {userId: f953b2ac-662a-4f0d-93ca-c4e3ff08f16f, token: eyJhbGciOiJIUzI1NiJ9.eyJzdWIiOiJmOTUzYjJhYy02NjJhLTRmMGQtOTNjYS1jNGUzZmYwOGYxNmYiLCJyb2xlcyI6IlJJREVSIiwiaWF0IjoxNzc0NTUxNzI5LCJleHAiOjE3NzQ1NTI2Mjl9.qCd4SHvG_tMaqp1sxMwQ2pYWpKQLTWc3ySEiXUGNXTY, refreshToken: 7ef68e1f-f48a-44fe-91df-bda5d466f577, expiresIn: 900}}
2026-03-27 00:32:11.150 [INFO ] Frontend -  User profile successfully loaded for: Amit
2026-03-27 00:32:11.580 [WARN ] Frontend -  Primary geocoder failed (likely missing API key), trying fallback...
2026-03-27 00:48:00.907 [INFO ] Frontend -  Attempting login for user: a@gmail.com
2026-03-27 00:48:02.235 [INFO ] Frontend -  Login successful. Tokens securely stored.
2026-03-27 00:48:02.235 [WARN ] Frontend -  This is the second data : {success: true, data: {userId: f953b2ac-662a-4f0d-93ca-c4e3ff08f16f, token: eyJhbGciOiJIUzI1NiJ9.eyJzdWIiOiJmOTUzYjJhYy02NjJhLTRmMGQtOTNjYS1jNGUzZmYwOGYxNmYiLCJyb2xlcyI6IlJJREVSIiwiaWF0IjoxNzc0NTUyNjgxLCJleHAiOjE3NzQ1NTM1ODF9.cMKggsAXDoFPFDKy-lx9Aq6oHx8GyMoDTcxf4D004ZU, refreshToken: 396db92c-0765-40c4-95e8-96434ed66c53, expiresIn: 900}}
2026-03-27 00:48:03.398 [INFO ] Frontend -  User profile successfully loaded for: Amit
2026-03-27 00:48:04.081 [WARN ] Frontend -  Primary geocoder failed (likely missing API key), trying fallback...
2026-03-27 01:12:54.100 [WARN ] Frontend -  Primary geocoder failed (likely missing API key), trying fallback...
2026-03-27 01:17:58.483 [INFO ] Frontend -  Attempting login for user: a@gmail.com
2026-03-27 01:18:02.748 [INFO ] Frontend -  Login successful. Tokens securely stored.
2026-03-27 01:18:02.748 [WARN ] Frontend -  This is the second data : {success: true, data: {userId: f953b2ac-662a-4f0d-93ca-c4e3ff08f16f, token: eyJhbGciOiJIUzI1NiJ9.eyJzdWIiOiJmOTUzYjJhYy02NjJhLTRmMGQtOTNjYS1jNGUzZmYwOGYxNmYiLCJyb2xlcyI6IlJJREVSIiwiaWF0IjoxNzc0NTU0NDgxLCJleHAiOjE3NzQ1NTUzODF9.Erqp_QmbUqCfRwFS9wFgYyfqQAUzCnysZywv0OxHrBk, refreshToken: 2e979450-b0e1-472e-9fba-b1abbad08629, expiresIn: 900}}
2026-03-27 01:18:03.939 [INFO ] Frontend -  User profile successfully loaded for: Amit
2026-03-27 01:18:04.801 [WARN ] Frontend -  Primary geocoder failed (likely missing API key), trying fallback...
2026-03-27 01:22:17.872 [WARN ] Frontend -  Primary geocoder failed (likely missing API key), trying fallback...
2026-03-27 01:30:34.669 [WARN ] Frontend -  Primary geocoder failed (likely missing API key), trying fallback...
2026-03-27 01:32:46.528 [WARN ] Frontend -  Primary geocoder failed (likely missing API key), trying fallback...
2026-03-27 01:34:03.165 [INFO ] Frontend -  Attempting login for user: a@gmail.com
2026-03-27 01:34:10.627 [INFO ] Frontend -  Login successful. Tokens securely stored.
2026-03-27 01:34:10.627 [WARN ] Frontend -  This is the second data : {success: true, data: {userId: f953b2ac-662a-4f0d-93ca-c4e3ff08f16f, token: eyJhbGciOiJIUzI1NiJ9.eyJzdWIiOiJmOTUzYjJhYy02NjJhLTRmMGQtOTNjYS1jNGUzZmYwOGYxNmYiLCJyb2xlcyI6IlJJREVSIiwiaWF0IjoxNzc0NTU1NDQ0LCJleHAiOjE3NzQ1NTYzNDR9.V4LNIBRDZLIj6lguaTCit81RaM-ksxRtyo-rppzWdhQ, refreshToken: 82934b5b-628a-4f10-bcc7-e237c3877545, expiresIn: 900}}
2026-03-27 01:34:17.772 [INFO ] Frontend -  User profile successfully loaded for: Amit
2026-03-27 01:34:19.590 [WARN ] Frontend -  Primary geocoder failed (likely missing API key), trying fallback...
2026-03-27 01:38:03.602 [WARN ] Frontend -  Primary geocoder failed (likely missing API key), trying fallback...
2026-03-27 01:38:40.854 [WARN ] Frontend -  Primary geocoder failed (likely missing API key), trying fallback...
2026-03-27 01:41:15.556 [WARN ] Frontend -  Primary geocoder failed (likely missing API key), trying fallback...
2026-03-27 01:42:26.702 [WARN ] Frontend -  Primary geocoder failed (likely missing API key), trying fallback...
2026-03-27 22:32:53.490 [INFO ] Frontend -  Attempting login for user: a@gmail.com'--
2026-03-27 22:32:54.981 [WARN ] Frontend -  This is the second data : {success: false, message: Invalid credentials}
2026-03-27 22:32:54.981 [WARN ] Frontend -  Login failed with status 401
2026-03-27 22:35:01.316 [INFO ] Frontend -  Attempting login for user: a@gmail.com
2026-03-27 22:35:02.136 [INFO ] Frontend -  Login successful. Tokens securely stored.
2026-03-27 22:35:02.137 [WARN ] Frontend -  This is the second data : {success: true, data: {userId: f953b2ac-662a-4f0d-93ca-c4e3ff08f16f, token: eyJhbGciOiJIUzI1NiJ9.eyJzdWIiOiJmOTUzYjJhYy02NjJhLTRmMGQtOTNjYS1jNGUzZmYwOGYxNmYiLCJyb2xlcyI6IlJJREVSIiwiaWF0IjoxNzc0NjMxMTAxLCJleHAiOjE3NzQ2MzIwMDF9.VHbqMheDVK18XhwjssoN2buikPsVy2590SV4uzZh5Ic, refreshToken: 0b465259-31d4-401e-b21c-2a629d41f087, expiresIn: 900}}
2026-03-27 22:35:03.643 [INFO ] Frontend -  User profile successfully loaded for: Amit
2026-03-27 22:35:03.959 [WARN ] Frontend -  Primary geocoder failed (likely missing API key), trying fallback...
2026-03-27 22:36:10.853 [WARN ] Frontend -  Primary geocoder failed (likely missing API key), trying fallback...
2026-03-27 22:36:33.180 [WARN ] Frontend -  Primary geocoder failed (likely missing API key), trying fallback...
2026-03-27 22:54:33.088 [WARN ] Frontend -  Primary geocoder failed (likely missing API key), trying fallback...
2026-03-27 22:56:16.139 [WARN ] Frontend -  Primary geocoder failed (likely missing API key), trying fallback...
2026-03-27 22:56:16.759 [ERROR] Frontend -  Error fetching weather: ClientException: Failed to fetch, uri=https://api.open-meteo.com/v1/forecast?latitude=28.533142700260775&longitude=77.08819712996456&current_weather=true
2026-03-27 22:59:50.115 [INFO ] Frontend -  Attempting login for user: a@gmail.com
2026-03-27 22:59:52.392 [WARN ] Frontend -  This is the second data : {success: true, data: {userId: f953b2ac-662a-4f0d-93ca-c4e3ff08f16f, token: eyJhbGciOiJIUzI1NiJ9.eyJzdWIiOiJmOTUzYjJhYy02NjJhLTRmMGQtOTNjYS1jNGUzZmYwOGYxNmYiLCJyb2xlcyI6IlJJREVSIiwiaWF0IjoxNzc0NjMyNTkxLCJleHAiOjE3NzQ2MzM0OTF9.TT-2032SIO9JREncnFITZcfmZXAnMHRlTqaBreXmOSA, refreshToken: a8829057-ed90-4034-a496-883e2454c27c, expiresIn: 900}}
2026-03-27 22:59:52.392 [INFO ] Frontend -  Login successful. Tokens securely stored.
2026-03-27 22:59:53.376 [INFO ] Frontend -  User profile successfully loaded for: Amit
2026-03-27 22:59:53.758 [WARN ] Frontend -  Primary geocoder failed (likely missing API key), trying fallback...
2026-03-27 23:08:01.236 [WARN ] Frontend -  Primary geocoder failed (likely missing API key), trying fallback...
2026-03-27 23:08:46.088 [WARN ] Frontend -  Primary geocoder failed (likely missing API key), trying fallback...
2026-03-27 23:12:55.892 [WARN ] Frontend -  Primary geocoder failed (likely missing API key), trying fallback...
2026-03-27 23:16:47.707 [INFO ] Frontend -  Attempting login for user: a@gmail.com
2026-03-27 23:16:49.219 [INFO ] Frontend -  Login successful. Tokens securely stored.
2026-03-27 23:16:49.220 [WARN ] Frontend -  This is the second data : {success: true, data: {userId: f953b2ac-662a-4f0d-93ca-c4e3ff08f16f, token: eyJhbGciOiJIUzI1NiJ9.eyJzdWIiOiJmOTUzYjJhYy02NjJhLTRmMGQtOTNjYS1jNGUzZmYwOGYxNmYiLCJyb2xlcyI6IlJJREVSIiwiaWF0IjoxNzc0NjMzNjA4LCJleHAiOjE3NzQ2MzQ1MDh9.K6B1pSmv9gdS2ppZK0zwpUOCykOYt_M6yQt1R7b18jA, refreshToken: 34c79e13-8a69-48ea-8225-0d45989a087d, expiresIn: 900}}
2026-03-27 23:16:50.075 [INFO ] Frontend -  User profile successfully loaded for: Amit
2026-03-27 23:16:50.382 [WARN ] Frontend -  Primary geocoder failed (likely missing API key), trying fallback...
2026-03-27 23:42:51.523 [INFO ] Frontend -  Attempting login for user: a@gmail.com
2026-03-27 23:42:53.119 [INFO ] Frontend -  Login successful. Tokens securely stored.
2026-03-27 23:42:53.120 [WARN ] Frontend -  This is the second data : {success: true, data: {userId: f953b2ac-662a-4f0d-93ca-c4e3ff08f16f, token: eyJhbGciOiJIUzI1NiJ9.eyJzdWIiOiJmOTUzYjJhYy02NjJhLTRmMGQtOTNjYS1jNGUzZmYwOGYxNmYiLCJyb2xlcyI6IlJJREVSIiwiaWF0IjoxNzc0NjM1MTcyLCJleHAiOjE3NzQ2MzYwNzJ9.iUNLPgv4_mdAFlwppZHYTikHJDC_uaML21g9twdTuyY, refreshToken: 48c5e6cd-68bc-473d-9931-f1f17abdc560, expiresIn: 900}}
2026-03-27 23:42:55.436 [INFO ] Frontend -  User profile successfully loaded for: Amit
2026-03-27 23:42:55.850 [WARN ] Frontend -  Primary geocoder failed (likely missing API key), trying fallback...
2026-03-27 23:52:59.406 [WARN ] Frontend -  Primary geocoder failed (likely missing API key), trying fallback...
2026-03-27 23:54:41.372 [INFO ] Frontend -  Attempting login for user: a@gmail.com
2026-03-27 23:54:42.574 [INFO ] Frontend -  Login successful. Tokens securely stored.
2026-03-27 23:54:42.575 [WARN ] Frontend -  This is the second data : {success: true, data: {userId: f953b2ac-662a-4f0d-93ca-c4e3ff08f16f, token: eyJhbGciOiJIUzI1NiJ9.eyJzdWIiOiJmOTUzYjJhYy02NjJhLTRmMGQtOTNjYS1jNGUzZmYwOGYxNmYiLCJyb2xlcyI6IlJJREVSIiwiaWF0IjoxNzc0NjM1ODgxLCJleHAiOjE3NzQ2MzY3ODF9.cOL2Gs-IsuZoAW0BEYcKqiiPf6T9oIExyubRTypcHQc, refreshToken: b9053f22-ae68-4a5b-be7d-1650bf5bac24, expiresIn: 900}}
2026-03-27 23:54:43.511 [INFO ] Frontend -  User profile successfully loaded for: Amit
2026-03-27 23:54:43.827 [WARN ] Frontend -  Primary geocoder failed (likely missing API key), trying fallback...
2026-03-27 23:57:17.987 [WARN ] Frontend -  Primary geocoder failed (likely missing API key), trying fallback...
2026-03-28 00:04:48.734 [WARN ] Frontend -  Primary geocoder failed (likely missing API key), trying fallback...
2026-03-28 00:11:55.134 [INFO ] Frontend -  Attempting login for user: a@gmail.com
2026-03-28 00:11:56.795 [WARN ] Frontend -  This is the second data : {success: true, data: {userId: f953b2ac-662a-4f0d-93ca-c4e3ff08f16f, token: eyJhbGciOiJIUzI1NiJ9.eyJzdWIiOiJmOTUzYjJhYy02NjJhLTRmMGQtOTNjYS1jNGUzZmYwOGYxNmYiLCJyb2xlcyI6IlJJREVSIiwiaWF0IjoxNzc0NjM2OTE1LCJleHAiOjE3NzQ2Mzc4MTV9.8ERncbrvjGMVDti5KszW9c-bsFI3O9HX3c2FmDTieuE, refreshToken: d2021766-a7f3-42bf-b17b-b53ff803279a, expiresIn: 900}}
2026-03-28 00:11:56.794 [INFO ] Frontend -  Login successful. Tokens securely stored.
2026-03-28 00:11:58.848 [INFO ] Frontend -  User profile successfully loaded for: Amit
2026-03-28 00:11:59.284 [WARN ] Frontend -  Primary geocoder failed (likely missing API key), trying fallback...
2026-03-28 00:13:22.032 [WARN ] Frontend -  Primary geocoder failed (likely missing API key), trying fallback...
2026-03-28 00:27:27.300 [WARN ] Frontend -  Primary geocoder failed (likely missing API key), trying fallback...
2026-03-28 00:27:53.545 [INFO ] Frontend -  Attempting login for user: a@gmail.com
2026-03-28 00:27:54.796 [INFO ] Frontend -  Login successful. Tokens securely stored.
2026-03-28 00:27:54.796 [WARN ] Frontend -  This is the second data : {success: true, data: {userId: f953b2ac-662a-4f0d-93ca-c4e3ff08f16f, token: eyJhbGciOiJIUzI1NiJ9.eyJzdWIiOiJmOTUzYjJhYy02NjJhLTRmMGQtOTNjYS1jNGUzZmYwOGYxNmYiLCJyb2xlcyI6IlJJREVSIiwiaWF0IjoxNzc0NjM3ODc0LCJleHAiOjE3NzQ2Mzg3NzR9.nPq2JbGG2F8EyDoqJsqQ40RwcTwtOnjxzSl1yECUEko, refreshToken: b2707010-8e46-4d3d-a10a-81d26c327dfb, expiresIn: 900}}
2026-03-28 00:27:55.590 [INFO ] Frontend -  User profile successfully loaded for: Amit
2026-03-28 00:27:56.600 [WARN ] Frontend -  Primary geocoder failed (likely missing API key), trying fallback...
2026-03-28 00:28:44.589 [WARN ] Frontend -  Primary geocoder failed (likely missing API key), trying fallback...
2026-03-28 00:37:42.235 [WARN ] Frontend -  Primary geocoder failed (likely missing API key), trying fallback...
2026-03-28 00:43:12.262 [WARN ] Frontend -  Primary geocoder failed (likely missing API key), trying fallback...
2026-03-28 00:43:41.245 [INFO ] Frontend -  Attempting login for user: a@gmail.com
2026-03-28 00:43:42.206 [INFO ] Frontend -  Login successful. Tokens securely stored.
2026-03-28 00:43:42.206 [WARN ] Frontend -  This is the second data : {success: true, data: {userId: f953b2ac-662a-4f0d-93ca-c4e3ff08f16f, token: eyJhbGciOiJIUzI1NiJ9.eyJzdWIiOiJmOTUzYjJhYy02NjJhLTRmMGQtOTNjYS1jNGUzZmYwOGYxNmYiLCJyb2xlcyI6IlJJREVSIiwiaWF0IjoxNzc0NjM4ODIyLCJleHAiOjE3NzQ2Mzk3MjJ9.Vot6ZC9ecanvK5H8bKOduu_4JKYoRalI3Q7fr93aL-8, refreshToken: 9565b71b-9f7e-4d7b-83f5-35ed8899b867, expiresIn: 900}}
2026-03-28 00:43:42.817 [INFO ] Frontend -  User profile successfully loaded for: Amit
2026-03-28 00:43:43.202 [WARN ] Frontend -  Primary geocoder failed (likely missing API key), trying fallback...
2026-03-28 00:48:47.504 [INFO ] Frontend -  Attempting login for user: a@gmail.com
2026-03-28 00:48:48.180 [WARN ] Frontend -  This is the second data : {success: true, data: {userId: f953b2ac-662a-4f0d-93ca-c4e3ff08f16f, token: eyJhbGciOiJIUzI1NiJ9.eyJzdWIiOiJmOTUzYjJhYy02NjJhLTRmMGQtOTNjYS1jNGUzZmYwOGYxNmYiLCJyb2xlcyI6IlJJREVSIiwiaWF0IjoxNzc0NjM5MTI3LCJleHAiOjE3NzQ2NDAwMjd9.LJUXjHc_UoIvr0KA2VFYrTgeXAMwsxPgP1riIDAttCo, refreshToken: 59dd8a3a-684e-474e-9f26-3e65cba17387, expiresIn: 900}}
2026-03-28 00:48:48.180 [INFO ] Frontend -  Login successful. Tokens securely stored.
2026-03-28 00:48:48.878 [INFO ] Frontend -  User profile successfully loaded for: Amit
2026-03-28 00:48:49.129 [WARN ] Frontend -  Primary geocoder failed (likely missing API key), trying fallback...
2026-03-28 00:49:38.971 [WARN ] Frontend -  Primary geocoder failed (likely missing API key), trying fallback...
2026-03-28 01:01:42.835 [INFO ] Frontend -  Attempting login for user: a@gmail.com
2026-03-28 01:01:44.412 [WARN ] Frontend -  This is the second data : {success: true, data: {userId: f953b2ac-662a-4f0d-93ca-c4e3ff08f16f, token: eyJhbGciOiJIUzI1NiJ9.eyJzdWIiOiJmOTUzYjJhYy02NjJhLTRmMGQtOTNjYS1jNGUzZmYwOGYxNmYiLCJyb2xlcyI6IlJJREVSIiwiaWF0IjoxNzc0NjM5OTAzLCJleHAiOjE3NzQ2NDA4MDN9.S_STy62S1mA5Xz97Qw48QKSIaiPNIyMf5tB0NS6_tMc, refreshToken: 75a0efc5-f0fc-42d0-8037-617c73655642, expiresIn: 900}}
2026-03-28 01:01:44.412 [INFO ] Frontend -  Login successful. Tokens securely stored.
2026-03-28 01:01:46.775 [INFO ] Frontend -  User profile successfully loaded for: Amit
2026-03-28 01:01:47.270 [WARN ] Frontend -  Primary geocoder failed (likely missing API key), trying fallback...
2026-03-28 12:44:10.407 [INFO ] Frontend -  Attempting login for user: asr@gmail.com
2026-03-28 12:44:11.395 [INFO ] Frontend -  Login successful. Tokens securely stored.
2026-03-28 12:44:11.396 [WARN ] Frontend -  This is the second data : {success: true, data: {userId: 01426bdb-ec8c-4fb9-b4d2-5c8abb551b63, token: eyJhbGciOiJIUzI1NiJ9.eyJzdWIiOiIwMTQyNmJkYi1lYzhjLTRmYjktYjRkMi01YzhhYmI1NTFiNjMiLCJyb2xlcyI6IlJJREVSIiwiaWF0IjoxNzc0NjgyMDUwLCJleHAiOjE3NzQ2ODI5NTB9.yiNHLcYEdzvHhWBmblZlljcNmBoYMblgjaABpMkLbVc, refreshToken: 4fe15ad2-7ddb-4dae-b660-6f83c5699334, expiresIn: 900}}
2026-03-28 12:44:14.152 [INFO ] Frontend -  User profile successfully loaded for: amit
2026-03-28 12:44:14.572 [WARN ] Frontend -  Primary geocoder failed (likely missing API key), trying fallback...
2026-03-28 12:45:18.852 [INFO ] Frontend -  User profile successfully loaded for: abhay
2026-03-28 12:45:20.744 [WARN ] Frontend -  Primary geocoder failed (likely missing API key), trying fallback...
2026-03-28 12:45:25.893 [INFO ] Frontend -  [FRIEND_SCREEN] action=load_data_start
2026-03-28 12:45:26.694 [INFO ] Frontend -  User profile successfully loaded for: abhay
2026-03-28 12:45:26.722 [INFO ] Frontend -  [FRIEND_SCREEN] action=load_data_identity userId=b5e542f0-e896-4718-a3be-5c29f6732b59
2026-03-28 12:45:26.888 [INFO ] Frontend -  [FRIEND_API] action=get_friends_start userId=b5e542f0-e896-4718-a3be-5c29f6732b59 traceId=friend-get-friends-1774682126731000
2026-03-28 12:45:26.888 [INFO ] Frontend -  [FRIEND_API] action=get_pending_start traceId=friend-get-pending-1774682126736000
2026-03-28 12:45:26.891 [INFO ] Frontend -  [FRIEND_API] action=get_recommendations_start userId=b5e542f0-e896-4718-a3be-5c29f6732b59 traceId=friend-get-recommendations-1774682126740000
2026-03-28 12:45:27.882 [INFO ] Frontend -  [FRIEND_API] action=get_pending_success count=0 traceId=friend-get-pending-1774682126736000
2026-03-28 12:45:27.889 [INFO ] Frontend -  [FRIEND_API] action=get_friends_success userId=b5e542f0-e896-4718-a3be-5c29f6732b59 count=0 traceId=friend-get-friends-1774682126731000
2026-03-28 12:45:32.973 [INFO ] Frontend -  [FRIEND_API] action=get_recommendations_success userId=b5e542f0-e896-4718-a3be-5c29f6732b59 count=1 traceId=friend-get-recommendations-1774682126740000
2026-03-28 12:45:33.014 [INFO ] Frontend -  [FRIEND_SCREEN] action=load_data_success friends=0 pending=0 suggested=1
2026-03-28 12:45:33.572 [INFO ] Frontend -  [FRIEND_SCREEN] action=socket_connected userId=b5e542f0-e896-4718-a3be-5c29f6732b59
2026-03-28 12:46:24.774 [INFO ] Frontend -  User profile successfully loaded for: rohan
2026-03-28 12:46:26.129 [WARN ] Frontend -  Primary geocoder failed (likely missing API key), trying fallback...
2026-03-28 12:46:28.213 [INFO ] Frontend -  [FRIEND_SCREEN] action=load_data_start
2026-03-28 12:46:29.165 [INFO ] Frontend -  User profile successfully loaded for: rohan
2026-03-28 12:46:29.223 [INFO ] Frontend -  [FRIEND_SCREEN] action=load_data_identity userId=94e515fe-7eff-4f60-bf73-5aa36a220ba1
2026-03-28 12:46:29.319 [INFO ] Frontend -  [FRIEND_API] action=get_friends_start userId=94e515fe-7eff-4f60-bf73-5aa36a220ba1 traceId=friend-get-friends-1774682189232000
2026-03-28 12:46:29.319 [INFO ] Frontend -  [FRIEND_API] action=get_recommendations_start userId=94e515fe-7eff-4f60-bf73-5aa36a220ba1 traceId=friend-get-recommendations-1774682189245000
2026-03-28 12:46:29.319 [INFO ] Frontend -  [FRIEND_API] action=get_pending_start traceId=friend-get-pending-1774682189241000
2026-03-28 12:46:29.964 [INFO ] Frontend -  [FRIEND_API] action=get_pending_success count=0 traceId=friend-get-pending-1774682189241000
2026-03-28 12:46:29.964 [INFO ] Frontend -  [FRIEND_API] action=get_friends_success userId=94e515fe-7eff-4f60-bf73-5aa36a220ba1 count=0 traceId=friend-get-friends-1774682189232000
2026-03-28 12:46:31.978 [INFO ] Frontend -  [FRIEND_API] action=get_recommendations_success userId=94e515fe-7eff-4f60-bf73-5aa36a220ba1 count=2 traceId=friend-get-recommendations-1774682189245000
2026-03-28 12:46:32.071 [INFO ] Frontend -  [FRIEND_SCREEN] action=load_data_success friends=0 pending=0 suggested=2
2026-03-28 12:46:32.405 [INFO ] Frontend -  [FRIEND_SCREEN] action=socket_connected userId=94e515fe-7eff-4f60-bf73-5aa36a220ba1
2026-03-28 12:46:40.954 [INFO ] Frontend -  [FRIEND_SCREEN] action=tap_send_request target=01426bdb-ec8c-4fb9-b4d2-5c8abb551b63
2026-03-28 12:46:41.036 [INFO ] Frontend -  [FRIEND_API] action=send_request_start target=01426bdb-ec8c-4fb9-b4d2-5c8abb551b63 traceId=friend-send-request-1774682201017000
2026-03-28 12:46:41.668 [INFO ] Frontend -  [FRIEND_SCREEN] action=socket_refresh userId=94e515fe-7eff-4f60-bf73-5aa36a220ba1
2026-03-28 12:46:41.668 [INFO ] Frontend -  [FRIEND_SCREEN] action=load_data_start
2026-03-28 12:46:41.677 [INFO ] Frontend -  [FRIEND_API] action=send_request_success target=01426bdb-ec8c-4fb9-b4d2-5c8abb551b63 traceId=friend-send-request-1774682201017000
2026-03-28 12:46:41.974 [INFO ] Frontend -  [FRIEND_SCREEN] action=load_data_start
2026-03-28 12:46:43.316 [INFO ] Frontend -  User profile successfully loaded for: rohan
2026-03-28 12:46:43.378 [INFO ] Frontend -  [FRIEND_SCREEN] action=load_data_identity userId=94e515fe-7eff-4f60-bf73-5aa36a220ba1
2026-03-28 12:46:43.464 [INFO ] Frontend -  [FRIEND_API] action=get_pending_start traceId=friend-get-pending-1774682203396000
2026-03-28 12:46:43.464 [INFO ] Frontend -  [FRIEND_API] action=get_friends_start userId=94e515fe-7eff-4f60-bf73-5aa36a220ba1 traceId=friend-get-friends-1774682203389000
2026-03-28 12:46:43.486 [INFO ] Frontend -  [FRIEND_API] action=get_recommendations_start userId=94e515fe-7eff-4f60-bf73-5aa36a220ba1 traceId=friend-get-recommendations-1774682203401000
2026-03-28 12:46:43.836 [INFO ] Frontend -  [FRIEND_API] action=get_pending_success count=0 traceId=friend-get-pending-1774682203396000
2026-03-28 12:46:43.836 [INFO ] Frontend -  User profile successfully loaded for: rohan
2026-03-28 12:46:43.859 [INFO ] Frontend -  [FRIEND_SCREEN] action=load_data_identity userId=94e515fe-7eff-4f60-bf73-5aa36a220ba1
2026-03-28 12:46:43.915 [INFO ] Frontend -  [FRIEND_API] action=get_friends_start userId=94e515fe-7eff-4f60-bf73-5aa36a220ba1 traceId=friend-get-friends-1774682203874000
2026-03-28 12:46:43.916 [INFO ] Frontend -  [FRIEND_API] action=get_pending_start traceId=friend-get-pending-1774682203880000
2026-03-28 12:46:43.958 [INFO ] Frontend -  [FRIEND_API] action=get_recommendations_start userId=94e515fe-7eff-4f60-bf73-5aa36a220ba1 traceId=friend-get-recommendations-1774682203887000
2026-03-28 12:46:43.971 [INFO ] Frontend -  [FRIEND_API] action=get_friends_success userId=94e515fe-7eff-4f60-bf73-5aa36a220ba1 count=0 traceId=friend-get-friends-1774682203389000
2026-03-28 12:46:44.053 [INFO ] Frontend -  [FRIEND_API] action=get_friends_success userId=94e515fe-7eff-4f60-bf73-5aa36a220ba1 count=0 traceId=friend-get-friends-1774682203874000
2026-03-28 12:46:44.054 [INFO ] Frontend -  [FRIEND_API] action=get_pending_success count=0 traceId=friend-get-pending-1774682203880000
2026-03-28 12:46:44.513 [INFO ] Frontend -  [FRIEND_API] action=get_recommendations_success userId=94e515fe-7eff-4f60-bf73-5aa36a220ba1 count=2 traceId=friend-get-recommendations-1774682203401000
2026-03-28 12:46:44.555 [INFO ] Frontend -  [FRIEND_SCREEN] action=load_data_success friends=0 pending=0 suggested=2
2026-03-28 12:46:44.783 [INFO ] Frontend -  [FRIEND_API] action=get_recommendations_success userId=94e515fe-7eff-4f60-bf73-5aa36a220ba1 count=2 traceId=friend-get-recommendations-1774682203887000
2026-03-28 12:46:44.801 [INFO ] Frontend -  [FRIEND_SCREEN] action=load_data_success friends=0 pending=0 suggested=2
2026-03-28 12:46:45.816 [INFO ] Frontend -  [FRIEND_SCREEN] action=tap_send_request target=01426bdb-ec8c-4fb9-b4d2-5c8abb551b63
2026-03-28 12:46:45.969 [INFO ] Frontend -  [FRIEND_API] action=send_request_start target=01426bdb-ec8c-4fb9-b4d2-5c8abb551b63 traceId=friend-send-request-1774682205856000
2026-03-28 12:46:46.272 [WARN ] Frontend -  [FRIEND_API] action=send_request_failed target=01426bdb-ec8c-4fb9-b4d2-5c8abb551b63 status=400 traceId=friend-send-request-1774682205856000
2026-03-28 12:47:11.819 [INFO ] Frontend -  [FRIEND_SCREEN] action=load_data_start
2026-03-28 12:47:12.791 [INFO ] Frontend -  User profile successfully loaded for: rohan
2026-03-28 12:47:12.851 [INFO ] Frontend -  [FRIEND_SCREEN] action=load_data_identity userId=94e515fe-7eff-4f60-bf73-5aa36a220ba1
2026-03-28 12:47:12.925 [INFO ] Frontend -  [FRIEND_API] action=get_recommendations_start userId=94e515fe-7eff-4f60-bf73-5aa36a220ba1 traceId=friend-get-recommendations-1774682232889000
2026-03-28 12:47:12.946 [INFO ] Frontend -  [FRIEND_API] action=get_pending_start traceId=friend-get-pending-1774682232883000
2026-03-28 12:47:12.953 [INFO ] Frontend -  [FRIEND_API] action=get_friends_start userId=94e515fe-7eff-4f60-bf73-5aa36a220ba1 traceId=friend-get-friends-1774682232875000
2026-03-28 12:47:13.848 [INFO ] Frontend -  [FRIEND_API] action=get_friends_success userId=94e515fe-7eff-4f60-bf73-5aa36a220ba1 count=0 traceId=friend-get-friends-1774682232875000
2026-03-28 12:47:13.847 [INFO ] Frontend -  [FRIEND_API] action=get_pending_success count=0 traceId=friend-get-pending-1774682232883000
2026-03-28 12:47:15.052 [INFO ] Frontend -  [FRIEND_API] action=get_recommendations_success userId=94e515fe-7eff-4f60-bf73-5aa36a220ba1 count=2 traceId=friend-get-recommendations-1774682232889000
2026-03-28 12:47:15.079 [INFO ] Frontend -  [FRIEND_SCREEN] action=load_data_success friends=0 pending=0 suggested=2
2026-03-28 12:47:15.165 [INFO ] Frontend -  [FRIEND_SCREEN] action=socket_connected userId=94e515fe-7eff-4f60-bf73-5aa36a220ba1
2026-03-28 12:47:28.842 [INFO ] Frontend -  [FRIEND_SCREEN] action=socket_disconnected userId=94e515fe-7eff-4f60-bf73-5aa36a220ba1
2026-03-28 12:47:28.967 [WARN ] Frontend -  Primary geocoder failed (likely missing API key), trying fallback...
2026-03-28 12:47:53.993 [INFO ] Frontend -  Attempting login for user: asr@gmail.com
2026-03-28 12:47:55.137 [INFO ] Frontend -  Login successful. Tokens securely stored.
2026-03-28 12:47:55.138 [WARN ] Frontend -  This is the second data : {success: true, data: {userId: 01426bdb-ec8c-4fb9-b4d2-5c8abb551b63, token: eyJhbGciOiJIUzI1NiJ9.eyJzdWIiOiIwMTQyNmJkYi1lYzhjLTRmYjktYjRkMi01YzhhYmI1NTFiNjMiLCJyb2xlcyI6IlJJREVSIiwiaWF0IjoxNzc0NjgyMjc0LCJleHAiOjE3NzQ2ODMxNzR9.sHxHhTl3OOC5BmFO1Ub6O5fEp4WPGAaqjFNMX8YzqhM, refreshToken: 25a5fbc7-f45d-4efd-bc48-60b0d3a4f607, expiresIn: 900}}
2026-03-28 12:47:55.834 [INFO ] Frontend -  User profile successfully loaded for: amit
2026-03-28 12:47:56.267 [WARN ] Frontend -  Primary geocoder failed (likely missing API key), trying fallback...
2026-03-28 12:48:54.111 [INFO ] Frontend -  Attempting login for user: rs@gmail.com
2026-03-28 12:48:56.051 [INFO ] Frontend -  Login successful. Tokens securely stored.
2026-03-28 12:48:56.066 [WARN ] Frontend -  This is the second data : {success: true, data: {userId: 94e515fe-7eff-4f60-bf73-5aa36a220ba1, token: eyJhbGciOiJIUzI1NiJ9.eyJzdWIiOiI5NGU1MTVmZS03ZWZmLTRmNjAtYmY3My01YWEzNmEyMjBiYTEiLCJyb2xlcyI6IlJJREVSIiwiaWF0IjoxNzc0NjgyMzM1LCJleHAiOjE3NzQ2ODMyMzV9.xIOPpio9kX-IYkHAExTBG1ErWiJjmz09iMCH5ppRusk, refreshToken: 324b068d-d965-4a89-b65f-6a9a08490f7c, expiresIn: 900}}
2026-03-28 12:49:02.312 [INFO ] Frontend -  User profile successfully loaded for: rohan
2026-03-28 12:49:16.442 [WARN ] Frontend -  Primary geocoder failed (likely missing API key), trying fallback...
2026-03-28 13:03:57.729 [INFO ] Frontend -  [FRIEND_SCREEN] action=load_data_start
2026-03-28 13:04:02.025 [INFO ] Frontend -  Initiating token refresh flow over ApiService due to 401 Unauthorized
2026-03-28 13:04:02.025 [INFO ] Frontend -  Attempting to refresh access token...
2026-03-28 13:04:06.950 [INFO ] Frontend -  Successfully received new tokens. Storing to secure storage.
2026-03-28 13:04:06.950 [INFO ] Frontend -  Token refreshed globally, retrying the failed 401 request
2026-03-28 13:04:09.261 [INFO ] Frontend -  User profile successfully loaded for: rohan
2026-03-28 13:04:11.196 [INFO ] Frontend -  [FRIEND_SCREEN] action=load_data_identity userId=94e515fe-7eff-4f60-bf73-5aa36a220ba1
2026-03-28 13:04:13.395 [INFO ] Frontend -  [FRIEND_API] action=get_pending_start traceId=friend-get-pending-1774683253176000
2026-03-28 13:04:13.395 [INFO ] Frontend -  [FRIEND_API] action=get_recommendations_start userId=94e515fe-7eff-4f60-bf73-5aa36a220ba1 traceId=friend-get-recommendations-1774683253192000
2026-03-28 13:04:13.417 [INFO ] Frontend -  [FRIEND_API] action=get_friends_start userId=94e515fe-7eff-4f60-bf73-5aa36a220ba1 traceId=friend-get-friends-1774683253109000
2026-03-28 13:04:14.286 [INFO ] Frontend -  [FRIEND_SCREEN] action=load_data_start
2026-03-28 13:04:14.530 [INFO ] Frontend -  Attempting to refresh access token...
2026-03-28 13:04:14.530 [INFO ] Frontend -  Initiating token refresh flow over ApiService due to 401 Unauthorized
2026-03-28 13:04:14.882 [INFO ] Frontend -  Successfully received new tokens. Storing to secure storage.
2026-03-28 13:04:14.888 [INFO ] Frontend -  Token refreshed globally, retrying the failed 401 request
2026-03-28 13:04:15.252 [INFO ] Frontend -  User profile successfully loaded for: amit
2026-03-28 13:04:15.276 [INFO ] Frontend -  [FRIEND_SCREEN] action=load_data_identity userId=01426bdb-ec8c-4fb9-b4d2-5c8abb551b63
2026-03-28 13:04:15.328 [INFO ] Frontend -  [FRIEND_API] action=get_friends_start userId=01426bdb-ec8c-4fb9-b4d2-5c8abb551b63 traceId=friend-get-friends-1774683255291000
2026-03-28 13:04:15.329 [INFO ] Frontend -  [FRIEND_API] action=get_recommendations_start userId=01426bdb-ec8c-4fb9-b4d2-5c8abb551b63 traceId=friend-get-recommendations-1774683255308000
2026-03-28 13:04:15.328 [INFO ] Frontend -  [FRIEND_API] action=get_pending_start traceId=friend-get-pending-1774683255304000
2026-03-28 13:04:15.637 [INFO ] Frontend -  [FRIEND_API] action=get_friends_success userId=01426bdb-ec8c-4fb9-b4d2-5c8abb551b63 count=0 traceId=friend-get-friends-1774683255291000
2026-03-28 13:04:19.017 [INFO ] Frontend -  [FRIEND_API] action=get_friends_success userId=94e515fe-7eff-4f60-bf73-5aa36a220ba1 count=0 traceId=friend-get-friends-1774683253109000
2026-03-28 13:04:19.017 [INFO ] Frontend -  [FRIEND_API] action=get_pending_success count=0 traceId=friend-get-pending-1774683253176000
2026-03-28 13:04:19.763 [INFO ] Frontend -  [FRIEND_API] action=get_recommendations_success userId=01426bdb-ec8c-4fb9-b4d2-5c8abb551b63 count=1 traceId=friend-get-recommendations-1774683255308000
2026-03-28 13:04:19.763 [INFO ] Frontend -  [FRIEND_API] action=get_recommendations_success userId=94e515fe-7eff-4f60-bf73-5aa36a220ba1 count=2 traceId=friend-get-recommendations-1774683253192000
2026-03-28 13:04:22.161 [INFO ] Frontend -  [FRIEND_SCREEN] action=load_data_success friends=0 pending=0 suggested=2
2026-03-28 13:04:27.316 [INFO ] Frontend -  [FRIEND_SCREEN] action=socket_connected userId=94e515fe-7eff-4f60-bf73-5aa36a220ba1
2026-03-28 13:04:28.597 [INFO ] Frontend -  [FRIEND_API] action=get_pending_success count=1 traceId=friend-get-pending-1774683255304000
2026-03-28 13:04:28.644 [INFO ] Frontend -  [FRIEND_SCREEN] action=load_data_success friends=0 pending=1 suggested=1
2026-03-28 13:04:30.291 [INFO ] Frontend -  [FRIEND_SCREEN] action=socket_connected userId=01426bdb-ec8c-4fb9-b4d2-5c8abb551b63
2026-03-28 13:05:47.159 [INFO ] Frontend -  [FRIEND_SCREEN] action=tap_accept_request requestId=1
2026-03-28 13:05:47.204 [INFO ] Frontend -  [FRIEND_API] action=accept_request_start requestId=1 traceId=friend-accept-request-1774683347176000
2026-03-28 13:05:50.657 [INFO ] Frontend -  [FRIEND_SCREEN] action=socket_refresh userId=01426bdb-ec8c-4fb9-b4d2-5c8abb551b63
2026-03-28 13:05:50.658 [INFO ] Frontend -  [FRIEND_SCREEN] action=load_data_start
2026-03-28 13:05:50.950 [INFO ] Frontend -  [FRIEND_API] action=accept_request_success requestId=1 traceId=friend-accept-request-1774683347176000
2026-03-28 13:05:51.323 [INFO ] Frontend -  [FRIEND_SCREEN] action=load_data_start
2026-03-28 13:05:51.578 [INFO ] Frontend -  [FRIEND_SCREEN] action=load_data_start
2026-03-28 13:05:51.579 [INFO ] Frontend -  [FRIEND_SCREEN] action=socket_refresh userId=94e515fe-7eff-4f60-bf73-5aa36a220ba1
2026-03-28 13:05:51.743 [INFO ] Frontend -  User profile successfully loaded for: amit
2026-03-28 13:05:51.815 [INFO ] Frontend -  [FRIEND_SCREEN] action=load_data_identity userId=01426bdb-ec8c-4fb9-b4d2-5c8abb551b63
2026-03-28 13:05:51.912 [INFO ] Frontend -  [FRIEND_API] action=get_recommendations_start userId=01426bdb-ec8c-4fb9-b4d2-5c8abb551b63 traceId=friend-get-recommendations-1774683351850000
2026-03-28 13:05:51.913 [INFO ] Frontend -  [FRIEND_API] action=get_friends_start userId=01426bdb-ec8c-4fb9-b4d2-5c8abb551b63 traceId=friend-get-friends-1774683351841000
2026-03-28 13:05:52.034 [INFO ] Frontend -  [FRIEND_API] action=get_pending_start traceId=friend-get-pending-1774683351845000
2026-03-28 13:05:52.395 [INFO ] Frontend -  User profile successfully loaded for: amit
2026-03-28 13:05:52.463 [INFO ] Frontend -  [FRIEND_SCREEN] action=load_data_identity userId=01426bdb-ec8c-4fb9-b4d2-5c8abb551b63
2026-03-28 13:05:52.495 [INFO ] Frontend -  [FRIEND_API] action=get_pending_success count=0 traceId=friend-get-pending-1774683351845000
2026-03-28 13:05:52.571 [INFO ] Frontend -  [FRIEND_API] action=get_pending_start traceId=friend-get-pending-1774683352495000
2026-03-28 13:05:52.573 [INFO ] Frontend -  [FRIEND_API] action=get_friends_start userId=01426bdb-ec8c-4fb9-b4d2-5c8abb551b63 traceId=friend-get-friends-1774683352485000
2026-03-28 13:05:52.580 [INFO ] Frontend -  [FRIEND_API] action=get_recommendations_start userId=01426bdb-ec8c-4fb9-b4d2-5c8abb551b63 traceId=friend-get-recommendations-1774683352498000
2026-03-28 13:05:53.058 [INFO ] Frontend -  [FRIEND_API] action=get_pending_success count=0 traceId=friend-get-pending-1774683352495000
2026-03-28 13:05:53.409 [INFO ] Frontend -  [FRIEND_API] action=get_friends_success userId=01426bdb-ec8c-4fb9-b4d2-5c8abb551b63 count=1 traceId=friend-get-friends-1774683351841000
2026-03-28 13:05:53.585 [INFO ] Frontend -  [FRIEND_API] action=get_recommendations_success userId=01426bdb-ec8c-4fb9-b4d2-5c8abb551b63 count=1 traceId=friend-get-recommendations-1774683351850000
2026-03-28 13:05:53.706 [INFO ] Frontend -  [FRIEND_SCREEN] action=load_data_success friends=1 pending=0 suggested=1
2026-03-28 13:05:54.207 [INFO ] Frontend -  [FRIEND_API] action=get_friends_success userId=01426bdb-ec8c-4fb9-b4d2-5c8abb551b63 count=1 traceId=friend-get-friends-1774683352485000
2026-03-28 13:05:54.248 [INFO ] Frontend -  [FRIEND_API] action=get_recommendations_success userId=01426bdb-ec8c-4fb9-b4d2-5c8abb551b63 count=1 traceId=friend-get-recommendations-1774683352498000
2026-03-28 13:05:54.269 [INFO ] Frontend -  [FRIEND_SCREEN] action=load_data_success friends=1 pending=0 suggested=1
2026-03-28 13:05:56.074 [INFO ] Frontend -  User profile successfully loaded for: rohan
2026-03-28 13:05:58.500 [INFO ] Frontend -  [FRIEND_SCREEN] action=load_data_identity userId=94e515fe-7eff-4f60-bf73-5aa36a220ba1
2026-03-28 13:06:00.734 [INFO ] Frontend -  [FRIEND_API] action=get_friends_start userId=94e515fe-7eff-4f60-bf73-5aa36a220ba1 traceId=friend-get-friends-1774683360626000
2026-03-28 13:06:00.758 [INFO ] Frontend -  [FRIEND_API] action=get_pending_start traceId=friend-get-pending-1774683360679000
2026-03-28 13:06:00.788 [INFO ] Frontend -  [FRIEND_API] action=get_recommendations_start userId=94e515fe-7eff-4f60-bf73-5aa36a220ba1 traceId=friend-get-recommendations-1774683360688000
2026-03-28 13:06:04.884 [INFO ] Frontend -  [FRIEND_API] action=get_pending_success count=0 traceId=friend-get-pending-1774683360679000
2026-03-28 13:06:04.896 [INFO ] Frontend -  [FRIEND_API] action=get_friends_success userId=94e515fe-7eff-4f60-bf73-5aa36a220ba1 count=1 traceId=friend-get-friends-1774683360626000
2026-03-28 13:06:04.928 [INFO ] Frontend -  [FRIEND_API] action=get_recommendations_success userId=94e515fe-7eff-4f60-bf73-5aa36a220ba1 count=1 traceId=friend-get-recommendations-1774683360688000
2026-03-28 13:06:06.978 [INFO ] Frontend -  [FRIEND_SCREEN] action=load_data_success friends=1 pending=0 suggested=1
2026-03-28 13:06:17.055 [INFO ] Frontend -  [PUBLIC_PROFILE] action=fetch_friend_count target=94e515fe-7eff-4f60-bf73-5aa36a220ba1
2026-03-28 13:06:17.055 [INFO ] Frontend -  [PUBLIC_PROFILE] action=fetch_relationship target=94e515fe-7eff-4f60-bf73-5aa36a220ba1
2026-03-28 13:06:17.055 [INFO ] Frontend -  [PUBLIC_PROFILE] action=fetch_mutual_count target=94e515fe-7eff-4f60-bf73-5aa36a220ba1
2026-03-28 13:06:17.140 [INFO ] Frontend -  [FRIEND_API] action=get_friends_start userId=94e515fe-7eff-4f60-bf73-5aa36a220ba1 traceId=friend-get-friends-1774683377067000
2026-03-28 13:06:17.145 [INFO ] Frontend -  [FRIEND_API] action=get_relationship_start target=94e515fe-7eff-4f60-bf73-5aa36a220ba1 traceId=friend-get-relationship-1774683377083000
2026-03-28 13:06:17.139 [INFO ] Frontend -  [FRIEND_API] action=get_mutual_count_start target=94e515fe-7eff-4f60-bf73-5aa36a220ba1 traceId=friend-get-mutual-count-1774683377075000
2026-03-28 13:06:17.929 [INFO ] Frontend -  [FRIEND_API] action=get_relationship_success target=94e515fe-7eff-4f60-bf73-5aa36a220ba1 statusValue=friends traceId=friend-get-relationship-1774683377083000
2026-03-28 13:06:18.050 [INFO ] Frontend -  [FRIEND_API] action=get_mutual_count_success target=94e515fe-7eff-4f60-bf73-5aa36a220ba1 count=0 traceId=friend-get-mutual-count-1774683377075000
2026-03-28 13:06:18.062 [INFO ] Frontend -  [FRIEND_API] action=get_friends_success userId=94e515fe-7eff-4f60-bf73-5aa36a220ba1 count=1 traceId=friend-get-friends-1774683377067000
2026-03-28 13:06:29.706 [INFO ] Frontend -  [PUBLIC_PROFILE] action=fetch_friend_count target=01426bdb-ec8c-4fb9-b4d2-5c8abb551b63
2026-03-28 13:06:29.706 [INFO ] Frontend -  [PUBLIC_PROFILE] action=fetch_mutual_count target=01426bdb-ec8c-4fb9-b4d2-5c8abb551b63
2026-03-28 13:06:29.706 [INFO ] Frontend -  [PUBLIC_PROFILE] action=fetch_relationship target=01426bdb-ec8c-4fb9-b4d2-5c8abb551b63
2026-03-28 13:06:31.720 [INFO ] Frontend -  [FRIEND_API] action=get_friends_start userId=01426bdb-ec8c-4fb9-b4d2-5c8abb551b63 traceId=friend-get-friends-1774683391634000
2026-03-28 13:06:31.720 [INFO ] Frontend -  [FRIEND_API] action=get_mutual_count_start target=01426bdb-ec8c-4fb9-b4d2-5c8abb551b63 traceId=friend-get-mutual-count-1774683391604000
2026-03-28 13:06:31.738 [INFO ] Frontend -  [FRIEND_API] action=get_relationship_start target=01426bdb-ec8c-4fb9-b4d2-5c8abb551b63 traceId=friend-get-relationship-1774683391662000
2026-03-28 13:06:35.804 [INFO ] Frontend -  [FRIEND_API] action=get_friends_success userId=01426bdb-ec8c-4fb9-b4d2-5c8abb551b63 count=1 traceId=friend-get-friends-1774683391634000
2026-03-28 13:06:35.804 [INFO ] Frontend -  [FRIEND_API] action=get_mutual_count_success target=01426bdb-ec8c-4fb9-b4d2-5c8abb551b63 count=0 traceId=friend-get-mutual-count-1774683391604000
2026-03-28 13:06:35.866 [INFO ] Frontend -  [FRIEND_API] action=get_relationship_success target=01426bdb-ec8c-4fb9-b4d2-5c8abb551b63 statusValue=friends traceId=friend-get-relationship-1774683391662000
2026-03-28 13:09:02.377 [INFO ] Frontend -  [FRIEND_SCREEN] action=socket_disconnected userId=01426bdb-ec8c-4fb9-b4d2-5c8abb551b63
2026-03-28 13:09:13.916 [INFO ] Frontend -  [FRIEND_SCREEN] action=load_data_start
2026-03-28 13:09:14.278 [INFO ] Frontend -  User profile successfully loaded for: amit
2026-03-28 13:09:14.304 [INFO ] Frontend -  [FRIEND_SCREEN] action=load_data_identity userId=01426bdb-ec8c-4fb9-b4d2-5c8abb551b63
2026-03-28 13:09:14.338 [INFO ] Frontend -  [FRIEND_API] action=get_friends_start userId=01426bdb-ec8c-4fb9-b4d2-5c8abb551b63 traceId=friend-get-friends-1774683554315000
2026-03-28 13:09:14.343 [INFO ] Frontend -  [FRIEND_API] action=get_pending_start traceId=friend-get-pending-1774683554321000
2026-03-28 13:09:14.343 [INFO ] Frontend -  [FRIEND_API] action=get_recommendations_start userId=01426bdb-ec8c-4fb9-b4d2-5c8abb551b63 traceId=friend-get-recommendations-1774683554325000
2026-03-28 13:09:14.485 [INFO ] Frontend -  [FRIEND_API] action=get_pending_success count=0 traceId=friend-get-pending-1774683554321000
2026-03-28 13:09:15.094 [INFO ] Frontend -  [FRIEND_API] action=get_friends_success userId=01426bdb-ec8c-4fb9-b4d2-5c8abb551b63 count=1 traceId=friend-get-friends-1774683554315000
2026-03-28 13:09:15.094 [INFO ] Frontend -  [FRIEND_API] action=get_recommendations_success userId=01426bdb-ec8c-4fb9-b4d2-5c8abb551b63 count=1 traceId=friend-get-recommendations-1774683554325000
2026-03-28 13:09:15.221 [INFO ] Frontend -  [FRIEND_SCREEN] action=load_data_success friends=1 pending=0 suggested=1
2026-03-28 13:09:15.342 [INFO ] Frontend -  [FRIEND_SCREEN] action=socket_connected userId=01426bdb-ec8c-4fb9-b4d2-5c8abb551b63
2026-03-28 13:09:20.988 [INFO ] Frontend -  [PUBLIC_PROFILE] action=fetch_mutual_count target=b5e542f0-e896-4718-a3be-5c29f6732b59
2026-03-28 13:09:20.988 [INFO ] Frontend -  [PUBLIC_PROFILE] action=fetch_friend_count target=b5e542f0-e896-4718-a3be-5c29f6732b59
2026-03-28 13:09:20.988 [INFO ] Frontend -  [PUBLIC_PROFILE] action=fetch_relationship target=b5e542f0-e896-4718-a3be-5c29f6732b59
2026-03-28 13:09:21.035 [INFO ] Frontend -  [FRIEND_API] action=get_relationship_start target=b5e542f0-e896-4718-a3be-5c29f6732b59 traceId=friend-get-relationship-1774683561018000
2026-03-28 13:09:21.038 [INFO ] Frontend -  [FRIEND_API] action=get_mutual_count_start target=b5e542f0-e896-4718-a3be-5c29f6732b59 traceId=friend-get-mutual-count-1774683561023000
2026-03-28 13:09:21.042 [INFO ] Frontend -  [FRIEND_API] action=get_friends_start userId=b5e542f0-e896-4718-a3be-5c29f6732b59 traceId=friend-get-friends-1774683561029000
2026-03-28 13:09:21.334 [INFO ] Frontend -  [FRIEND_API] action=get_friends_success userId=b5e542f0-e896-4718-a3be-5c29f6732b59 count=0 traceId=friend-get-friends-1774683561029000
2026-03-28 13:09:21.483 [INFO ] Frontend -  [FRIEND_API] action=get_mutual_count_success target=b5e542f0-e896-4718-a3be-5c29f6732b59 count=0 traceId=friend-get-mutual-count-1774683561023000
2026-03-28 13:09:21.625 [INFO ] Frontend -  [FRIEND_API] action=get_relationship_success target=b5e542f0-e896-4718-a3be-5c29f6732b59 statusValue=none traceId=friend-get-relationship-1774683561018000
2026-03-28 13:14:27.453 [INFO ] Frontend -  [FRIEND_SCREEN] action=socket_connected userId=94e515fe-7eff-4f60-bf73-5aa36a220ba1
2026-03-28 13:14:43.013 [INFO ] Frontend -  Attempting login for user: asr@gmail.com
2026-03-28 13:14:49.477 [WARN ] Frontend -  Login failed with status 401
2026-03-28 13:14:49.477 [WARN ] Frontend -  This is the second data : {success: false, message: Invalid credentials}
2026-03-28 13:14:57.224 [INFO ] Frontend -  Attempting login for user: asr@gmail.com
2026-03-28 13:14:59.770 [INFO ] Frontend -  Login successful. Tokens securely stored.
2026-03-28 13:14:59.771 [WARN ] Frontend -  This is the second data : {success: true, data: {userId: 01426bdb-ec8c-4fb9-b4d2-5c8abb551b63, token: eyJhbGciOiJIUzI1NiJ9.eyJzdWIiOiIwMTQyNmJkYi1lYzhjLTRmYjktYjRkMi01YzhhYmI1NTFiNjMiLCJyb2xlcyI6IlJJREVSIiwiaWF0IjoxNzc0NjgzODk4LCJleHAiOjE3NzQ2ODQ3OTh9.O3DdqDZookCkE5BsVwrzRrJnQ6owbZW0BYDB4-3AMx4, refreshToken: 21c59424-0203-4ec6-a835-e9204f2f181c, expiresIn: 900}}
2026-03-28 13:15:07.511 [INFO ] Frontend -  User profile successfully loaded for: amit
2026-03-28 13:15:08.888 [WARN ] Frontend -  Primary geocoder failed (likely missing API key), trying fallback...
2026-03-28 13:15:14.723 [INFO ] Frontend -  [FRIEND_SCREEN] action=load_data_start
2026-03-28 13:15:15.661 [INFO ] Frontend -  User profile successfully loaded for: amit
2026-03-28 13:15:15.717 [INFO ] Frontend -  [FRIEND_SCREEN] action=load_data_identity userId=01426bdb-ec8c-4fb9-b4d2-5c8abb551b63
2026-03-28 13:15:15.905 [INFO ] Frontend -  [FRIEND_API] action=get_friends_start userId=01426bdb-ec8c-4fb9-b4d2-5c8abb551b63 traceId=friend-get-friends-1774683915751000
2026-03-28 13:15:15.905 [INFO ] Frontend -  [FRIEND_API] action=get_pending_start traceId=friend-get-pending-1774683915758000
2026-03-28 13:15:15.937 [INFO ] Frontend -  [FRIEND_API] action=get_recommendations_start userId=01426bdb-ec8c-4fb9-b4d2-5c8abb551b63 traceId=friend-get-recommendations-1774683915763000
2026-03-28 13:15:17.192 [INFO ] Frontend -  [FRIEND_API] action=get_pending_success count=0 traceId=friend-get-pending-1774683915758000
2026-03-28 13:15:20.895 [INFO ] Frontend -  [FRIEND_API] action=get_friends_success userId=01426bdb-ec8c-4fb9-b4d2-5c8abb551b63 count=1 traceId=friend-get-friends-1774683915751000
2026-03-28 13:15:20.895 [INFO ] Frontend -  [FRIEND_API] action=get_recommendations_success userId=01426bdb-ec8c-4fb9-b4d2-5c8abb551b63 count=1 traceId=friend-get-recommendations-1774683915763000
2026-03-28 13:15:20.963 [INFO ] Frontend -  [FRIEND_SCREEN] action=load_data_success friends=1 pending=0 suggested=1
2026-03-28 13:15:21.328 [INFO ] Frontend -  [FRIEND_SCREEN] action=socket_connected userId=01426bdb-ec8c-4fb9-b4d2-5c8abb551b63
2026-03-28 13:35:25.625 [INFO ] Frontend -  [FRIEND_SCREEN] action=socket_connected userId=94e515fe-7eff-4f60-bf73-5aa36a220ba1
2026-03-28 13:40:09.726 [INFO ] Frontend -  [FRIEND_SCREEN] action=socket_connected userId=94e515fe-7eff-4f60-bf73-5aa36a220ba1
2026-03-28 13:43:48.763 [INFO ] Frontend -  Attempting login for user: rs@gmail.com
2026-03-28 13:43:49.267 [INFO ] Frontend -  Attempting login for user: asr@gmail.com
2026-03-28 13:43:52.451 [WARN ] Frontend -  This is the second data : {success: true, data: {userId: 94e515fe-7eff-4f60-bf73-5aa36a220ba1, token: eyJhbGciOiJIUzI1NiJ9.eyJzdWIiOiI5NGU1MTVmZS03ZWZmLTRmNjAtYmY3My01YWEzNmEyMjBiYTEiLCJyb2xlcyI6IlJJREVSIiwiaWF0IjoxNzc0Njg1NjMxLCJleHAiOjE3NzQ2ODY1MzF9.QObmDpQOdsDb6uBT5_-EyTv-UyocdBw2Q3KMcAAkPt8, refreshToken: 45fb9c25-fa9d-4240-b9be-b775c55ec2ca, expiresIn: 900}}
2026-03-28 13:43:52.452 [INFO ] Frontend -  Login successful. Tokens securely stored.
2026-03-28 13:43:52.451 [INFO ] Frontend -  Login successful. Tokens securely stored.
2026-03-28 13:43:52.451 [WARN ] Frontend -  This is the second data : {success: true, data: {userId: 01426bdb-ec8c-4fb9-b4d2-5c8abb551b63, token: eyJhbGciOiJIUzI1NiJ9.eyJzdWIiOiIwMTQyNmJkYi1lYzhjLTRmYjktYjRkMi01YzhhYmI1NTFiNjMiLCJyb2xlcyI6IlJJREVSIiwiaWF0IjoxNzc0Njg1NjMxLCJleHAiOjE3NzQ2ODY1MzF9.fxQabTwsBFTUCB6WJ2hxtdTM5Q9U7kHGyCAqOgJ6V9Y, refreshToken: 3c2c2b07-ff9f-4de2-bf6f-53bb49019024, expiresIn: 900}}
2026-03-28 13:43:55.164 [INFO ] Frontend -  User profile successfully loaded for: rohan
2026-03-28 13:43:55.233 [INFO ] Frontend -  User profile successfully loaded for: rohan
2026-03-28 13:43:55.621 [WARN ] Frontend -  Primary geocoder failed (likely missing API key), trying fallback...
2026-03-28 13:43:55.621 [WARN ] Frontend -  Primary geocoder failed (likely missing API key), trying fallback...
2026-03-28 13:44:42.283 [WARN ] Frontend -  Primary geocoder failed (likely missing API key), trying fallback...
2026-03-28 13:44:50.873 [WARN ] Frontend -  Primary geocoder failed (likely missing API key), trying fallback...
2026-03-28 13:45:00.497 [WARN ] Frontend -  Primary geocoder failed (likely missing API key), trying fallback...
2026-03-28 13:45:59.628 [WARN ] Frontend -  Primary geocoder failed (likely missing API key), trying fallback...
2026-03-28 13:46:09.375 [INFO ] Frontend -  Initiating secure logout...
2026-03-28 13:46:09.860 [INFO ] Frontend -  Clearing local secure storage tokens
2026-03-28 13:46:18.775 [INFO ] Frontend -  Attempting login for user: asr@gmail.com
2026-03-28 13:46:19.112 [WARN ] Frontend -  Login failed with status 401
2026-03-28 13:46:19.112 [WARN ] Frontend -  This is the second data : {success: false, message: Invalid credentials}
2026-03-28 13:46:24.515 [INFO ] Frontend -  Attempting login for user: asr@gmail.com
2026-03-28 13:46:24.844 [INFO ] Frontend -  Login successful. Tokens securely stored.
2026-03-28 13:46:24.845 [WARN ] Frontend -  This is the second data : {success: true, data: {userId: 01426bdb-ec8c-4fb9-b4d2-5c8abb551b63, token: eyJhbGciOiJIUzI1NiJ9.eyJzdWIiOiIwMTQyNmJkYi1lYzhjLTRmYjktYjRkMi01YzhhYmI1NTFiNjMiLCJyb2xlcyI6IlJJREVSIiwiaWF0IjoxNzc0Njg1Nzg0LCJleHAiOjE3NzQ2ODY2ODR9.IwK7vdQUsWm4sL5a1UNDyGOKvdE2Xo-ThshlzhhusA4, refreshToken: 8c96aa8e-f174-4f59-95bf-432c9c39b549, expiresIn: 900}}
2026-03-28 13:46:25.098 [INFO ] Frontend -  User profile successfully loaded for: amit
2026-03-28 13:46:25.286 [WARN ] Frontend -  Primary geocoder failed (likely missing API key), trying fallback...
2026-03-28 13:46:37.244 [INFO ] Frontend -  [FRIEND_SCREEN] action=load_data_start
2026-03-28 13:46:37.406 [INFO ] Frontend -  User profile successfully loaded for: amit
2026-03-28 13:46:37.431 [INFO ] Frontend -  [FRIEND_SCREEN] action=load_data_identity userId=01426bdb-ec8c-4fb9-b4d2-5c8abb551b63
2026-03-28 13:46:37.511 [INFO ] Frontend -  [FRIEND_API] action=get_pending_start traceId=friend-get-pending-1774685797446000
2026-03-28 13:46:37.511 [INFO ] Frontend -  [FRIEND_API] action=get_friends_start userId=01426bdb-ec8c-4fb9-b4d2-5c8abb551b63 traceId=friend-get-friends-1774685797441000
2026-03-28 13:46:37.534 [INFO ] Frontend -  [FRIEND_API] action=get_recommendations_start userId=01426bdb-ec8c-4fb9-b4d2-5c8abb551b63 traceId=friend-get-recommendations-1774685797451000
2026-03-28 13:46:37.843 [INFO ] Frontend -  [FRIEND_API] action=get_pending_success count=0 traceId=friend-get-pending-1774685797446000
2026-03-28 13:46:41.342 [INFO ] Frontend -  [FRIEND_API] action=get_friends_success userId=01426bdb-ec8c-4fb9-b4d2-5c8abb551b63 count=1 traceId=friend-get-friends-1774685797441000
2026-03-28 13:46:41.342 [INFO ] Frontend -  [FRIEND_API] action=get_recommendations_success userId=01426bdb-ec8c-4fb9-b4d2-5c8abb551b63 count=1 traceId=friend-get-recommendations-1774685797451000
2026-03-28 13:46:41.363 [INFO ] Frontend -  [FRIEND_SCREEN] action=load_data_success friends=1 pending=0 suggested=1
2026-03-28 13:46:41.534 [INFO ] Frontend -  [FRIEND_SCREEN] action=socket_connected userId=01426bdb-ec8c-4fb9-b4d2-5c8abb551b63
2026-03-28 13:46:44.670 [INFO ] Frontend -  [PUBLIC_PROFILE] action=fetch_mutual_count target=94e515fe-7eff-4f60-bf73-5aa36a220ba1
2026-03-28 13:46:44.670 [INFO ] Frontend -  [PUBLIC_PROFILE] action=fetch_relationship target=94e515fe-7eff-4f60-bf73-5aa36a220ba1
2026-03-28 13:46:44.683 [INFO ] Frontend -  [PUBLIC_PROFILE] action=fetch_friend_count target=94e515fe-7eff-4f60-bf73-5aa36a220ba1
2026-03-28 13:46:44.698 [INFO ] Frontend -  [FRIEND_API] action=get_mutual_count_start target=94e515fe-7eff-4f60-bf73-5aa36a220ba1 traceId=friend-get-mutual-count-1774685804689000
2026-03-28 13:46:44.698 [INFO ] Frontend -  [FRIEND_API] action=get_relationship_start target=94e515fe-7eff-4f60-bf73-5aa36a220ba1 traceId=friend-get-relationship-1774685804693000
2026-03-28 13:46:44.707 [INFO ] Frontend -  [FRIEND_API] action=get_friends_start userId=94e515fe-7eff-4f60-bf73-5aa36a220ba1 traceId=friend-get-friends-1774685804697000
2026-03-28 13:46:45.089 [INFO ] Frontend -  [FRIEND_API] action=get_mutual_count_success target=94e515fe-7eff-4f60-bf73-5aa36a220ba1 count=0 traceId=friend-get-mutual-count-1774685804689000
2026-03-28 13:46:45.089 [INFO ] Frontend -  [FRIEND_API] action=get_friends_success userId=94e515fe-7eff-4f60-bf73-5aa36a220ba1 count=1 traceId=friend-get-friends-1774685804697000
2026-03-28 13:46:45.136 [INFO ] Frontend -  [FRIEND_API] action=get_relationship_success target=94e515fe-7eff-4f60-bf73-5aa36a220ba1 statusValue=friends traceId=friend-get-relationship-1774685804693000
2026-03-28 13:47:04.836 [WARN ] Frontend -  Primary geocoder failed (likely missing API key), trying fallback...
2026-03-28 13:47:04.837 [WARN ] Frontend -  Failed to fetch notifications: 401 {"status":401,"message":"Invalid token"}
2026-03-28 13:47:10.457 [WARN ] Frontend -  Primary geocoder failed (likely missing API key), trying fallback...
2026-03-28 13:47:10.457 [WARN ] Frontend -  Failed to fetch notifications: 401 {"status":401,"message":"Invalid token"}
2026-03-28 13:47:14.726 [INFO ] Frontend -  [FRIEND_SCREEN] action=socket_disconnected userId=01426bdb-ec8c-4fb9-b4d2-5c8abb551b63
2026-03-28 13:47:14.726 [WARN ] Frontend -  Primary geocoder failed (likely missing API key), trying fallback...
2026-03-28 13:47:41.881 [WARN ] Frontend -  Failed to fetch notifications: 401 {"status":401,"message":"Invalid token"}
2026-03-28 13:47:41.881 [WARN ] Frontend -  Primary geocoder failed (likely missing API key), trying fallback...
2026-03-28 13:47:45.268 [WARN ] Frontend -  Primary geocoder failed (likely missing API key), trying fallback...
2026-03-28 13:48:08.094 [WARN ] Frontend -  Primary geocoder failed (likely missing API key), trying fallback...
2026-03-28 13:48:08.094 [WARN ] Frontend -  Failed to fetch notifications: 401 {"status":401,"message":"Invalid token"}
2026-03-28 13:48:25.164 [WARN ] Frontend -  Primary geocoder failed (likely missing API key), trying fallback...
2026-03-28 13:48:40.438 [INFO ] Frontend -  Initiating secure logout...
2026-03-28 13:48:40.719 [INFO ] Frontend -  Clearing local secure storage tokens
2026-03-28 13:48:49.530 [INFO ] Frontend -  Attempting login for user: rs@gmail.com
2026-03-28 13:48:50.139 [WARN ] Frontend -  This is the second data : {success: false, message: Invalid credentials}
2026-03-28 13:48:50.139 [WARN ] Frontend -  Login failed with status 401
2026-03-28 13:48:55.783 [INFO ] Frontend -  Attempting login for user: rs@gmail.com
2026-03-28 13:48:56.749 [INFO ] Frontend -  Login successful. Tokens securely stored.
2026-03-28 13:48:56.749 [WARN ] Frontend -  This is the second data : {success: true, data: {userId: 94e515fe-7eff-4f60-bf73-5aa36a220ba1, token: eyJhbGciOiJIUzI1NiJ9.eyJzdWIiOiI5NGU1MTVmZS03ZWZmLTRmNjAtYmY3My01YWEzNmEyMjBiYTEiLCJyb2xlcyI6IlJJREVSIiwiaWF0IjoxNzc0Njg1OTM2LCJleHAiOjE3NzQ2ODY4MzZ9.oxroWCNfVOtxmx2lMT0lRQYtW8Y3r6L_8vIt5VMyIyY, refreshToken: 89a5168a-35b6-4647-895d-4766a2384df3, expiresIn: 900}}
2026-03-28 13:48:57.856 [INFO ] Frontend -  User profile successfully loaded for: rohan
2026-03-28 13:48:58.096 [WARN ] Frontend -  Primary geocoder failed (likely missing API key), trying fallback...
2026-03-28 13:49:05.976 [WARN ] Frontend -  Primary geocoder failed (likely missing API key), trying fallback...
2026-03-28 14:10:33.054 [INFO ] Frontend -  [FRIEND_SCREEN] action=socket_connected userId=94e515fe-7eff-4f60-bf73-5aa36a220ba1
2026-03-28 14:11:11.247 [INFO ] Frontend -  Attempting login for user: rs@gmail.com
2026-03-28 14:11:13.444 [WARN ] Frontend -  This is the second data : {success: true, data: {userId: 94e515fe-7eff-4f60-bf73-5aa36a220ba1, token: eyJhbGciOiJIUzI1NiJ9.eyJzdWIiOiI5NGU1MTVmZS03ZWZmLTRmNjAtYmY3My01YWEzNmEyMjBiYTEiLCJyb2xlcyI6IlJJREVSIiwiaWF0IjoxNzc0Njg3MjcyLCJleHAiOjE3NzQ2ODgxNzJ9.AQg0B00S7MwwmOZaDvRsBQyU0yCHR8atjQZOuYRY1V0, refreshToken: 4ac6df78-12ef-406e-9731-afca9ca176b2, expiresIn: 900}}
2026-03-28 14:11:13.443 [INFO ] Frontend -  Login successful. Tokens securely stored.
2026-03-28 14:11:15.557 [INFO ] Frontend -  User profile successfully loaded for: rohan
2026-03-28 14:11:16.031 [WARN ] Frontend -  Primary geocoder failed (likely missing API key), trying fallback...
2026-03-28 14:11:25.370 [INFO ] Frontend -  User profile successfully loaded for: rohan
2026-03-28 14:11:25.405 [INFO ] Frontend -  [FRIEND_API] action=get_friends_start userId=94e515fe-7eff-4f60-bf73-5aa36a220ba1 traceId=friend-get-friends-1774687285386000
2026-03-28 14:11:28.445 [INFO ] Frontend -  [FRIEND_API] action=get_friends_success userId=94e515fe-7eff-4f60-bf73-5aa36a220ba1 count=1 traceId=friend-get-friends-1774687285386000
2026-03-28 14:13:52.971 [INFO ] Frontend -  Attempting login for user: asr@gmail.com
2026-03-28 14:13:54.139 [INFO ] Frontend -  Login successful. Tokens securely stored.
2026-03-28 14:13:54.139 [WARN ] Frontend -  This is the second data : {success: true, data: {userId: 01426bdb-ec8c-4fb9-b4d2-5c8abb551b63, token: eyJhbGciOiJIUzI1NiJ9.eyJzdWIiOiIwMTQyNmJkYi1lYzhjLTRmYjktYjRkMi01YzhhYmI1NTFiNjMiLCJyb2xlcyI6IlJJREVSIiwiaWF0IjoxNzc0Njg3NDMzLCJleHAiOjE3NzQ2ODgzMzN9.YscNgOCNKrS7pr3C4IkWqTGrj7EJqTxj7x7kVXDbMMA, refreshToken: 6e48cba3-fca3-4fcb-9ddc-5f145b0b5cfe, expiresIn: 900}}
2026-03-28 14:13:55.117 [INFO ] Frontend -  User profile successfully loaded for: amit
2026-03-28 14:14:02.023 [WARN ] Frontend -  Primary geocoder failed (likely missing API key), trying fallback...
2026-03-28 14:14:10.154 [WARN ] Frontend -  Primary geocoder failed (likely missing API key), trying fallback...
2026-03-28 22:06:33.519 [INFO ] Frontend -  Attempting login for user: rs@gmail.com
2026-03-28 22:06:38.478 [INFO ] Frontend -  Login successful. Tokens securely stored.
2026-03-28 22:06:38.479 [WARN ] Frontend -  This is the second data : {success: true, data: {userId: 94e515fe-7eff-4f60-bf73-5aa36a220ba1, token: eyJhbGciOiJIUzI1NiJ9.eyJzdWIiOiI5NGU1MTVmZS03ZWZmLTRmNjAtYmY3My01YWEzNmEyMjBiYTEiLCJyb2xlcyI6IlJJREVSIiwiaWF0IjoxNzc0NzE1Nzk3LCJleHAiOjE3NzQ3MTY2OTd9.LQcgljjCJLhfFOcugw9Iu_aILB9CLTVAFstQkxtMang, refreshToken: 9d47beb5-65a2-4c99-8bad-5be13b9808e9, expiresIn: 900}}
2026-03-28 22:06:41.394 [INFO ] Frontend -  User profile successfully loaded for: rohan
2026-03-28 22:06:42.078 [WARN ] Frontend -  Primary geocoder failed (likely missing API key), trying fallback...
2026-03-28 22:21:31.941 [INFO ] Frontend -  Attempting login for user: asr@gmail.com
2026-03-28 22:21:34.744 [INFO ] Frontend -  Login successful. Tokens securely stored.
2026-03-28 22:21:34.744 [WARN ] Frontend -  This is the second data : {success: true, data: {userId: 01426bdb-ec8c-4fb9-b4d2-5c8abb551b63, token: eyJhbGciOiJIUzI1NiJ9.eyJzdWIiOiIwMTQyNmJkYi1lYzhjLTRmYjktYjRkMi01YzhhYmI1NTFiNjMiLCJyb2xlcyI6IlJJREVSIiwiaWF0IjoxNzc0NzE2NjkzLCJleHAiOjE3NzQ3MTc1OTN9.PDp7KBpu8t49HNQRA8UdNzvtpF5Mh4bva74YPxwzLOs, refreshToken: 5b87152d-3a2f-4e41-a555-d0587e1f751a, expiresIn: 900}}
2026-03-28 22:21:39.045 [INFO ] Frontend -  User profile successfully loaded for: amit
2026-03-28 22:22:04.264 [WARN ] Frontend -  Primary geocoder failed (likely missing API key), trying fallback...
2026-03-28 22:22:29.549 [WARN ] Frontend -  Primary geocoder failed (likely missing API key), trying fallback...
2026-03-28 22:23:16.485 [WARN ] Frontend -  Primary geocoder failed (likely missing API key), trying fallback...
2026-03-28 22:23:16.550 [WARN ] Frontend -  Failed to fetch notifications: 401 {"status":401,"message":"Token expired"}
2026-03-28 22:23:19.554 [INFO ] Frontend -  Initiating secure logout...
2026-03-28 22:23:19.638 [INFO ] Frontend -  Clearing local secure storage tokens
2026-03-28 22:23:33.742 [INFO ] Frontend -  Attempting login for user: rs@gmail.com
2026-03-28 22:23:43.308 [INFO ] Frontend -  Login successful. Tokens securely stored.
2026-03-28 22:23:43.308 [WARN ] Frontend -  This is the second data : {success: true, data: {userId: 94e515fe-7eff-4f60-bf73-5aa36a220ba1, token: eyJhbGciOiJIUzI1NiJ9.eyJzdWIiOiI5NGU1MTVmZS03ZWZmLTRmNjAtYmY3My01YWEzNmEyMjBiYTEiLCJyb2xlcyI6IlJJREVSIiwiaWF0IjoxNzc0NzE2ODE1LCJleHAiOjE3NzQ3MTc3MTV9.U34AQUDK_B7DHICf9GlC8IFzJ5Wv8m_KN1jobFwyd0c, refreshToken: a9132658-9872-475b-8f8c-773ed5734f6d, expiresIn: 900}}
2026-03-28 22:23:47.038 [INFO ] Frontend -  Attempting login for user: ag@gmail.com
2026-03-28 22:23:48.483 [WARN ] Frontend -  This is the second data : {success: false, message: Invalid credentials}
2026-03-28 22:23:48.483 [WARN ] Frontend -  Login failed with status 401
2026-03-28 22:23:55.878 [INFO ] Frontend -  Attempting login for user: ag@gmail.com
2026-03-28 22:23:56.359 [WARN ] Frontend -  Login failed with status 401
2026-03-28 22:23:56.362 [WARN ] Frontend -  This is the second data : {success: false, message: Invalid credentials}
2026-03-28 22:24:17.415 [INFO ] Frontend -  User profile successfully loaded for: abhay
2026-03-28 22:24:27.707 [INFO ] Frontend -  [FRIEND_SCREEN] action=load_data_start
2026-03-28 22:24:28.132 [INFO ] Frontend -  User profile successfully loaded for: abhay
2026-03-28 22:24:28.380 [INFO ] Frontend -  [FRIEND_SCREEN] action=load_data_identity userId=03843e3e-988d-4830-9201-9857b908d5e0
2026-03-28 22:24:28.458 [INFO ] Frontend -  [FRIEND_API] action=get_pending_start traceId=friend-get-pending-1774716868400000
2026-03-28 22:24:28.458 [INFO ] Frontend -  [FRIEND_API] action=get_friends_start userId=03843e3e-988d-4830-9201-9857b908d5e0 traceId=friend-get-friends-1774716868396000
2026-03-28 22:24:28.458 [INFO ] Frontend -  [FRIEND_API] action=get_recommendations_start userId=03843e3e-988d-4830-9201-9857b908d5e0 traceId=friend-get-recommendations-1774716868405000
2026-03-28 22:24:29.295 [INFO ] Frontend -  [FRIEND_API] action=get_pending_success count=0 traceId=friend-get-pending-1774716868400000
2026-03-28 22:24:29.295 [INFO ] Frontend -  [FRIEND_API] action=get_friends_success userId=03843e3e-988d-4830-9201-9857b908d5e0 count=0 traceId=friend-get-friends-1774716868396000
2026-03-28 22:24:30.224 [INFO ] Frontend -  [FRIEND_API] action=get_recommendations_success userId=03843e3e-988d-4830-9201-9857b908d5e0 count=3 traceId=friend-get-recommendations-1774716868405000
2026-03-28 22:24:30.274 [INFO ] Frontend -  [FRIEND_SCREEN] action=load_data_success friends=0 pending=0 suggested=3
2026-03-28 22:24:30.422 [INFO ] Frontend -  [FRIEND_SCREEN] action=socket_connected userId=03843e3e-988d-4830-9201-9857b908d5e0
2026-03-28 22:24:39.733 [INFO ] Frontend -  User profile successfully loaded for: rohan
2026-03-28 22:24:40.227 [WARN ] Frontend -  Primary geocoder failed (likely missing API key), trying fallback...
2026-03-28 22:24:41.539 [INFO ] Frontend -  [FRIEND_SCREEN] action=load_data_start
2026-03-28 22:24:42.878 [INFO ] Frontend -  User profile successfully loaded for: rohan
2026-03-28 22:24:42.929 [INFO ] Frontend -  [FRIEND_SCREEN] action=load_data_identity userId=94e515fe-7eff-4f60-bf73-5aa36a220ba1
2026-03-28 22:24:42.992 [INFO ] Frontend -  [FRIEND_API] action=get_friends_start userId=94e515fe-7eff-4f60-bf73-5aa36a220ba1 traceId=friend-get-friends-1774716882947000
2026-03-28 22:24:42.993 [INFO ] Frontend -  [FRIEND_API] action=get_pending_start traceId=friend-get-pending-1774716882955000
2026-03-28 22:24:43.012 [INFO ] Frontend -  [FRIEND_API] action=get_recommendations_start userId=94e515fe-7eff-4f60-bf73-5aa36a220ba1 traceId=friend-get-recommendations-1774716882961000
2026-03-28 22:24:43.919 [INFO ] Frontend -  [FRIEND_API] action=get_pending_success count=0 traceId=friend-get-pending-1774716882955000
2026-03-28 22:24:45.776 [INFO ] Frontend -  [FRIEND_API] action=get_friends_success userId=94e515fe-7eff-4f60-bf73-5aa36a220ba1 count=1 traceId=friend-get-friends-1774716882947000
2026-03-28 22:24:46.053 [INFO ] Frontend -  [FRIEND_API] action=get_recommendations_success userId=94e515fe-7eff-4f60-bf73-5aa36a220ba1 count=2 traceId=friend-get-recommendations-1774716882961000
2026-03-28 22:24:46.105 [INFO ] Frontend -  [FRIEND_SCREEN] action=load_data_success friends=1 pending=0 suggested=2
2026-03-28 22:24:46.395 [INFO ] Frontend -  [FRIEND_SCREEN] action=socket_connected userId=94e515fe-7eff-4f60-bf73-5aa36a220ba1
2026-03-28 22:24:54.220 [WARN ] Frontend -  Primary geocoder failed (likely missing API key), trying fallback...
2026-03-28 22:24:58.060 [INFO ] Frontend -  [FRIEND_SCREEN] action=tap_send_request target=01426bdb-ec8c-4fb9-b4d2-5c8abb551b63
2026-03-28 22:24:58.170 [INFO ] Frontend -  [FRIEND_API] action=send_request_start target=01426bdb-ec8c-4fb9-b4d2-5c8abb551b63 traceId=friend-send-request-1774716898105000
2026-03-28 22:24:58.858 [INFO ] Frontend -  [FRIEND_SCREEN] action=socket_refresh userId=03843e3e-988d-4830-9201-9857b908d5e0
2026-03-28 22:24:58.860 [INFO ] Frontend -  [FRIEND_API] action=send_request_success target=01426bdb-ec8c-4fb9-b4d2-5c8abb551b63 traceId=friend-send-request-1774716898105000
2026-03-28 22:24:58.859 [INFO ] Frontend -  [FRIEND_SCREEN] action=load_data_start
2026-03-28 22:24:59.875 [INFO ] Frontend -  [FRIEND_SCREEN] action=load_data_start
2026-03-28 22:25:01.169 [INFO ] Frontend -  User profile successfully loaded for: abhay
2026-03-28 22:25:02.207 [INFO ] Frontend -  [FRIEND_SCREEN] action=load_data_identity userId=03843e3e-988d-4830-9201-9857b908d5e0
2026-03-28 22:25:02.378 [INFO ] Frontend -  [FRIEND_API] action=get_friends_start userId=03843e3e-988d-4830-9201-9857b908d5e0 traceId=friend-get-friends-1774716902249000
2026-03-28 22:25:02.378 [INFO ] Frontend -  [FRIEND_API] action=get_recommendations_start userId=03843e3e-988d-4830-9201-9857b908d5e0 traceId=friend-get-recommendations-1774716902259000
2026-03-28 22:25:02.378 [INFO ] Frontend -  [FRIEND_API] action=get_pending_start traceId=friend-get-pending-1774716902256000
2026-03-28 22:25:02.689 [INFO ] Frontend -  User profile successfully loaded for: abhay
2026-03-28 22:25:02.780 [INFO ] Frontend -  [FRIEND_SCREEN] action=load_data_identity userId=03843e3e-988d-4830-9201-9857b908d5e0
2026-03-28 22:25:02.894 [INFO ] Frontend -  [FRIEND_API] action=get_pending_start traceId=friend-get-pending-1774716902794000
2026-03-28 22:25:02.894 [INFO ] Frontend -  [FRIEND_API] action=get_recommendations_start userId=03843e3e-988d-4830-9201-9857b908d5e0 traceId=friend-get-recommendations-1774716902797000
2026-03-28 22:25:02.898 [INFO ] Frontend -  [FRIEND_API] action=get_friends_start userId=03843e3e-988d-4830-9201-9857b908d5e0 traceId=friend-get-friends-1774716902789000
2026-03-28 22:25:03.644 [INFO ] Frontend -  [FRIEND_API] action=get_pending_success count=0 traceId=friend-get-pending-1774716902256000
2026-03-28 22:25:03.644 [INFO ] Frontend -  [FRIEND_API] action=get_friends_success userId=03843e3e-988d-4830-9201-9857b908d5e0 count=0 traceId=friend-get-friends-1774716902249000
2026-03-28 22:25:04.270 [INFO ] Frontend -  [FRIEND_API] action=get_pending_success count=0 traceId=friend-get-pending-1774716902794000
2026-03-28 22:25:04.270 [INFO ] Frontend -  [FRIEND_API] action=get_friends_success userId=03843e3e-988d-4830-9201-9857b908d5e0 count=0 traceId=friend-get-friends-1774716902789000
2026-03-28 22:25:05.406 [INFO ] Frontend -  [FRIEND_API] action=get_recommendations_success userId=03843e3e-988d-4830-9201-9857b908d5e0 count=3 traceId=friend-get-recommendations-1774716902259000
2026-03-28 22:25:05.454 [INFO ] Frontend -  [FRIEND_SCREEN] action=load_data_success friends=0 pending=0 suggested=3
2026-03-28 22:25:05.669 [INFO ] Frontend -  [FRIEND_API] action=get_recommendations_success userId=03843e3e-988d-4830-9201-9857b908d5e0 count=3 traceId=friend-get-recommendations-1774716902797000
2026-03-28 22:25:05.716 [INFO ] Frontend -  [FRIEND_SCREEN] action=load_data_success friends=0 pending=0 suggested=3
2026-03-28 22:25:15.554 [WARN ] Frontend -  Primary geocoder failed (likely missing API key), trying fallback...
2026-03-28 22:25:15.569 [INFO ] Frontend -  [FRIEND_SCREEN] action=socket_disconnected userId=03843e3e-988d-4830-9201-9857b908d5e0
2026-03-28 22:25:38.465 [INFO ] Frontend -  [FRIEND_SCREEN] action=load_data_start
2026-03-28 22:25:42.852 [INFO ] Frontend -  User profile successfully loaded for: amit
2026-03-28 22:25:44.636 [INFO ] Frontend -  [FRIEND_SCREEN] action=load_data_identity userId=01426bdb-ec8c-4fb9-b4d2-5c8abb551b63
2026-03-28 22:25:46.786 [INFO ] Frontend -  [FRIEND_API] action=get_pending_start traceId=friend-get-pending-1774716946599000
2026-03-28 22:25:46.786 [INFO ] Frontend -  [FRIEND_API] action=get_recommendations_start userId=01426bdb-ec8c-4fb9-b4d2-5c8abb551b63 traceId=friend-get-recommendations-1774716946604000
2026-03-28 22:25:46.794 [INFO ] Frontend -  [FRIEND_API] action=get_friends_start userId=01426bdb-ec8c-4fb9-b4d2-5c8abb551b63 traceId=friend-get-friends-1774716946582000
2026-03-28 22:25:51.459 [INFO ] Frontend -  [FRIEND_API] action=get_pending_success count=1 traceId=friend-get-pending-1774716946599000
2026-03-28 22:25:51.461 [INFO ] Frontend -  [FRIEND_API] action=get_friends_success userId=01426bdb-ec8c-4fb9-b4d2-5c8abb551b63 count=1 traceId=friend-get-friends-1774716946582000
2026-03-28 22:25:51.459 [INFO ] Frontend -  [FRIEND_API] action=get_recommendations_success userId=01426bdb-ec8c-4fb9-b4d2-5c8abb551b63 count=1 traceId=friend-get-recommendations-1774716946604000
2026-03-28 22:25:53.490 [INFO ] Frontend -  [FRIEND_SCREEN] action=load_data_success friends=1 pending=1 suggested=1
2026-03-28 22:25:57.687 [INFO ] Frontend -  [FRIEND_SCREEN] action=socket_connected userId=01426bdb-ec8c-4fb9-b4d2-5c8abb551b63
2026-03-28 22:26:04.555 [INFO ] Frontend -  [PUBLIC_PROFILE] action=fetch_relationship target=03843e3e-988d-4830-9201-9857b908d5e0
2026-03-28 22:26:04.555 [INFO ] Frontend -  [PUBLIC_PROFILE] action=fetch_friend_count target=03843e3e-988d-4830-9201-9857b908d5e0
2026-03-28 22:26:04.556 [INFO ] Frontend -  [PUBLIC_PROFILE] action=fetch_mutual_count target=03843e3e-988d-4830-9201-9857b908d5e0
2026-03-28 22:26:04.599 [INFO ] Frontend -  [FRIEND_API] action=get_friends_start userId=03843e3e-988d-4830-9201-9857b908d5e0 traceId=friend-get-friends-1774716964585000
2026-03-28 22:26:04.599 [INFO ] Frontend -  [FRIEND_API] action=get_mutual_count_start target=03843e3e-988d-4830-9201-9857b908d5e0 traceId=friend-get-mutual-count-1774716964568000
2026-03-28 22:26:04.599 [INFO ] Frontend -  [FRIEND_API] action=get_relationship_start target=03843e3e-988d-4830-9201-9857b908d5e0 traceId=friend-get-relationship-1774716964578000
2026-03-28 22:26:05.626 [INFO ] Frontend -  [FRIEND_API] action=get_friends_success userId=03843e3e-988d-4830-9201-9857b908d5e0 count=0 traceId=friend-get-friends-1774716964585000
2026-03-28 22:26:06.122 [INFO ] Frontend -  [FRIEND_API] action=get_mutual_count_success target=03843e3e-988d-4830-9201-9857b908d5e0 count=0 traceId=friend-get-mutual-count-1774716964568000
2026-03-28 22:26:06.599 [INFO ] Frontend -  [FRIEND_API] action=get_relationship_success target=03843e3e-988d-4830-9201-9857b908d5e0 statusValue=request_received traceId=friend-get-relationship-1774716964578000
2026-03-28 22:26:09.999 [INFO ] Frontend -  [PUBLIC_PROFILE] action=tap_accept_request target=03843e3e-988d-4830-9201-9857b908d5e0 requestId=2
2026-03-28 22:26:10.305 [INFO ] Frontend -  [FRIEND_API] action=accept_request_start requestId=2 traceId=friend-accept-request-1774716970009000
2026-03-28 22:26:17.055 [INFO ] Frontend -  [FRIEND_SCREEN] action=load_data_start
2026-03-28 22:26:17.055 [INFO ] Frontend -  [FRIEND_SCREEN] action=socket_refresh userId=01426bdb-ec8c-4fb9-b4d2-5c8abb551b63
2026-03-28 22:26:17.152 [INFO ] Frontend -  [FRIEND_API] action=accept_request_success requestId=2 traceId=friend-accept-request-1774716970009000
2026-03-28 22:26:17.196 [INFO ] Frontend -  [PUBLIC_PROFILE] action=fetch_friend_count target=03843e3e-988d-4830-9201-9857b908d5e0
2026-03-28 22:26:17.214 [INFO ] Frontend -  [FRIEND_API] action=get_friends_start userId=03843e3e-988d-4830-9201-9857b908d5e0 traceId=friend-get-friends-1774716977200000
2026-03-28 22:26:17.415 [INFO ] Frontend -  User profile successfully loaded for: amit
2026-03-28 22:26:17.443 [INFO ] Frontend -  [FRIEND_SCREEN] action=load_data_identity userId=01426bdb-ec8c-4fb9-b4d2-5c8abb551b63
2026-03-28 22:26:17.486 [INFO ] Frontend -  [FRIEND_API] action=get_pending_start traceId=friend-get-pending-1774716977455000
2026-03-28 22:26:17.486 [INFO ] Frontend -  [FRIEND_API] action=get_recommendations_start userId=01426bdb-ec8c-4fb9-b4d2-5c8abb551b63 traceId=friend-get-recommendations-1774716977458000
2026-03-28 22:26:17.486 [INFO ] Frontend -  [FRIEND_API] action=get_friends_start userId=01426bdb-ec8c-4fb9-b4d2-5c8abb551b63 traceId=friend-get-friends-1774716977448000
2026-03-28 22:26:17.493 [INFO ] Frontend -  [FRIEND_API] action=get_friends_success userId=03843e3e-988d-4830-9201-9857b908d5e0 count=1 traceId=friend-get-friends-1774716977200000
2026-03-28 22:26:17.596 [INFO ] Frontend -  [PUBLIC_PROFILE] action=fetch_relationship target=03843e3e-988d-4830-9201-9857b908d5e0
2026-03-28 22:26:17.763 [INFO ] Frontend -  [FRIEND_API] action=get_relationship_start target=03843e3e-988d-4830-9201-9857b908d5e0 traceId=friend-get-relationship-1774716977635000
2026-03-28 22:26:18.059 [INFO ] Frontend -  [FRIEND_API] action=get_pending_success count=0 traceId=friend-get-pending-1774716977455000
2026-03-28 22:26:18.152 [INFO ] Frontend -  [FRIEND_API] action=get_relationship_success target=03843e3e-988d-4830-9201-9857b908d5e0 statusValue=friends traceId=friend-get-relationship-1774716977635000
2026-03-28 22:26:19.050 [INFO ] Frontend -  [FRIEND_API] action=get_recommendations_success userId=01426bdb-ec8c-4fb9-b4d2-5c8abb551b63 count=1 traceId=friend-get-recommendations-1774716977458000
2026-03-28 22:26:19.050 [INFO ] Frontend -  [FRIEND_API] action=get_friends_success userId=01426bdb-ec8c-4fb9-b4d2-5c8abb551b63 count=2 traceId=friend-get-friends-1774716977448000
2026-03-28 22:26:19.079 [INFO ] Frontend -  [FRIEND_SCREEN] action=load_data_success friends=2 pending=0 suggested=1
2026-03-28 22:26:36.926 [WARN ] Frontend -  Primary geocoder failed (likely missing API key), trying fallback...
2026-03-28 22:26:49.053 [INFO ] Frontend -  [FRIEND_SCREEN] action=load_data_start
2026-03-28 22:26:50.809 [INFO ] Frontend -  User profile successfully loaded for: abhay
2026-03-28 22:26:50.962 [INFO ] Frontend -  [FRIEND_SCREEN] action=load_data_identity userId=03843e3e-988d-4830-9201-9857b908d5e0
2026-03-28 22:26:51.323 [INFO ] Frontend -  [FRIEND_API] action=get_friends_start userId=03843e3e-988d-4830-9201-9857b908d5e0 traceId=friend-get-friends-1774717010968000
2026-03-28 22:26:51.323 [INFO ] Frontend -  [FRIEND_API] action=get_recommendations_start userId=03843e3e-988d-4830-9201-9857b908d5e0 traceId=friend-get-recommendations-1774717010981000
2026-03-28 22:26:51.323 [INFO ] Frontend -  [FRIEND_API] action=get_pending_start traceId=friend-get-pending-1774717010972000
2026-03-28 22:26:52.267 [INFO ] Frontend -  [FRIEND_API] action=get_pending_success count=0 traceId=friend-get-pending-1774717010972000
2026-03-28 22:26:52.808 [INFO ] Frontend -  [FRIEND_API] action=get_friends_success userId=03843e3e-988d-4830-9201-9857b908d5e0 count=1 traceId=friend-get-friends-1774717010968000
2026-03-28 22:26:53.775 [INFO ] Frontend -  [FRIEND_API] action=get_recommendations_success userId=03843e3e-988d-4830-9201-9857b908d5e0 count=2 traceId=friend-get-recommendations-1774717010981000
2026-03-28 22:26:53.810 [INFO ] Frontend -  [FRIEND_SCREEN] action=load_data_success friends=1 pending=0 suggested=2
2026-03-28 22:26:53.957 [INFO ] Frontend -  [FRIEND_SCREEN] action=socket_connected userId=03843e3e-988d-4830-9201-9857b908d5e0
2026-03-28 22:26:55.582 [INFO ] Frontend -  [PUBLIC_PROFILE] action=fetch_friend_count target=01426bdb-ec8c-4fb9-b4d2-5c8abb551b63
2026-03-28 22:26:55.582 [INFO ] Frontend -  [PUBLIC_PROFILE] action=fetch_relationship target=01426bdb-ec8c-4fb9-b4d2-5c8abb551b63
2026-03-28 22:26:55.582 [INFO ] Frontend -  [PUBLIC_PROFILE] action=fetch_mutual_count target=01426bdb-ec8c-4fb9-b4d2-5c8abb551b63
2026-03-28 22:26:55.807 [INFO ] Frontend -  [FRIEND_API] action=get_relationship_start target=01426bdb-ec8c-4fb9-b4d2-5c8abb551b63 traceId=friend-get-relationship-1774717015616000
2026-03-28 22:26:55.807 [INFO ] Frontend -  [FRIEND_API] action=get_mutual_count_start target=01426bdb-ec8c-4fb9-b4d2-5c8abb551b63 traceId=friend-get-mutual-count-1774717015621000
2026-03-28 22:26:55.810 [INFO ] Frontend -  [FRIEND_API] action=get_friends_start userId=01426bdb-ec8c-4fb9-b4d2-5c8abb551b63 traceId=friend-get-friends-1774717015626000
2026-03-28 22:26:57.182 [INFO ] Frontend -  [FRIEND_API] action=get_mutual_count_success target=01426bdb-ec8c-4fb9-b4d2-5c8abb551b63 count=0 traceId=friend-get-mutual-count-1774717015621000
2026-03-28 22:26:57.182 [INFO ] Frontend -  [FRIEND_API] action=get_relationship_success target=01426bdb-ec8c-4fb9-b4d2-5c8abb551b63 statusValue=friends traceId=friend-get-relationship-1774717015616000
2026-03-28 22:26:57.277 [INFO ] Frontend -  [FRIEND_API] action=get_friends_success userId=01426bdb-ec8c-4fb9-b4d2-5c8abb551b63 count=2 traceId=friend-get-friends-1774717015626000
2026-03-28 22:27:05.970 [INFO ] Frontend -  [FRIEND_SCREEN] action=socket_disconnected userId=94e515fe-7eff-4f60-bf73-5aa36a220ba1
2026-03-28 22:27:05.984 [WARN ] Frontend -  Primary geocoder failed (likely missing API key), trying fallback...
2026-03-28 22:27:12.736 [INFO ] Frontend -  User profile successfully loaded for: rohan
2026-03-28 22:27:12.786 [INFO ] Frontend -  [FRIEND_API] action=get_friends_start userId=94e515fe-7eff-4f60-bf73-5aa36a220ba1 traceId=friend-get-friends-1774717032748000
2026-03-28 22:27:13.438 [INFO ] Frontend -  [FRIEND_API] action=get_friends_success userId=94e515fe-7eff-4f60-bf73-5aa36a220ba1 count=1 traceId=friend-get-friends-1774717032748000
2026-03-28 22:27:33.437 [INFO ] Frontend -  [FRIEND_SCREEN] action=tap_send_request target=94e515fe-7eff-4f60-bf73-5aa36a220ba1
2026-03-28 22:27:33.493 [INFO ] Frontend -  [FRIEND_API] action=send_request_start target=94e515fe-7eff-4f60-bf73-5aa36a220ba1 traceId=friend-send-request-1774717053469000
2026-03-28 22:27:34.149 [INFO ] Frontend -  [FRIEND_SCREEN] action=load_data_start
2026-03-28 22:27:34.149 [INFO ] Frontend -  [FRIEND_SCREEN] action=socket_refresh userId=03843e3e-988d-4830-9201-9857b908d5e0
2026-03-28 22:27:34.149 [INFO ] Frontend -  [FRIEND_API] action=send_request_success target=94e515fe-7eff-4f60-bf73-5aa36a220ba1 traceId=friend-send-request-1774717053469000
2026-03-28 22:27:34.520 [INFO ] Frontend -  [FRIEND_SCREEN] action=load_data_start
2026-03-28 22:27:36.245 [INFO ] Frontend -  User profile successfully loaded for: abhay
2026-03-28 22:27:36.306 [INFO ] Frontend -  [FRIEND_SCREEN] action=load_data_identity userId=03843e3e-988d-4830-9201-9857b908d5e0
2026-03-28 22:27:36.450 [INFO ] Frontend -  [FRIEND_API] action=get_friends_start userId=03843e3e-988d-4830-9201-9857b908d5e0 traceId=friend-get-friends-1774717056356000
2026-03-28 22:27:36.450 [INFO ] Frontend -  [FRIEND_API] action=get_pending_start traceId=friend-get-pending-1774717056360000
2026-03-28 22:27:36.457 [INFO ] Frontend -  [FRIEND_API] action=get_recommendations_start userId=03843e3e-988d-4830-9201-9857b908d5e0 traceId=friend-get-recommendations-1774717056365000
2026-03-28 22:27:36.969 [INFO ] Frontend -  [FRIEND_SCREEN] action=socket_disconnected userId=03843e3e-988d-4830-9201-9857b908d5e0
2026-03-28 22:27:37.086 [WARN ] Frontend -  Primary geocoder failed (likely missing API key), trying fallback...
2026-03-28 22:27:37.354 [INFO ] Frontend -  User profile successfully loaded for: abhay
2026-03-28 22:27:37.490 [INFO ] Frontend -  [FRIEND_SCREEN] action=load_data_identity userId=03843e3e-988d-4830-9201-9857b908d5e0
2026-03-28 22:27:38.042 [INFO ] Frontend -  [FRIEND_API] action=get_pending_start traceId=friend-get-pending-1774717057503000
2026-03-28 22:27:38.042 [INFO ] Frontend -  [FRIEND_API] action=get_friends_start userId=03843e3e-988d-4830-9201-9857b908d5e0 traceId=friend-get-friends-1774717057498000
2026-03-28 22:27:38.169 [INFO ] Frontend -  [FRIEND_API] action=get_recommendations_start userId=03843e3e-988d-4830-9201-9857b908d5e0 traceId=friend-get-recommendations-1774717057507000
2026-03-28 22:27:39.297 [INFO ] Frontend -  [FRIEND_API] action=get_pending_success count=0 traceId=friend-get-pending-1774717056360000
2026-03-28 22:27:39.779 [INFO ] Frontend -  [FRIEND_API] action=get_pending_success count=0 traceId=friend-get-pending-1774717057503000
2026-03-28 22:27:40.296 [INFO ] Frontend -  [FRIEND_API] action=get_friends_success userId=03843e3e-988d-4830-9201-9857b908d5e0 count=1 traceId=friend-get-friends-1774717056356000
2026-03-28 22:27:40.387 [INFO ] Frontend -  [FRIEND_API] action=get_recommendations_success userId=03843e3e-988d-4830-9201-9857b908d5e0 count=2 traceId=friend-get-recommendations-1774717056365000
2026-03-28 22:27:40.428 [INFO ] Frontend -  [FRIEND_SCREEN] action=load_data_success friends=1 pending=0 suggested=2
2026-03-28 22:27:40.633 [INFO ] Frontend -  [FRIEND_API] action=get_friends_success userId=03843e3e-988d-4830-9201-9857b908d5e0 count=1 traceId=friend-get-friends-1774717057498000
2026-03-28 22:27:40.677 [INFO ] Frontend -  [FRIEND_API] action=get_recommendations_success userId=03843e3e-988d-4830-9201-9857b908d5e0 count=2 traceId=friend-get-recommendations-1774717057507000
2026-03-28 22:27:40.700 [INFO ] Frontend -  [FRIEND_SCREEN] action=load_data_success friends=1 pending=0 suggested=2
2026-03-28 22:27:46.892 [INFO ] Frontend -  [FRIEND_SCREEN] action=load_data_start
2026-03-28 22:27:47.706 [INFO ] Frontend -  User profile successfully loaded for: rohan
2026-03-28 22:27:47.770 [INFO ] Frontend -  [FRIEND_SCREEN] action=load_data_identity userId=94e515fe-7eff-4f60-bf73-5aa36a220ba1
2026-03-28 22:27:47.834 [INFO ] Frontend -  [FRIEND_API] action=get_pending_start traceId=friend-get-pending-1774717067782000
2026-03-28 22:27:47.834 [INFO ] Frontend -  [FRIEND_API] action=get_recommendations_start userId=94e515fe-7eff-4f60-bf73-5aa36a220ba1 traceId=friend-get-recommendations-1774717067788000
2026-03-28 22:27:47.834 [INFO ] Frontend -  [FRIEND_API] action=get_friends_start userId=94e515fe-7eff-4f60-bf73-5aa36a220ba1 traceId=friend-get-friends-1774717067775000
2026-03-28 22:27:48.828 [INFO ] Frontend -  [FRIEND_API] action=get_friends_success userId=94e515fe-7eff-4f60-bf73-5aa36a220ba1 count=1 traceId=friend-get-friends-1774717067775000
2026-03-28 22:27:48.852 [INFO ] Frontend -  [FRIEND_API] action=get_pending_success count=1 traceId=friend-get-pending-1774717067782000
2026-03-28 22:27:48.912 [INFO ] Frontend -  [FRIEND_API] action=get_recommendations_success userId=94e515fe-7eff-4f60-bf73-5aa36a220ba1 count=1 traceId=friend-get-recommendations-1774717067788000
2026-03-28 22:27:48.942 [INFO ] Frontend -  [FRIEND_SCREEN] action=load_data_success friends=1 pending=1 suggested=1
2026-03-28 22:27:49.497 [INFO ] Frontend -  [FRIEND_SCREEN] action=socket_connected userId=94e515fe-7eff-4f60-bf73-5aa36a220ba1
2026-03-28 22:27:51.085 [INFO ] Frontend -  [FRIEND_SCREEN] action=tap_accept_request requestId=3
2026-03-28 22:27:51.106 [INFO ] Frontend -  [FRIEND_API] action=accept_request_start requestId=3 traceId=friend-accept-request-1774717071096000
2026-03-28 22:27:51.515 [INFO ] Frontend -  [FRIEND_SCREEN] action=load_data_start
2026-03-28 22:27:51.515 [INFO ] Frontend -  [FRIEND_SCREEN] action=socket_refresh userId=94e515fe-7eff-4f60-bf73-5aa36a220ba1
2026-03-28 22:27:51.917 [INFO ] Frontend -  [FRIEND_API] action=accept_request_success requestId=3 traceId=friend-accept-request-1774717071096000
2026-03-28 22:27:52.138 [INFO ] Frontend -  [FRIEND_SCREEN] action=load_data_start
2026-03-28 22:27:52.372 [INFO ] Frontend -  User profile successfully loaded for: rohan
2026-03-28 22:27:52.812 [INFO ] Frontend -  [FRIEND_SCREEN] action=load_data_identity userId=94e515fe-7eff-4f60-bf73-5aa36a220ba1
2026-03-28 22:27:52.902 [INFO ] Frontend -  [FRIEND_API] action=get_pending_start traceId=friend-get-pending-1774717072829000
2026-03-28 22:27:52.902 [INFO ] Frontend -  [FRIEND_API] action=get_friends_start userId=94e515fe-7eff-4f60-bf73-5aa36a220ba1 traceId=friend-get-friends-1774717072823000
2026-03-28 22:27:52.902 [INFO ] Frontend -  [FRIEND_API] action=get_recommendations_start userId=94e515fe-7eff-4f60-bf73-5aa36a220ba1 traceId=friend-get-recommendations-1774717072835000
2026-03-28 22:27:54.612 [INFO ] Frontend -  [FRIEND_SCREEN] action=socket_disconnected userId=94e515fe-7eff-4f60-bf73-5aa36a220ba1
2026-03-28 22:27:54.609 [INFO ] Frontend -  [FRIEND_API] action=get_pending_success count=0 traceId=friend-get-pending-1774717072829000
2026-03-28 22:27:58.159 [INFO ] Frontend -  User profile successfully loaded for: rohan
2026-03-28 22:27:58.265 [INFO ] Frontend -  [FRIEND_SCREEN] action=load_data_identity userId=94e515fe-7eff-4f60-bf73-5aa36a220ba1
2026-03-28 22:27:58.491 [INFO ] Frontend -  [FRIEND_API] action=get_friends_success userId=94e515fe-7eff-4f60-bf73-5aa36a220ba1 count=2 traceId=friend-get-friends-1774717072823000
2026-03-28 22:27:58.491 [INFO ] Frontend -  [FRIEND_API] action=get_recommendations_start userId=94e515fe-7eff-4f60-bf73-5aa36a220ba1 traceId=friend-get-recommendations-1774717078282000
2026-03-28 22:27:58.492 [INFO ] Frontend -  [FRIEND_API] action=get_pending_start traceId=friend-get-pending-1774717078279000
2026-03-28 22:27:58.499 [INFO ] Frontend -  [FRIEND_API] action=get_friends_start userId=94e515fe-7eff-4f60-bf73-5aa36a220ba1 traceId=friend-get-friends-1774717078276000
2026-03-28 22:27:58.812 [INFO ] Frontend -  [FRIEND_API] action=get_recommendations_success userId=94e515fe-7eff-4f60-bf73-5aa36a220ba1 count=1 traceId=friend-get-recommendations-1774717072835000
2026-03-28 22:27:58.897 [INFO ] Frontend -  [FRIEND_SCREEN] action=load_data_success friends=1 pending=1 suggested=1
2026-03-28 22:27:59.118 [INFO ] Frontend -  [FRIEND_API] action=get_pending_success count=0 traceId=friend-get-pending-1774717078279000
2026-03-28 22:27:59.642 [INFO ] Frontend -  [FRIEND_API] action=get_recommendations_success userId=94e515fe-7eff-4f60-bf73-5aa36a220ba1 count=1 traceId=friend-get-recommendations-1774717078282000
2026-03-28 22:27:59.642 [INFO ] Frontend -  [FRIEND_API] action=get_friends_success userId=94e515fe-7eff-4f60-bf73-5aa36a220ba1 count=2 traceId=friend-get-friends-1774717078276000
2026-03-28 22:27:59.731 [INFO ] Frontend -  [FRIEND_SCREEN] action=load_data_success friends=1 pending=1 suggested=1
2026-03-28 22:28:04.634 [INFO ] Frontend -  User profile successfully loaded for: rohan
2026-03-28 22:28:04.660 [INFO ] Frontend -  [FRIEND_API] action=get_friends_start userId=94e515fe-7eff-4f60-bf73-5aa36a220ba1 traceId=friend-get-friends-1774717084645000
2026-03-28 22:28:05.530 [INFO ] Frontend -  [FRIEND_API] action=get_friends_success userId=94e515fe-7eff-4f60-bf73-5aa36a220ba1 count=2 traceId=friend-get-friends-1774717084645000
2026-03-28 22:29:07.764 [WARN ] Frontend -  Primary geocoder failed (likely missing API key), trying fallback...
2026-03-28 22:29:15.063 [WARN ] Frontend -  Primary geocoder failed (likely missing API key), trying fallback...
2026-03-28 22:29:22.070 [INFO ] Frontend -  [FRIEND_SCREEN] action=socket_disconnected userId=01426bdb-ec8c-4fb9-b4d2-5c8abb551b63
2026-03-28 22:29:22.073 [WARN ] Frontend -  Primary geocoder failed (likely missing API key), trying fallback...
2026-03-28 22:29:26.677 [WARN ] Frontend -  Primary geocoder failed (likely missing API key), trying fallback...
2026-03-28 22:30:16.725 [WARN ] Frontend -  Primary geocoder failed (likely missing API key), trying fallback...
2026-03-28 22:31:42.114 [INFO ] Frontend -  User profile successfully loaded for: rohan
2026-03-28 22:31:42.136 [INFO ] Frontend -  [FRIEND_API] action=get_friends_start userId=94e515fe-7eff-4f60-bf73-5aa36a220ba1 traceId=friend-get-friends-1774717302118000
2026-03-28 22:31:44.017 [INFO ] Frontend -  [FRIEND_API] action=get_friends_success userId=94e515fe-7eff-4f60-bf73-5aa36a220ba1 count=2 traceId=friend-get-friends-1774717302118000
2026-03-28 22:33:30.780 [INFO ] Frontend -  [FRIEND_SCREEN] action=load_data_start
2026-03-28 22:33:31.271 [INFO ] Frontend -  User profile successfully loaded for: rohan
2026-03-28 22:33:31.357 [INFO ] Frontend -  [FRIEND_SCREEN] action=load_data_identity userId=94e515fe-7eff-4f60-bf73-5aa36a220ba1
2026-03-28 22:33:31.445 [INFO ] Frontend -  [FRIEND_API] action=get_friends_start userId=94e515fe-7eff-4f60-bf73-5aa36a220ba1 traceId=friend-get-friends-1774717411391000
2026-03-28 22:33:31.451 [INFO ] Frontend -  [FRIEND_API] action=get_pending_start traceId=friend-get-pending-1774717411396000
2026-03-28 22:33:31.451 [INFO ] Frontend -  [FRIEND_API] action=get_recommendations_start userId=94e515fe-7eff-4f60-bf73-5aa36a220ba1 traceId=friend-get-recommendations-1774717411401000
2026-03-28 22:33:31.587 [INFO ] Frontend -  [FRIEND_API] action=get_pending_success count=0 traceId=friend-get-pending-1774717411396000
2026-03-28 22:33:32.290 [INFO ] Frontend -  [FRIEND_API] action=get_recommendations_success userId=94e515fe-7eff-4f60-bf73-5aa36a220ba1 count=1 traceId=friend-get-recommendations-1774717411401000
2026-03-28 22:33:32.290 [INFO ] Frontend -  [FRIEND_API] action=get_friends_success userId=94e515fe-7eff-4f60-bf73-5aa36a220ba1 count=2 traceId=friend-get-friends-1774717411391000
2026-03-28 22:33:32.313 [INFO ] Frontend -  [FRIEND_SCREEN] action=load_data_success friends=2 pending=0 suggested=1
2026-03-28 22:33:32.499 [INFO ] Frontend -  [FRIEND_SCREEN] action=socket_connected userId=94e515fe-7eff-4f60-bf73-5aa36a220ba1
2026-03-28 22:33:54.386 [INFO ] Frontend -  [PUBLIC_PROFILE] action=fetch_friend_count target=01426bdb-ec8c-4fb9-b4d2-5c8abb551b63
2026-03-28 22:33:54.388 [INFO ] Frontend -  [PUBLIC_PROFILE] action=fetch_mutual_count target=01426bdb-ec8c-4fb9-b4d2-5c8abb551b63
2026-03-28 22:33:54.386 [INFO ] Frontend -  [PUBLIC_PROFILE] action=fetch_relationship target=01426bdb-ec8c-4fb9-b4d2-5c8abb551b63
2026-03-28 22:33:54.431 [INFO ] Frontend -  [FRIEND_API] action=get_friends_start userId=01426bdb-ec8c-4fb9-b4d2-5c8abb551b63 traceId=friend-get-friends-1774717434395000
2026-03-28 22:33:54.431 [INFO ] Frontend -  [FRIEND_API] action=get_relationship_start target=01426bdb-ec8c-4fb9-b4d2-5c8abb551b63 traceId=friend-get-relationship-1774717434402000
2026-03-28 22:33:54.781 [INFO ] Frontend -  [FRIEND_API] action=get_mutual_count_start target=01426bdb-ec8c-4fb9-b4d2-5c8abb551b63 traceId=friend-get-mutual-count-1774717434421000
2026-03-28 22:33:55.947 [INFO ] Frontend -  [FRIEND_API] action=get_relationship_success target=01426bdb-ec8c-4fb9-b4d2-5c8abb551b63 statusValue=friends traceId=friend-get-relationship-1774717434402000
2026-03-28 22:33:56.164 [INFO ] Frontend -  [FRIEND_API] action=get_mutual_count_success target=01426bdb-ec8c-4fb9-b4d2-5c8abb551b63 count=1 traceId=friend-get-mutual-count-1774717434421000
2026-03-28 22:33:56.238 [INFO ] Frontend -  [FRIEND_API] action=get_friends_success userId=01426bdb-ec8c-4fb9-b4d2-5c8abb551b63 count=2 traceId=friend-get-friends-1774717434395000
2026-03-28 22:34:00.155 [INFO ] Frontend -  [PUBLIC_PROFILE] action=fetch_relationship target=01426bdb-ec8c-4fb9-b4d2-5c8abb551b63
2026-03-28 22:34:00.155 [INFO ] Frontend -  [PUBLIC_PROFILE] action=fetch_friend_count target=01426bdb-ec8c-4fb9-b4d2-5c8abb551b63
2026-03-28 22:34:00.155 [INFO ] Frontend -  [PUBLIC_PROFILE] action=fetch_mutual_count target=01426bdb-ec8c-4fb9-b4d2-5c8abb551b63
2026-03-28 22:34:00.221 [INFO ] Frontend -  [FRIEND_API] action=get_relationship_start target=01426bdb-ec8c-4fb9-b4d2-5c8abb551b63 traceId=friend-get-relationship-1774717440204000
2026-03-28 22:34:00.224 [INFO ] Frontend -  [FRIEND_API] action=get_friends_start userId=01426bdb-ec8c-4fb9-b4d2-5c8abb551b63 traceId=friend-get-friends-1774717440214000
2026-03-28 22:34:00.224 [INFO ] Frontend -  [FRIEND_API] action=get_mutual_count_start target=01426bdb-ec8c-4fb9-b4d2-5c8abb551b63 traceId=friend-get-mutual-count-1774717440218000
2026-03-28 22:34:00.621 [INFO ] Frontend -  [FRIEND_API] action=get_relationship_success target=01426bdb-ec8c-4fb9-b4d2-5c8abb551b63 statusValue=friends traceId=friend-get-relationship-1774717440204000
2026-03-28 22:34:00.811 [INFO ] Frontend -  [FRIEND_API] action=get_mutual_count_success target=01426bdb-ec8c-4fb9-b4d2-5c8abb551b63 count=1 traceId=friend-get-mutual-count-1774717440218000
2026-03-28 22:34:00.899 [INFO ] Frontend -  [FRIEND_API] action=get_friends_success userId=01426bdb-ec8c-4fb9-b4d2-5c8abb551b63 count=2 traceId=friend-get-friends-1774717440214000
2026-03-28 23:14:48.482 [INFO ] Frontend -  Attempting login for user: asr@gmail.com
2026-03-28 23:14:52.728 [INFO ] Frontend -  Login successful. Tokens securely stored.
2026-03-28 23:14:52.728 [WARN ] Frontend -  This is the second data : {success: true, data: {userId: 01426bdb-ec8c-4fb9-b4d2-5c8abb551b63, token: eyJhbGciOiJIUzI1NiJ9.eyJzdWIiOiIwMTQyNmJkYi1lYzhjLTRmYjktYjRkMi01YzhhYmI1NTFiNjMiLCJyb2xlcyI6IlJJREVSIiwiaWF0IjoxNzc0NzE5ODkxLCJleHAiOjE3NzQ3MjA3OTF9.unj7ejG6b3MOOmGz80qb-sBSTW66Nrj5rlApffn8zzo, refreshToken: 50f8f6f1-3a74-49e3-88b1-0a7889580005, expiresIn: 900}}
2026-03-28 23:14:56.525 [INFO ] Frontend -  User profile successfully loaded for: amit
2026-03-28 23:14:57.053 [WARN ] Frontend -  Primary geocoder failed (likely missing API key), trying fallback...
2026-03-28 23:16:30.076 [INFO ] Frontend -  Attempting login for user: rs@gmail.com
2026-03-28 23:16:31.571 [INFO ] Frontend -  Login successful. Tokens securely stored.
2026-03-28 23:16:31.572 [WARN ] Frontend -  This is the second data : {success: true, data: {userId: 94e515fe-7eff-4f60-bf73-5aa36a220ba1, token: eyJhbGciOiJIUzI1NiJ9.eyJzdWIiOiI5NGU1MTVmZS03ZWZmLTRmNjAtYmY3My01YWEzNmEyMjBiYTEiLCJyb2xlcyI6IlJJREVSIiwiaWF0IjoxNzc0NzE5OTkwLCJleHAiOjE3NzQ3MjA4OTB9.5mJH5Y7gBduw9VqMl3Byry72UHiXHXf4tw444_o-iqM, refreshToken: 8d6310b3-a451-432b-a321-f2e4ebd9deae, expiresIn: 900}}
2026-03-28 23:16:32.627 [INFO ] Frontend -  User profile successfully loaded for: rohan
2026-03-28 23:16:40.558 [INFO ] Frontend -  Attempting login for user: ag@gmail.com
2026-03-28 23:16:42.474 [WARN ] Frontend -  This is the second data : {success: true, data: {userId: 03843e3e-988d-4830-9201-9857b908d5e0, token: eyJhbGciOiJIUzI1NiJ9.eyJzdWIiOiIwMzg0M2UzZS05ODhkLTQ4MzAtOTIwMS05ODU3YjkwOGQ1ZTAiLCJyb2xlcyI6IlJJREVSIiwiaWF0IjoxNzc0NzIwMDAxLCJleHAiOjE3NzQ3MjA5MDF9.Tq8ft3CTnWdURwagquqSirBd6fMZkohSKegWqr-CJEQ, refreshToken: fc20c63c-29a5-4492-8e6f-498313ec28a1, expiresIn: 900}}
2026-03-28 23:16:42.504 [INFO ] Frontend -  Login successful. Tokens securely stored.
2026-03-28 23:16:47.281 [INFO ] Frontend -  User profile successfully loaded for: abhay
2026-03-28 23:16:47.712 [WARN ] Frontend -  Primary geocoder failed (likely missing API key), trying fallback...
2026-03-28 23:22:21.271 [WARN ] Frontend -  Primary geocoder failed (likely missing API key), trying fallback...
2026-03-28 23:33:21.904 [INFO ] Frontend -  Attempting login for user: ag@gmail.com
2026-03-28 23:33:22.661 [INFO ] Frontend -  Login successful. Tokens securely stored.
2026-03-28 23:33:22.661 [WARN ] Frontend -  This is the second data : {success: true, data: {userId: 03843e3e-988d-4830-9201-9857b908d5e0, token: eyJhbGciOiJIUzI1NiJ9.eyJzdWIiOiIwMzg0M2UzZS05ODhkLTQ4MzAtOTIwMS05ODU3YjkwOGQ1ZTAiLCJyb2xlcyI6IlJJREVSIiwiaWF0IjoxNzc0NzIxMDAyLCJleHAiOjE3NzQ3MjE5MDJ9.mvca5dwuikmyiAw9v5mH6agf0GDlefrLyU3KJ5TFulE, refreshToken: a8dd7bef-0c14-4566-86e0-6634a50347b8, expiresIn: 900}}
2026-03-28 23:33:23.402 [INFO ] Frontend -  User profile successfully loaded for: abhay
2026-03-28 23:33:23.773 [WARN ] Frontend -  Primary geocoder failed (likely missing API key), trying fallback...
2026-03-28 23:33:32.446 [INFO ] Frontend -  Attempting login for user: rs@gmail.com
2026-03-28 23:33:32.841 [INFO ] Frontend -  Login successful. Tokens securely stored.
2026-03-28 23:33:32.841 [WARN ] Frontend -  This is the second data : {success: true, data: {userId: 94e515fe-7eff-4f60-bf73-5aa36a220ba1, token: eyJhbGciOiJIUzI1NiJ9.eyJzdWIiOiI5NGU1MTVmZS03ZWZmLTRmNjAtYmY3My01YWEzNmEyMjBiYTEiLCJyb2xlcyI6IlJJREVSIiwiaWF0IjoxNzc0NzIxMDEyLCJleHAiOjE3NzQ3MjE5MTJ9.ZSktm82ADGMFnACX6hSlNivlt_qxnZROA7NlnLvhOG0, refreshToken: ac1ae0e6-9dfd-4194-a645-a29dadccae4b, expiresIn: 900}}
2026-03-28 23:33:33.804 [INFO ] Frontend -  User profile successfully loaded for: rohan
2026-03-28 23:33:34.209 [WARN ] Frontend -  Primary geocoder failed (likely missing API key), trying fallback...
2026-03-28 23:34:00.058 [INFO ] Frontend -  User profile successfully loaded for: rohan
2026-03-28 23:34:00.329 [INFO ] Frontend -  [FRIEND_API] action=get_friends_start userId=94e515fe-7eff-4f60-bf73-5aa36a220ba1 traceId=friend-get-friends-1774721040131000
2026-03-28 23:34:05.281 [INFO ] Frontend -  [FRIEND_API] action=get_friends_success userId=94e515fe-7eff-4f60-bf73-5aa36a220ba1 count=2 traceId=friend-get-friends-1774721040131000
2026-03-31 23:12:18.326 [INFO ] Frontend -  Attempting login for user: rs@gmail.com
2026-03-31 23:12:19.583 [INFO ] Frontend -  Login successful. Tokens securely stored.
2026-03-31 23:12:19.583 [WARN ] Frontend -  This is the second data : {success: true, data: {userId: 94e515fe-7eff-4f60-bf73-5aa36a220ba1, token: eyJhbGciOiJIUzI1NiJ9.eyJzdWIiOiI5NGU1MTVmZS03ZWZmLTRmNjAtYmY3My01YWEzNmEyMjBiYTEiLCJyb2xlcyI6IlJJREVSIiwiaWF0IjoxNzc0OTc4OTM5LCJleHAiOjE3NzQ5Nzk4Mzl9.RhtoHKla8SmzGo2kY4TNy6o8mdmHba4C5zmqv_0bgJw, refreshToken: dca1ecfc-e691-4284-b5b4-982aa8adf07c, expiresIn: 900}}
2026-03-31 23:12:21.185 [INFO ] Frontend -  User profile successfully loaded for: rohan
2026-03-31 23:12:21.450 [WARN ] Frontend -  Primary geocoder failed (likely missing API key), trying fallback...
2026-03-31 23:31:29.827 [INFO ] Frontend -  Attempting login for user: rs@gmail.com
2026-03-31 23:31:30.808 [INFO ] Frontend -  Login successful. Tokens securely stored.
2026-03-31 23:31:30.808 [WARN ] Frontend -  This is the second data : {success: true, data: {userId: 94e515fe-7eff-4f60-bf73-5aa36a220ba1, token: eyJhbGciOiJIUzI1NiJ9.eyJzdWIiOiI5NGU1MTVmZS03ZWZmLTRmNjAtYmY3My01YWEzNmEyMjBiYTEiLCJyb2xlcyI6IlJJREVSIiwiaWF0IjoxNzc0OTgwMDkwLCJleHAiOjE3NzQ5ODA5OTB9.CHtGQyeA4P9-7OYFRdNfTqUBFphm2kt_iw5_aqSfCl4, refreshToken: b148f777-4983-4106-b0ae-273f1efff2fd, expiresIn: 900}}
2026-03-31 23:31:32.212 [INFO ] Frontend -  User profile successfully loaded for: rohan
2026-03-31 23:31:32.443 [WARN ] Frontend -  Primary geocoder failed (likely missing API key), trying fallback...
2026-03-31 23:31:53.163 [WARN ] Frontend -  Primary geocoder failed (likely missing API key), trying fallback...
2026-03-31 23:36:37.480 [WARN ] Frontend -  Primary geocoder failed (likely missing API key), trying fallback...
2026-03-31 23:36:47.594 [INFO ] Frontend -  User profile successfully loaded for: rohan
2026-03-31 23:36:47.618 [INFO ] Frontend -  [FRIEND_API] action=get_friends_start userId=94e515fe-7eff-4f60-bf73-5aa36a220ba1 traceId=friend-get-friends-1774980407604000
2026-03-31 23:36:56.935 [INFO ] Frontend -  [FRIEND_API] action=get_friends_success userId=94e515fe-7eff-4f60-bf73-5aa36a220ba1 count=2 traceId=friend-get-friends-1774980407604000
2026-03-31 23:48:09.392 [INFO ] Frontend -  Attempting to refresh access token...
2026-03-31 23:48:09.392 [INFO ] Frontend -  Initiating token refresh flow over ApiService due to 401 Unauthorized
2026-03-31 23:48:10.050 [INFO ] Frontend -  Token refreshed globally, retrying the failed 401 request
2026-03-31 23:48:10.050 [INFO ] Frontend -  Successfully received new tokens. Storing to secure storage.
2026-03-31 23:48:10.388 [INFO ] Frontend -  User profile successfully loaded for: rohan
2026-03-31 23:48:10.440 [INFO ] Frontend -  [FRIEND_API] action=get_friends_start userId=94e515fe-7eff-4f60-bf73-5aa36a220ba1 traceId=friend-get-friends-1774981090415000
2026-03-31 23:48:11.207 [INFO ] Frontend -  [FRIEND_API] action=get_friends_success userId=94e515fe-7eff-4f60-bf73-5aa36a220ba1 count=2 traceId=friend-get-friends-1774981090415000
2026-03-31 23:49:13.416 [INFO ] Frontend -  Attempting login for user: rs@gmail.com
2026-03-31 23:49:14.163 [WARN ] Frontend -  This is the second data : {success: true, data: {userId: 94e515fe-7eff-4f60-bf73-5aa36a220ba1, token: eyJhbGciOiJIUzI1NiJ9.eyJzdWIiOiI5NGU1MTVmZS03ZWZmLTRmNjAtYmY3My01YWEzNmEyMjBiYTEiLCJyb2xlcyI6IlJJREVSIiwiaWF0IjoxNzc0OTgxMTUzLCJleHAiOjE3NzQ5ODIwNTN9.YoOo2aMzzwd3pTvKyYnkXc6-tZ_82h9kQAqbeKHXKV4, refreshToken: 23f021f6-4ac2-429f-a714-d6b11a2e03ed, expiresIn: 900}}
2026-03-31 23:49:14.163 [INFO ] Frontend -  Login successful. Tokens securely stored.
2026-03-31 23:49:15.434 [INFO ] Frontend -  User profile successfully loaded for: rohan
2026-03-31 23:49:15.857 [WARN ] Frontend -  Primary geocoder failed (likely missing API key), trying fallback...
2026-03-31 23:49:30.410 [INFO ] Frontend -  Attempting login for user: ab@gmail.com
2026-03-31 23:49:30.783 [INFO ] Frontend -  Login successful. Tokens securely stored.
2026-03-31 23:49:30.783 [WARN ] Frontend -  This is the second data : {success: true, data: {userId: b5e542f0-e896-4718-a3be-5c29f6732b59, token: eyJhbGciOiJIUzI1NiJ9.eyJzdWIiOiJiNWU1NDJmMC1lODk2LTQ3MTgtYTNiZS01YzI5ZjY3MzJiNTkiLCJyb2xlcyI6IlJJREVSIiwiaWF0IjoxNzc0OTgxMTcwLCJleHAiOjE3NzQ5ODIwNzB9.ao4JR9AOSmK-j0t-68Xooq_kpfsdO6Y8Bz7KUKUReuY, refreshToken: 5aa1bc53-0a76-48b0-bbf7-66deb9a71a9a, expiresIn: 900}}
2026-03-31 23:49:30.987 [INFO ] Frontend -  User profile successfully loaded for: abhay
2026-03-31 23:49:42.208 [INFO ] Frontend -  User profile successfully loaded for: rohan
2026-03-31 23:49:42.236 [INFO ] Frontend -  [FRIEND_API] action=get_friends_start userId=94e515fe-7eff-4f60-bf73-5aa36a220ba1 traceId=friend-get-friends-1774981182214000
2026-03-31 23:49:42.951 [INFO ] Frontend -  [FRIEND_API] action=get_friends_success userId=94e515fe-7eff-4f60-bf73-5aa36a220ba1 count=2 traceId=friend-get-friends-1774981182214000
2026-03-31 23:50:25.107 [WARN ] Frontend -  Primary geocoder failed (likely missing API key), trying fallback...
2026-03-31 23:51:51.744 [INFO ] Frontend -  User profile successfully loaded for: rohan
2026-03-31 23:51:51.775 [INFO ] Frontend -  [FRIEND_API] action=get_friends_start userId=94e515fe-7eff-4f60-bf73-5aa36a220ba1 traceId=friend-get-friends-1774981311755000
2026-03-31 23:51:52.150 [INFO ] Frontend -  [FRIEND_API] action=get_friends_success userId=94e515fe-7eff-4f60-bf73-5aa36a220ba1 count=2 traceId=friend-get-friends-1774981311755000
2026-03-31 23:51:59.947 [INFO ] Frontend -  User profile successfully loaded for: rohan
2026-03-31 23:52:00.005 [INFO ] Frontend -  [FRIEND_API] action=get_friends_start userId=94e515fe-7eff-4f60-bf73-5aa36a220ba1 traceId=friend-get-friends-1774981319974000
2026-03-31 23:52:00.304 [INFO ] Frontend -  [FRIEND_API] action=get_friends_success userId=94e515fe-7eff-4f60-bf73-5aa36a220ba1 count=2 traceId=friend-get-friends-1774981319974000
2026-03-31 23:52:13.740 [INFO ] Frontend -  [FRIEND_SCREEN] action=load_data_start
2026-03-31 23:52:14.011 [INFO ] Frontend -  User profile successfully loaded for: rohan
2026-03-31 23:52:14.041 [INFO ] Frontend -  [FRIEND_SCREEN] action=load_data_identity userId=94e515fe-7eff-4f60-bf73-5aa36a220ba1
2026-03-31 23:52:14.075 [INFO ] Frontend -  [FRIEND_API] action=get_pending_start traceId=friend-get-pending-1774981334056000
2026-03-31 23:52:14.075 [INFO ] Frontend -  [FRIEND_API] action=get_recommendations_start userId=94e515fe-7eff-4f60-bf73-5aa36a220ba1 traceId=friend-get-recommendations-1774981334059000
2026-03-31 23:52:14.075 [INFO ] Frontend -  [FRIEND_API] action=get_friends_start userId=94e515fe-7eff-4f60-bf73-5aa36a220ba1 traceId=friend-get-friends-1774981334051000
2026-03-31 23:52:14.271 [INFO ] Frontend -  [FRIEND_API] action=get_pending_success count=0 traceId=friend-get-pending-1774981334056000
2026-03-31 23:52:14.907 [INFO ] Frontend -  [FRIEND_API] action=get_friends_success userId=94e515fe-7eff-4f60-bf73-5aa36a220ba1 count=2 traceId=friend-get-friends-1774981334051000
2026-03-31 23:52:16.219 [INFO ] Frontend -  [FRIEND_API] action=get_recommendations_success userId=94e515fe-7eff-4f60-bf73-5aa36a220ba1 count=1 traceId=friend-get-recommendations-1774981334059000
2026-03-31 23:52:16.239 [INFO ] Frontend -  [FRIEND_SCREEN] action=load_data_success friends=2 pending=0 suggested=1
2026-03-31 23:52:16.386 [INFO ] Frontend -  [FRIEND_SCREEN] action=socket_connected userId=94e515fe-7eff-4f60-bf73-5aa36a220ba1
2026-03-31 23:52:20.129 [INFO ] Frontend -  [FRIEND_SCREEN] action=tap_send_request target=b5e542f0-e896-4718-a3be-5c29f6732b59
2026-03-31 23:52:20.192 [INFO ] Frontend -  [FRIEND_API] action=send_request_start target=b5e542f0-e896-4718-a3be-5c29f6732b59 traceId=friend-send-request-1774981340153000
2026-03-31 23:52:20.724 [INFO ] Frontend -  [FRIEND_SCREEN] action=socket_refresh userId=94e515fe-7eff-4f60-bf73-5aa36a220ba1
2026-03-31 23:52:20.724 [INFO ] Frontend -  [FRIEND_SCREEN] action=load_data_start
2026-03-31 23:52:20.730 [INFO ] Frontend -  [FRIEND_API] action=send_request_success target=b5e542f0-e896-4718-a3be-5c29f6732b59 traceId=friend-send-request-1774981340153000
2026-03-31 23:52:20.838 [INFO ] Frontend -  [FRIEND_SCREEN] action=load_data_start
2026-03-31 23:52:21.335 [INFO ] Frontend -  User profile successfully loaded for: rohan
2026-03-31 23:52:21.351 [INFO ] Frontend -  [FRIEND_SCREEN] action=load_data_identity userId=94e515fe-7eff-4f60-bf73-5aa36a220ba1
2026-03-31 23:52:21.409 [INFO ] Frontend -  [FRIEND_API] action=get_pending_start traceId=friend-get-pending-1774981341359000
2026-03-31 23:52:21.409 [INFO ] Frontend -  [FRIEND_API] action=get_friends_start userId=94e515fe-7eff-4f60-bf73-5aa36a220ba1 traceId=friend-get-friends-1774981341355000
2026-03-31 23:52:21.447 [INFO ] Frontend -  [FRIEND_API] action=get_recommendations_start userId=94e515fe-7eff-4f60-bf73-5aa36a220ba1 traceId=friend-get-recommendations-1774981341362000
2026-03-31 23:52:21.693 [INFO ] Frontend -  User profile successfully loaded for: rohan
2026-03-31 23:52:21.693 [INFO ] Frontend -  [FRIEND_API] action=get_pending_success count=0 traceId=friend-get-pending-1774981341359000
2026-03-31 23:52:22.065 [INFO ] Frontend -  [FRIEND_SCREEN] action=load_data_identity userId=94e515fe-7eff-4f60-bf73-5aa36a220ba1
2026-03-31 23:52:22.276 [INFO ] Frontend -  [FRIEND_API] action=get_friends_start userId=94e515fe-7eff-4f60-bf73-5aa36a220ba1 traceId=friend-get-friends-1774981342139000
2026-03-31 23:52:22.276 [INFO ] Frontend -  [FRIEND_API] action=get_pending_start traceId=friend-get-pending-1774981342146000
2026-03-31 23:52:22.276 [INFO ] Frontend -  [FRIEND_API] action=get_recommendations_start userId=94e515fe-7eff-4f60-bf73-5aa36a220ba1 traceId=friend-get-recommendations-1774981342152000
2026-03-31 23:52:22.588 [INFO ] Frontend -  [FRIEND_API] action=get_recommendations_success userId=94e515fe-7eff-4f60-bf73-5aa36a220ba1 count=1 traceId=friend-get-recommendations-1774981341362000
2026-03-31 23:52:22.706 [INFO ] Frontend -  [FRIEND_API] action=get_friends_success userId=94e515fe-7eff-4f60-bf73-5aa36a220ba1 count=2 traceId=friend-get-friends-1774981341355000
2026-03-31 23:52:22.748 [INFO ] Frontend -  [FRIEND_SCREEN] action=load_data_success friends=2 pending=0 suggested=1
2026-03-31 23:52:22.976 [INFO ] Frontend -  [FRIEND_API] action=get_pending_success count=0 traceId=friend-get-pending-1774981342146000
2026-03-31 23:52:23.023 [INFO ] Frontend -  [FRIEND_API] action=get_friends_success userId=94e515fe-7eff-4f60-bf73-5aa36a220ba1 count=2 traceId=friend-get-friends-1774981342139000
2026-03-31 23:52:23.029 [INFO ] Frontend -  [FRIEND_API] action=get_recommendations_success userId=94e515fe-7eff-4f60-bf73-5aa36a220ba1 count=1 traceId=friend-get-recommendations-1774981342152000
2026-03-31 23:52:23.044 [INFO ] Frontend -  [FRIEND_SCREEN] action=load_data_success friends=2 pending=0 suggested=1
2026-03-31 23:52:32.475 [INFO ] Frontend -  [FRIEND_SCREEN] action=load_data_start
2026-03-31 23:52:32.985 [INFO ] Frontend -  User profile successfully loaded for: abhay
2026-03-31 23:52:33.003 [INFO ] Frontend -  [FRIEND_SCREEN] action=load_data_identity userId=b5e542f0-e896-4718-a3be-5c29f6732b59
2026-03-31 23:52:33.031 [INFO ] Frontend -  [FRIEND_API] action=get_friends_start userId=b5e542f0-e896-4718-a3be-5c29f6732b59 traceId=friend-get-friends-1774981353011000
2026-03-31 23:52:33.033 [INFO ] Frontend -  [FRIEND_API] action=get_pending_start traceId=friend-get-pending-1774981353017000
2026-03-31 23:52:33.035 [INFO ] Frontend -  [FRIEND_API] action=get_recommendations_start userId=b5e542f0-e896-4718-a3be-5c29f6732b59 traceId=friend-get-recommendations-1774981353021000
2026-03-31 23:52:33.142 [INFO ] Frontend -  [FRIEND_API] action=get_friends_success userId=b5e542f0-e896-4718-a3be-5c29f6732b59 count=0 traceId=friend-get-friends-1774981353011000
2026-03-31 23:52:33.821 [INFO ] Frontend -  [FRIEND_API] action=get_recommendations_success userId=b5e542f0-e896-4718-a3be-5c29f6732b59 count=2 traceId=friend-get-recommendations-1774981353021000
2026-03-31 23:52:33.843 [INFO ] Frontend -  [FRIEND_API] action=get_pending_success count=1 traceId=friend-get-pending-1774981353017000
2026-03-31 23:52:33.877 [INFO ] Frontend -  [FRIEND_SCREEN] action=load_data_success friends=0 pending=1 suggested=2
2026-03-31 23:52:34.044 [INFO ] Frontend -  [FRIEND_SCREEN] action=socket_connected userId=b5e542f0-e896-4718-a3be-5c29f6732b59
2026-03-31 23:52:36.322 [INFO ] Frontend -  [FRIEND_SCREEN] action=tap_accept_request requestId=4
2026-03-31 23:52:36.348 [INFO ] Frontend -  [FRIEND_API] action=accept_request_start requestId=4 traceId=friend-accept-request-1774981356335000
2026-03-31 23:52:38.632 [INFO ] Frontend -  [FRIEND_SCREEN] action=socket_refresh userId=b5e542f0-e896-4718-a3be-5c29f6732b59
2026-03-31 23:52:38.632 [INFO ] Frontend -  [FRIEND_SCREEN] action=load_data_start
2026-03-31 23:52:38.732 [INFO ] Frontend -  [FRIEND_SCREEN] action=socket_refresh userId=94e515fe-7eff-4f60-bf73-5aa36a220ba1
2026-03-31 23:52:38.732 [INFO ] Frontend -  [FRIEND_SCREEN] action=load_data_start
2026-03-31 23:52:38.874 [INFO ] Frontend -  [FRIEND_API] action=accept_request_success requestId=4 traceId=friend-accept-request-1774981356335000
2026-03-31 23:52:38.975 [INFO ] Frontend -  [FRIEND_SCREEN] action=load_data_start
2026-03-31 23:52:39.187 [INFO ] Frontend -  User profile successfully loaded for: abhay
2026-03-31 23:52:39.258 [INFO ] Frontend -  [FRIEND_SCREEN] action=load_data_identity userId=b5e542f0-e896-4718-a3be-5c29f6732b59
2026-03-31 23:52:39.412 [INFO ] Frontend -  [FRIEND_API] action=get_friends_start userId=b5e542f0-e896-4718-a3be-5c29f6732b59 traceId=friend-get-friends-1774981359284000
2026-03-31 23:52:39.412 [INFO ] Frontend -  [FRIEND_API] action=get_pending_start traceId=friend-get-pending-1774981359296000
2026-03-31 23:52:39.437 [INFO ] Frontend -  [FRIEND_API] action=get_recommendations_start userId=b5e542f0-e896-4718-a3be-5c29f6732b59 traceId=friend-get-recommendations-1774981359341000
2026-03-31 23:52:39.895 [INFO ] Frontend -  User profile successfully loaded for: abhay
2026-03-31 23:52:39.953 [INFO ] Frontend -  [FRIEND_SCREEN] action=load_data_identity userId=b5e542f0-e896-4718-a3be-5c29f6732b59
2026-03-31 23:52:40.050 [INFO ] Frontend -  [FRIEND_API] action=get_friends_start userId=b5e542f0-e896-4718-a3be-5c29f6732b59 traceId=friend-get-friends-1774981359962000
2026-03-31 23:52:40.123 [INFO ] Frontend -  [FRIEND_API] action=get_recommendations_start userId=b5e542f0-e896-4718-a3be-5c29f6732b59 traceId=friend-get-recommendations-1774981359983000
2026-03-31 23:52:40.123 [INFO ] Frontend -  [FRIEND_API] action=get_pending_start traceId=friend-get-pending-1774981359975000
2026-03-31 23:52:40.360 [INFO ] Frontend -  User profile successfully loaded for: rohan
2026-03-31 23:52:40.393 [INFO ] Frontend -  [FRIEND_API] action=get_pending_success count=0 traceId=friend-get-pending-1774981359296000
2026-03-31 23:52:40.408 [INFO ] Frontend -  [FRIEND_SCREEN] action=load_data_identity userId=94e515fe-7eff-4f60-bf73-5aa36a220ba1
2026-03-31 23:52:40.478 [INFO ] Frontend -  [FRIEND_API] action=get_recommendations_start userId=94e515fe-7eff-4f60-bf73-5aa36a220ba1 traceId=friend-get-recommendations-1774981360455000
2026-03-31 23:52:40.478 [INFO ] Frontend -  [FRIEND_API] action=get_pending_start traceId=friend-get-pending-1774981360442000
2026-03-31 23:52:40.491 [INFO ] Frontend -  [FRIEND_API] action=get_friends_start userId=94e515fe-7eff-4f60-bf73-5aa36a220ba1 traceId=friend-get-friends-1774981360429000
2026-03-31 23:52:40.722 [INFO ] Frontend -  [FRIEND_API] action=get_pending_success count=0 traceId=friend-get-pending-1774981359975000
2026-03-31 23:52:40.806 [INFO ] Frontend -  [FRIEND_API] action=get_pending_success count=0 traceId=friend-get-pending-1774981360442000
2026-03-31 23:52:42.418 [WARN ] Frontend -  Primary geocoder failed (likely missing API key), trying fallback...
2026-03-31 23:52:42.418 [INFO ] Frontend -  [FRIEND_SCREEN] action=socket_disconnected userId=b5e542f0-e896-4718-a3be-5c29f6732b59
2026-03-31 23:52:43.950 [INFO ] Frontend -  [FRIEND_SCREEN] action=socket_disconnected userId=94e515fe-7eff-4f60-bf73-5aa36a220ba1
2026-03-31 23:52:43.997 [WARN ] Frontend -  Primary geocoder failed (likely missing API key), trying fallback...
2026-03-31 23:52:44.873 [INFO ] Frontend -  [FRIEND_API] action=get_friends_success userId=b5e542f0-e896-4718-a3be-5c29f6732b59 count=1 traceId=friend-get-friends-1774981359284000
2026-03-31 23:52:46.196 [INFO ] Frontend -  [FRIEND_API] action=get_recommendations_success userId=94e515fe-7eff-4f60-bf73-5aa36a220ba1 count=0 traceId=friend-get-recommendations-1774981360455000
2026-03-31 23:52:46.322 [INFO ] Frontend -  [FRIEND_API] action=get_recommendations_success userId=b5e542f0-e896-4718-a3be-5c29f6732b59 count=2 traceId=friend-get-recommendations-1774981359341000
2026-03-31 23:52:46.400 [INFO ] Frontend -  [FRIEND_SCREEN] action=load_data_success friends=0 pending=1 suggested=2
2026-03-31 23:52:46.840 [INFO ] Frontend -  [FRIEND_API] action=get_friends_success userId=b5e542f0-e896-4718-a3be-5c29f6732b59 count=1 traceId=friend-get-friends-1774981359962000
2026-03-31 23:52:46.941 [INFO ] Frontend -  [FRIEND_API] action=get_recommendations_success userId=b5e542f0-e896-4718-a3be-5c29f6732b59 count=2 traceId=friend-get-recommendations-1774981359983000
2026-03-31 23:52:46.980 [INFO ] Frontend -  [FRIEND_SCREEN] action=load_data_success friends=0 pending=1 suggested=2
2026-03-31 23:52:47.008 [INFO ] Frontend -  [FRIEND_API] action=get_friends_success userId=94e515fe-7eff-4f60-bf73-5aa36a220ba1 count=3 traceId=friend-get-friends-1774981360429000
2026-03-31 23:52:47.091 [INFO ] Frontend -  [FRIEND_SCREEN] action=load_data_success friends=2 pending=0 suggested=1
2026-03-31 23:52:56.205 [WARN ] Frontend -  Primary geocoder failed (likely missing API key), trying fallback...
2026-03-31 23:53:01.309 [INFO ] Frontend -  User profile successfully loaded for: rohan
2026-03-31 23:53:01.335 [INFO ] Frontend -  [FRIEND_API] action=get_friends_start userId=94e515fe-7eff-4f60-bf73-5aa36a220ba1 traceId=friend-get-friends-1774981381316000
2026-03-31 23:53:02.115 [INFO ] Frontend -  [FRIEND_API] action=get_friends_success userId=94e515fe-7eff-4f60-bf73-5aa36a220ba1 count=3 traceId=friend-get-friends-1774981381316000
2026-03-31 23:53:53.116 [INFO ] Frontend -  Attempting login for user: asr@gmail.com
2026-03-31 23:53:53.858 [INFO ] Frontend -  Login successful. Tokens securely stored.
2026-03-31 23:53:53.858 [WARN ] Frontend -  This is the second data : {success: true, data: {userId: 01426bdb-ec8c-4fb9-b4d2-5c8abb551b63, token: eyJhbGciOiJIUzI1NiJ9.eyJzdWIiOiIwMTQyNmJkYi1lYzhjLTRmYjktYjRkMi01YzhhYmI1NTFiNjMiLCJyb2xlcyI6IlJJREVSIiwiaWF0IjoxNzc0OTgxNDMzLCJleHAiOjE3NzQ5ODIzMzN9.Q8AzT8ZAG3zsfa1wpoEcot5FlEMwv8ofwk28bdO4ETs, refreshToken: 1b3b6381-7eb3-42b5-ae88-6431cd912dbd, expiresIn: 900}}
2026-03-31 23:53:54.087 [INFO ] Frontend -  User profile successfully loaded for: amit
2026-03-31 23:53:54.273 [WARN ] Frontend -  Primary geocoder failed (likely missing API key), trying fallback...
2026-03-31 23:54:05.139 [WARN ] Frontend -  Primary geocoder failed (likely missing API key), trying fallback...
2026-03-31 23:54:07.685 [INFO ] Frontend -  User profile successfully loaded for: amit
2026-03-31 23:54:07.701 [INFO ] Frontend -  [FRIEND_API] action=get_friends_start userId=01426bdb-ec8c-4fb9-b4d2-5c8abb551b63 traceId=friend-get-friends-1774981447689000
2026-03-31 23:54:08.204 [INFO ] Frontend -  [FRIEND_API] action=get_friends_success userId=01426bdb-ec8c-4fb9-b4d2-5c8abb551b63 count=2 traceId=friend-get-friends-1774981447689000
2026-03-31 23:54:21.768 [INFO ] Frontend -  [FRIEND_SCREEN] action=load_data_start
2026-03-31 23:54:22.097 [INFO ] Frontend -  User profile successfully loaded for: amit
2026-03-31 23:54:22.130 [INFO ] Frontend -  [FRIEND_SCREEN] action=load_data_identity userId=01426bdb-ec8c-4fb9-b4d2-5c8abb551b63
2026-03-31 23:54:22.177 [INFO ] Frontend -  [FRIEND_API] action=get_friends_start userId=01426bdb-ec8c-4fb9-b4d2-5c8abb551b63 traceId=friend-get-friends-1774981462142000
2026-03-31 23:54:22.177 [INFO ] Frontend -  [FRIEND_API] action=get_pending_start traceId=friend-get-pending-1774981462145000
2026-03-31 23:54:22.189 [INFO ] Frontend -  [FRIEND_API] action=get_recommendations_start userId=01426bdb-ec8c-4fb9-b4d2-5c8abb551b63 traceId=friend-get-recommendations-1774981462148000
2026-03-31 23:54:22.569 [INFO ] Frontend -  [FRIEND_API] action=get_pending_success count=0 traceId=friend-get-pending-1774981462145000
2026-03-31 23:54:22.757 [INFO ] Frontend -  [FRIEND_API] action=get_friends_success userId=01426bdb-ec8c-4fb9-b4d2-5c8abb551b63 count=2 traceId=friend-get-friends-1774981462142000
2026-03-31 23:54:22.988 [INFO ] Frontend -  [FRIEND_API] action=get_recommendations_success userId=01426bdb-ec8c-4fb9-b4d2-5c8abb551b63 count=1 traceId=friend-get-recommendations-1774981462148000
2026-03-31 23:54:23.081 [INFO ] Frontend -  [FRIEND_SCREEN] action=load_data_success friends=2 pending=0 suggested=1
2026-03-31 23:54:23.311 [INFO ] Frontend -  [FRIEND_SCREEN] action=socket_connected userId=01426bdb-ec8c-4fb9-b4d2-5c8abb551b63
2026-03-31 23:54:26.436 [INFO ] Frontend -  [FRIEND_SCREEN] action=socket_disconnected userId=01426bdb-ec8c-4fb9-b4d2-5c8abb551b63
2026-03-31 23:54:26.489 [WARN ] Frontend -  Primary geocoder failed (likely missing API key), trying fallback...
2026-03-31 23:54:28.359 [INFO ] Frontend -  User profile successfully loaded for: amit
2026-03-31 23:54:28.391 [INFO ] Frontend -  [FRIEND_API] action=get_friends_start userId=01426bdb-ec8c-4fb9-b4d2-5c8abb551b63 traceId=friend-get-friends-1774981468366000
2026-03-31 23:54:29.648 [INFO ] Frontend -  [FRIEND_API] action=get_friends_success userId=01426bdb-ec8c-4fb9-b4d2-5c8abb551b63 count=2 traceId=friend-get-friends-1774981468366000
2026-03-31 23:54:56.157 [WARN ] Frontend -  Primary geocoder failed (likely missing API key), trying fallback...
2026-03-31 23:55:03.928 [WARN ] Frontend -  Primary geocoder failed (likely missing API key), trying fallback...
2026-04-01 00:10:21.840 [INFO ] Frontend -  Attempting login for user: asr@gmail.com
2026-04-01 00:10:23.219 [INFO ] Frontend -  Login successful. Tokens securely stored.
2026-04-01 00:10:23.219 [WARN ] Frontend -  This is the second data : {success: true, data: {userId: 01426bdb-ec8c-4fb9-b4d2-5c8abb551b63, token: eyJhbGciOiJIUzI1NiJ9.eyJzdWIiOiIwMTQyNmJkYi1lYzhjLTRmYjktYjRkMi01YzhhYmI1NTFiNjMiLCJyb2xlcyI6IlJJREVSIiwiaWF0IjoxNzc0OTgyNDIyLCJleHAiOjE3NzQ5ODMzMjJ9.JBpmzddtcRsgspPCpIhShmLACjHtieGP4xoHTwLpRn8, refreshToken: 23cdf7d3-2302-48b0-bde9-d9724224b3fc, expiresIn: 900}}
2026-04-01 00:10:24.453 [INFO ] Frontend -  User profile successfully loaded for: amit
2026-04-01 00:10:25.031 [WARN ] Frontend -  Primary geocoder failed (likely missing API key), trying fallback...
2026-04-01 00:10:33.302 [INFO ] Frontend -  Attempting login for user: rs@gmail.com
2026-04-01 00:10:33.992 [INFO ] Frontend -  Login successful. Tokens securely stored.
2026-04-01 00:10:33.992 [WARN ] Frontend -  This is the second data : {success: true, data: {userId: 94e515fe-7eff-4f60-bf73-5aa36a220ba1, token: eyJhbGciOiJIUzI1NiJ9.eyJzdWIiOiI5NGU1MTVmZS03ZWZmLTRmNjAtYmY3My01YWEzNmEyMjBiYTEiLCJyb2xlcyI6IlJJREVSIiwiaWF0IjoxNzc0OTgyNDMzLCJleHAiOjE3NzQ5ODMzMzN9.q6J9swBl_9BL8t3p0YWTbFZPjGFm7R6hKiTCWEq8ZOM, refreshToken: 22679447-f420-45b7-a25e-45023b0f1c6f, expiresIn: 900}}
2026-04-01 00:10:34.794 [INFO ] Frontend -  User profile successfully loaded for: rohan
2026-04-01 00:10:35.361 [WARN ] Frontend -  Primary geocoder failed (likely missing API key), trying fallback...
2026-04-01 00:10:50.447 [INFO ] Frontend -  User profile successfully loaded for: amit
2026-04-01 00:10:50.510 [INFO ] Frontend -  [FRIEND_API] action=get_friends_start userId=01426bdb-ec8c-4fb9-b4d2-5c8abb551b63 traceId=friend-get-friends-1774982450455000
2026-04-01 00:10:51.952 [INFO ] Frontend -  [FRIEND_API] action=get_friends_success userId=01426bdb-ec8c-4fb9-b4d2-5c8abb551b63 count=2 traceId=friend-get-friends-1774982450455000
2026-04-02 19:44:29.419 [INFO ] Frontend -  Attempting login for user: rs@gmail.com
2026-04-02 19:44:31.306 [INFO ] Frontend -  Login successful. Tokens securely stored.
2026-04-02 19:44:31.312 [WARN ] Frontend -  This is the second data : {success: true, data: {userId: 94e515fe-7eff-4f60-bf73-5aa36a220ba1, token: eyJhbGciOiJIUzI1NiJ9.eyJzdWIiOiI5NGU1MTVmZS03ZWZmLTRmNjAtYmY3My01YWEzNmEyMjBiYTEiLCJyb2xlcyI6IlJJREVSIiwiaWF0IjoxNzc1MTM5MjcwLCJleHAiOjE3NzUxNDAxNzB9.vzytAFEiEZqnxmeiQJQ3ViM8yBDOXqYicjSITTFYlTQ, refreshToken: 2317f869-f60f-47f4-af9c-db033caa8465, expiresIn: 900}}
2026-04-02 19:44:32.951 [INFO ] Frontend -  User profile successfully loaded for: rohan
2026-04-02 19:44:33.347 [WARN ] Frontend -  Primary geocoder failed (likely missing API key), trying fallback...
2026-04-02 19:45:06.813 [INFO ] Frontend -  User profile successfully loaded for: rohan
2026-04-02 19:45:06.845 [INFO ] Frontend -  [FRIEND_API] action=get_friends_start userId=94e515fe-7eff-4f60-bf73-5aa36a220ba1 traceId=friend-get-friends-1775139306823000
2026-04-02 19:45:12.566 [INFO ] Frontend -  [FRIEND_API] action=get_friends_success userId=94e515fe-7eff-4f60-bf73-5aa36a220ba1 count=3 traceId=friend-get-friends-1775139306823000
2026-04-02 22:38:13.624 [INFO ] Frontend -  Attempting login for user: rs@gmail.com
2026-04-02 22:38:15.202 [INFO ] Frontend -  Login successful. Tokens securely stored.
2026-04-02 22:38:15.203 [WARN ] Frontend -  This is the second data : {success: true, data: {userId: 94e515fe-7eff-4f60-bf73-5aa36a220ba1, token: eyJhbGciOiJIUzI1NiJ9.eyJzdWIiOiI5NGU1MTVmZS03ZWZmLTRmNjAtYmY3My01YWEzNmEyMjBiYTEiLCJyb2xlcyI6IlJJREVSIiwiaWF0IjoxNzc1MTQ5Njk0LCJleHAiOjE3NzUxNTA1OTR9.lzW4DNz1rhtPrUzwATCu5PPt8knLwHYeGtOe_NkuniE, refreshToken: b955bc4f-91b4-4962-b4cd-c8e937c7ca56, expiresIn: 900}}
2026-04-02 22:38:16.032 [INFO ] Frontend -  User profile successfully loaded for: rohan
2026-04-02 22:38:16.422 [WARN ] Frontend -  Primary geocoder failed (likely missing API key), trying fallback...
2026-04-02 22:38:21.698 [INFO ] Frontend -  Attempting login for user: asr@gmail.com
2026-04-02 22:38:22.152 [INFO ] Frontend -  Login successful. Tokens securely stored.
2026-04-02 22:38:22.152 [WARN ] Frontend -  This is the second data : {success: true, data: {userId: 01426bdb-ec8c-4fb9-b4d2-5c8abb551b63, token: eyJhbGciOiJIUzI1NiJ9.eyJzdWIiOiIwMTQyNmJkYi1lYzhjLTRmYjktYjRkMi01YzhhYmI1NTFiNjMiLCJyb2xlcyI6IlJJREVSIiwiaWF0IjoxNzc1MTQ5NzAyLCJleHAiOjE3NzUxNTA2MDJ9.ubo6K67UeVk5XZO8x6I9_sdRmvlQWsUM47UZ2jHHkGM, refreshToken: 3923bba9-de37-49db-ba41-ff4442691c98, expiresIn: 900}}
2026-04-02 22:38:22.643 [INFO ] Frontend -  User profile successfully loaded for: amit
2026-04-02 22:39:04.917 [WARN ] Frontend -  Primary geocoder failed (likely missing API key), trying fallback...
2026-04-02 22:39:25.147 [WARN ] Frontend -  Primary geocoder failed (likely missing API key), trying fallback...
2026-04-02 22:39:44.572 [INFO ] Frontend -  User profile successfully loaded for: amit
2026-04-02 22:39:44.603 [INFO ] Frontend -  [FRIEND_API] action=get_friends_start userId=01426bdb-ec8c-4fb9-b4d2-5c8abb551b63 traceId=friend-get-friends-1775149784580000
2026-04-02 22:39:46.354 [INFO ] Frontend -  [FRIEND_API] action=get_friends_success userId=01426bdb-ec8c-4fb9-b4d2-5c8abb551b63 count=2 traceId=friend-get-friends-1775149784580000
2026-04-02 22:41:06.499 [INFO ] Frontend -  User profile successfully loaded for: amit
2026-04-02 22:41:06.594 [INFO ] Frontend -  [FRIEND_API] action=get_friends_start userId=01426bdb-ec8c-4fb9-b4d2-5c8abb551b63 traceId=friend-get-friends-1775149866511000
2026-04-02 22:41:06.968 [INFO ] Frontend -  [FRIEND_API] action=get_friends_success userId=01426bdb-ec8c-4fb9-b4d2-5c8abb551b63 count=2 traceId=friend-get-friends-1775149866511000
2026-04-02 23:07:34.276 [INFO ] Frontend -  Attempting login for user: asr@gmail.com
2026-04-02 23:07:35.651 [WARN ] Frontend -  This is the second data : {success: true, data: {userId: 01426bdb-ec8c-4fb9-b4d2-5c8abb551b63, token: eyJhbGciOiJIUzI1NiJ9.eyJzdWIiOiIwMTQyNmJkYi1lYzhjLTRmYjktYjRkMi01YzhhYmI1NTFiNjMiLCJyb2xlcyI6IlJJREVSIiwiaWF0IjoxNzc1MTUxNDU0LCJleHAiOjE3NzUxNTIzNTR9.Ffof3ZmREFoOSZIEEEG6Lqk7nwTUZ2j3inOqSz1TEGQ, refreshToken: fc6c0559-681d-4912-8769-2b8ef1ca5da3, expiresIn: 900}}
2026-04-02 23:07:35.652 [INFO ] Frontend -  Login successful. Tokens securely stored.
2026-04-02 23:07:38.019 [INFO ] Frontend -  Attempting login for user: rs@gmail.com
2026-04-02 23:07:39.821 [INFO ] Frontend -  Login successful. Tokens securely stored.
2026-04-02 23:07:39.821 [WARN ] Frontend -  This is the second data : {success: true, data: {userId: 94e515fe-7eff-4f60-bf73-5aa36a220ba1, token: eyJhbGciOiJIUzI1NiJ9.eyJzdWIiOiI5NGU1MTVmZS03ZWZmLTRmNjAtYmY3My01YWEzNmEyMjBiYTEiLCJyb2xlcyI6IlJJREVSIiwiaWF0IjoxNzc1MTUxNDU5LCJleHAiOjE3NzUxNTIzNTl9.TNmIKu9eeTNwmOsUr66AIeqDcArFcikjoFJPOGobTa0, refreshToken: 86c1b08c-b70b-4700-a0d6-233553f156dd, expiresIn: 900}}
2026-04-02 23:07:40.645 [INFO ] Frontend -  User profile successfully loaded for: rohan
2026-04-02 23:07:40.669 [INFO ] Frontend -  User profile successfully loaded for: amit
2026-04-02 23:07:41.211 [WARN ] Frontend -  Primary geocoder failed (likely missing API key), trying fallback...
2026-04-02 23:08:40.463 [WARN ] Frontend -  Primary geocoder failed (likely missing API key), trying fallback...
2026-04-02 23:12:22.193 [INFO ] Frontend -  Attempting login for user: asr@gmail.com
2026-04-02 23:12:22.700 [WARN ] Frontend -  This is the second data : {success: false, message: A runtime error occurred}
2026-04-02 23:12:22.700 [WARN ] Frontend -  Login failed with status 500
2026-04-02 23:12:26.130 [INFO ] Frontend -  Attempting login for user: asr@gmail.com
2026-04-02 23:12:26.417 [WARN ] Frontend -  This is the second data : {success: false, message: A runtime error occurred}
2026-04-02 23:12:26.418 [WARN ] Frontend -  Login failed with status 500
2026-04-02 23:12:44.743 [INFO ] Frontend -  Attempting login for user: rs@gmail.com
2026-04-02 23:12:44.977 [WARN ] Frontend -  This is the second data : {success: false, message: Invalid credentials}
2026-04-02 23:12:44.977 [WARN ] Frontend -  Login failed with status 401
2026-04-02 23:13:58.093 [INFO ] Frontend -  Attempting login for user: asr@gmail.com
2026-04-02 23:14:00.202 [WARN ] Frontend -  This is the second data : {success: true, data: {userId: ac1990b2-483f-4ee6-ab1f-c5fe196207c3, token: eyJhbGciOiJIUzI1NiJ9.eyJzdWIiOiJhYzE5OTBiMi00ODNmLTRlZTYtYWIxZi1jNWZlMTk2MjA3YzMiLCJyb2xlcyI6IlJJREVSIiwiaWF0IjoxNzc1MTUxODM5LCJleHAiOjE3NzUxNTI3Mzl9.1tfzSvSDi6yvCxomCgkmTxFQOgHR6y6jdeUXb4i-aGU, refreshToken: 488bc30d-33ec-4858-acdf-ff9288d35090, expiresIn: 900}}
2026-04-02 23:14:00.201 [INFO ] Frontend -  Login successful. Tokens securely stored.
2026-04-02 23:14:02.221 [INFO ] Frontend -  User profile successfully loaded for: amit
2026-04-02 23:14:26.809 [INFO ] Frontend -  Attempting login for user: rs@gmail.com
2026-04-02 23:14:27.397 [INFO ] Frontend -  Login successful. Tokens securely stored.
2026-04-02 23:14:27.398 [WARN ] Frontend -  This is the second data : {success: true, data: {userId: c13f21dc-64b2-48cc-a50e-a80a1e6c42ad, token: eyJhbGciOiJIUzI1NiJ9.eyJzdWIiOiJjMTNmMjFkYy02NGIyLTQ4Y2MtYTUwZS1hODBhMWU2YzQyYWQiLCJyb2xlcyI6IlJJREVSIiwiaWF0IjoxNzc1MTUxODY3LCJleHAiOjE3NzUxNTI3Njd9.xzTpcza4cBd7x3UHLxHN48jCxe7WZuN94K4SQ8-6oaU, refreshToken: b742aed3-dbb0-42b6-8762-9a98d5233c3c, expiresIn: 900}}
2026-04-02 23:14:28.422 [INFO ] Frontend -  User profile successfully loaded for: rohan
2026-04-02 23:14:29.146 [WARN ] Frontend -  Primary geocoder failed (likely missing API key), trying fallback...
2026-04-02 23:14:34.589 [INFO ] Frontend -  User profile successfully loaded for: rohan
2026-04-02 23:14:34.618 [INFO ] Frontend -  [FRIEND_API] action=get_friends_start userId=c13f21dc-64b2-48cc-a50e-a80a1e6c42ad traceId=friend-get-friends-1775151874599000
2026-04-02 23:14:34.848 [INFO ] Frontend -  [FRIEND_API] action=get_friends_success userId=c13f21dc-64b2-48cc-a50e-a80a1e6c42ad count=0 traceId=friend-get-friends-1775151874599000
2026-04-02 23:15:19.620 [INFO ] Frontend -  [FRIEND_SCREEN] action=load_data_start
2026-04-02 23:15:20.355 [INFO ] Frontend -  User profile successfully loaded for: rohan
2026-04-02 23:15:20.383 [INFO ] Frontend -  [FRIEND_SCREEN] action=load_data_identity userId=c13f21dc-64b2-48cc-a50e-a80a1e6c42ad
2026-04-02 23:15:20.418 [INFO ] Frontend -  [FRIEND_API] action=get_friends_start userId=c13f21dc-64b2-48cc-a50e-a80a1e6c42ad traceId=friend-get-friends-1775151920387000
2026-04-02 23:15:20.418 [INFO ] Frontend -  [FRIEND_API] action=get_pending_start traceId=friend-get-pending-1775151920392000
2026-04-02 23:15:20.423 [INFO ] Frontend -  [FRIEND_API] action=get_recommendations_start userId=c13f21dc-64b2-48cc-a50e-a80a1e6c42ad traceId=friend-get-recommendations-1775151920396000
2026-04-02 23:15:20.790 [INFO ] Frontend -  [FRIEND_API] action=get_friends_success userId=c13f21dc-64b2-48cc-a50e-a80a1e6c42ad count=0 traceId=friend-get-friends-1775151920387000
2026-04-02 23:15:20.790 [INFO ] Frontend -  [FRIEND_API] action=get_pending_success count=0 traceId=friend-get-pending-1775151920392000
2026-04-02 23:15:25.271 [INFO ] Frontend -  [FRIEND_API] action=get_recommendations_success userId=c13f21dc-64b2-48cc-a50e-a80a1e6c42ad count=1 traceId=friend-get-recommendations-1775151920396000
2026-04-02 23:15:25.284 [INFO ] Frontend -  [FRIEND_SCREEN] action=load_data_success friends=0 pending=0 suggested=1
2026-04-02 23:15:25.468 [INFO ] Frontend -  [FRIEND_SCREEN] action=socket_connected userId=c13f21dc-64b2-48cc-a50e-a80a1e6c42ad
2026-04-02 23:15:27.289 [INFO ] Frontend -  [FRIEND_SCREEN] action=tap_send_request target=ac1990b2-483f-4ee6-ab1f-c5fe196207c3
2026-04-02 23:15:27.321 [INFO ] Frontend -  [FRIEND_API] action=send_request_start target=ac1990b2-483f-4ee6-ab1f-c5fe196207c3 traceId=friend-send-request-1775151927301000
2026-04-02 23:15:27.630 [INFO ] Frontend -  [FRIEND_SCREEN] action=load_data_start
2026-04-02 23:15:27.630 [INFO ] Frontend -  [FRIEND_SCREEN] action=socket_refresh userId=c13f21dc-64b2-48cc-a50e-a80a1e6c42ad
2026-04-02 23:15:27.647 [INFO ] Frontend -  [FRIEND_API] action=send_request_success target=ac1990b2-483f-4ee6-ab1f-c5fe196207c3 traceId=friend-send-request-1775151927301000
2026-04-02 23:15:27.711 [INFO ] Frontend -  [FRIEND_SCREEN] action=load_data_start
2026-04-02 23:15:27.809 [INFO ] Frontend -  User profile successfully loaded for: rohan
2026-04-02 23:15:27.893 [INFO ] Frontend -  [FRIEND_SCREEN] action=load_data_identity userId=c13f21dc-64b2-48cc-a50e-a80a1e6c42ad
2026-04-02 23:15:27.926 [INFO ] Frontend -  [FRIEND_API] action=get_friends_start userId=c13f21dc-64b2-48cc-a50e-a80a1e6c42ad traceId=friend-get-friends-1775151927904000
2026-04-02 23:15:27.928 [INFO ] Frontend -  [FRIEND_API] action=get_recommendations_start userId=c13f21dc-64b2-48cc-a50e-a80a1e6c42ad traceId=friend-get-recommendations-1775151927911000
2026-04-02 23:15:27.929 [INFO ] Frontend -  [FRIEND_API] action=get_pending_start traceId=friend-get-pending-1775151927908000
2026-04-02 23:15:28.032 [INFO ] Frontend -  User profile successfully loaded for: rohan
2026-04-02 23:15:28.080 [INFO ] Frontend -  [FRIEND_SCREEN] action=load_data_identity userId=c13f21dc-64b2-48cc-a50e-a80a1e6c42ad
2026-04-02 23:15:28.099 [INFO ] Frontend -  [FRIEND_API] action=get_pending_success count=0 traceId=friend-get-pending-1775151927908000
2026-04-02 23:15:28.115 [INFO ] Frontend -  [FRIEND_API] action=get_recommendations_start userId=c13f21dc-64b2-48cc-a50e-a80a1e6c42ad traceId=friend-get-recommendations-1775151928099000
2026-04-02 23:15:28.115 [INFO ] Frontend -  [FRIEND_API] action=get_friends_start userId=c13f21dc-64b2-48cc-a50e-a80a1e6c42ad traceId=friend-get-friends-1775151928090000
2026-04-02 23:15:28.117 [INFO ] Frontend -  [FRIEND_API] action=get_pending_start traceId=friend-get-pending-1775151928094000
2026-04-02 23:15:28.157 [INFO ] Frontend -  [FRIEND_API] action=get_friends_success userId=c13f21dc-64b2-48cc-a50e-a80a1e6c42ad count=0 traceId=friend-get-friends-1775151927904000
2026-04-02 23:15:28.257 [INFO ] Frontend -  [FRIEND_API] action=get_pending_success count=0 traceId=friend-get-pending-1775151928094000
2026-04-02 23:15:28.280 [INFO ] Frontend -  [FRIEND_API] action=get_friends_success userId=c13f21dc-64b2-48cc-a50e-a80a1e6c42ad count=0 traceId=friend-get-friends-1775151928090000
2026-04-02 23:15:28.738 [INFO ] Frontend -  [FRIEND_API] action=get_recommendations_success userId=c13f21dc-64b2-48cc-a50e-a80a1e6c42ad count=1 traceId=friend-get-recommendations-1775151927911000
2026-04-02 23:15:28.791 [INFO ] Frontend -  [FRIEND_SCREEN] action=load_data_success friends=0 pending=0 suggested=1
2026-04-02 23:15:29.122 [INFO ] Frontend -  [FRIEND_API] action=get_recommendations_success userId=c13f21dc-64b2-48cc-a50e-a80a1e6c42ad count=1 traceId=friend-get-recommendations-1775151928099000
2026-04-02 23:15:29.142 [INFO ] Frontend -  [FRIEND_SCREEN] action=load_data_success friends=0 pending=0 suggested=1
2026-04-02 23:15:31.629 [INFO ] Frontend -  [FRIEND_SCREEN] action=socket_disconnected userId=c13f21dc-64b2-48cc-a50e-a80a1e6c42ad
2026-04-02 23:15:31.764 [WARN ] Frontend -  Primary geocoder failed (likely missing API key), trying fallback...
2026-04-02 23:17:12.266 [INFO ] Frontend -  User profile successfully loaded for: abhay
2026-04-02 23:17:19.619 [INFO ] Frontend -  [FRIEND_SCREEN] action=load_data_start
2026-04-02 23:17:19.806 [INFO ] Frontend -  User profile successfully loaded for: abhay
2026-04-02 23:17:19.820 [INFO ] Frontend -  [FRIEND_SCREEN] action=load_data_identity userId=615a6a78-05b1-49d7-8184-8d9e27854d1c
2026-04-02 23:17:19.853 [INFO ] Frontend -  [FRIEND_API] action=get_friends_start userId=615a6a78-05b1-49d7-8184-8d9e27854d1c traceId=friend-get-friends-1775152039825000
2026-04-02 23:17:19.857 [INFO ] Frontend -  [FRIEND_API] action=get_recommendations_start userId=615a6a78-05b1-49d7-8184-8d9e27854d1c traceId=friend-get-recommendations-1775152039833000
2026-04-02 23:17:19.857 [INFO ] Frontend -  [FRIEND_API] action=get_pending_start traceId=friend-get-pending-1775152039830000
2026-04-02 23:17:19.962 [INFO ] Frontend -  [FRIEND_API] action=get_friends_success userId=615a6a78-05b1-49d7-8184-8d9e27854d1c count=0 traceId=friend-get-friends-1775152039825000
2026-04-02 23:17:19.978 [INFO ] Frontend -  [FRIEND_API] action=get_pending_success count=0 traceId=friend-get-pending-1775152039830000
2026-04-02 23:17:20.290 [INFO ] Frontend -  [FRIEND_API] action=get_recommendations_success userId=615a6a78-05b1-49d7-8184-8d9e27854d1c count=2 traceId=friend-get-recommendations-1775152039833000
2026-04-02 23:17:20.303 [INFO ] Frontend -  [FRIEND_SCREEN] action=load_data_success friends=0 pending=0 suggested=2
2026-04-02 23:17:20.400 [INFO ] Frontend -  [FRIEND_SCREEN] action=socket_connected userId=615a6a78-05b1-49d7-8184-8d9e27854d1c
2026-04-02 23:17:37.602 [INFO ] Frontend -  User profile successfully loaded for: rohan
2026-04-02 23:17:37.632 [INFO ] Frontend -  [FRIEND_API] action=get_friends_start userId=c13f21dc-64b2-48cc-a50e-a80a1e6c42ad traceId=friend-get-friends-1775152057608000
2026-04-02 23:17:37.757 [INFO ] Frontend -  [FRIEND_API] action=get_friends_success userId=c13f21dc-64b2-48cc-a50e-a80a1e6c42ad count=0 traceId=friend-get-friends-1775152057608000
2026-04-02 23:17:49.303 [INFO ] Frontend -  [FRIEND_SCREEN] action=load_data_start
2026-04-02 23:17:49.508 [INFO ] Frontend -  User profile successfully loaded for: abhay
2026-04-02 23:17:49.523 [INFO ] Frontend -  [FRIEND_SCREEN] action=load_data_identity userId=615a6a78-05b1-49d7-8184-8d9e27854d1c
2026-04-02 23:17:49.542 [INFO ] Frontend -  [FRIEND_API] action=get_friends_start userId=615a6a78-05b1-49d7-8184-8d9e27854d1c traceId=friend-get-friends-1775152069526000
2026-04-02 23:17:49.542 [INFO ] Frontend -  [FRIEND_API] action=get_recommendations_start userId=615a6a78-05b1-49d7-8184-8d9e27854d1c traceId=friend-get-recommendations-1775152069535000
2026-04-02 23:17:49.542 [INFO ] Frontend -  [FRIEND_API] action=get_pending_start traceId=friend-get-pending-1775152069531000
2026-04-02 23:17:49.626 [INFO ] Frontend -  [FRIEND_API] action=get_friends_success userId=615a6a78-05b1-49d7-8184-8d9e27854d1c count=0 traceId=friend-get-friends-1775152069526000
2026-04-02 23:17:49.630 [INFO ] Frontend -  [FRIEND_API] action=get_pending_success count=0 traceId=friend-get-pending-1775152069531000
2026-04-02 23:17:49.855 [INFO ] Frontend -  [FRIEND_API] action=get_recommendations_success userId=615a6a78-05b1-49d7-8184-8d9e27854d1c count=2 traceId=friend-get-recommendations-1775152069535000
2026-04-02 23:17:49.866 [INFO ] Frontend -  [FRIEND_SCREEN] action=load_data_success friends=0 pending=0 suggested=2
2026-04-02 23:17:49.938 [INFO ] Frontend -  [FRIEND_SCREEN] action=socket_connected userId=615a6a78-05b1-49d7-8184-8d9e27854d1c
2026-04-02 23:17:54.844 [INFO ] Frontend -  [FRIEND_SCREEN] action=socket_disconnected userId=615a6a78-05b1-49d7-8184-8d9e27854d1c
2026-04-02 23:18:02.169 [INFO ] Frontend -  [FRIEND_SCREEN] action=load_data_start
2026-04-02 23:18:02.317 [INFO ] Frontend -  User profile successfully loaded for: abhay
2026-04-02 23:18:02.330 [INFO ] Frontend -  [FRIEND_SCREEN] action=load_data_identity userId=615a6a78-05b1-49d7-8184-8d9e27854d1c
2026-04-02 23:18:02.344 [INFO ] Frontend -  [FRIEND_API] action=get_pending_start traceId=friend-get-pending-1775152082335000
2026-04-02 23:18:02.344 [INFO ] Frontend -  [FRIEND_API] action=get_friends_start userId=615a6a78-05b1-49d7-8184-8d9e27854d1c traceId=friend-get-friends-1775152082332000
2026-04-02 23:18:02.344 [INFO ] Frontend -  [FRIEND_API] action=get_recommendations_start userId=615a6a78-05b1-49d7-8184-8d9e27854d1c traceId=friend-get-recommendations-1775152082338000
2026-04-02 23:18:02.431 [INFO ] Frontend -  [FRIEND_API] action=get_pending_success count=0 traceId=friend-get-pending-1775152082335000
2026-04-02 23:18:02.431 [INFO ] Frontend -  [FRIEND_API] action=get_friends_success userId=615a6a78-05b1-49d7-8184-8d9e27854d1c count=0 traceId=friend-get-friends-1775152082332000
2026-04-02 23:18:02.545 [INFO ] Frontend -  [FRIEND_API] action=get_recommendations_success userId=615a6a78-05b1-49d7-8184-8d9e27854d1c count=2 traceId=friend-get-recommendations-1775152082338000
2026-04-02 23:18:02.553 [INFO ] Frontend -  [FRIEND_SCREEN] action=load_data_success friends=0 pending=0 suggested=2
2026-04-02 23:18:02.593 [INFO ] Frontend -  [FRIEND_SCREEN] action=socket_connected userId=615a6a78-05b1-49d7-8184-8d9e27854d1c
2026-04-02 23:18:11.999 [INFO ] Frontend -  [FRIEND_SCREEN] action=tap_send_request target=c13f21dc-64b2-48cc-a50e-a80a1e6c42ad
2026-04-02 23:18:12.013 [INFO ] Frontend -  [FRIEND_API] action=send_request_start target=c13f21dc-64b2-48cc-a50e-a80a1e6c42ad traceId=friend-send-request-1775152092005000
2026-04-02 23:18:12.181 [INFO ] Frontend -  [FRIEND_SCREEN] action=load_data_start
2026-04-02 23:18:12.180 [INFO ] Frontend -  [FRIEND_SCREEN] action=socket_refresh userId=615a6a78-05b1-49d7-8184-8d9e27854d1c
2026-04-02 23:18:12.196 [INFO ] Frontend -  [FRIEND_API] action=send_request_success target=c13f21dc-64b2-48cc-a50e-a80a1e6c42ad traceId=friend-send-request-1775152092005000
2026-04-02 23:18:12.238 [INFO ] Frontend -  [FRIEND_SCREEN] action=socket_refresh userId=615a6a78-05b1-49d7-8184-8d9e27854d1c
2026-04-02 23:18:12.238 [INFO ] Frontend -  [FRIEND_SCREEN] action=load_data_start
2026-04-02 23:18:12.248 [INFO ] Frontend -  [FRIEND_SCREEN] action=load_data_start
2026-04-02 23:18:12.509 [INFO ] Frontend -  User profile successfully loaded for: abhay
2026-04-02 23:18:12.554 [INFO ] Frontend -  [FRIEND_SCREEN] action=load_data_identity userId=615a6a78-05b1-49d7-8184-8d9e27854d1c
2026-04-02 23:18:12.588 [INFO ] Frontend -  [FRIEND_API] action=get_recommendations_start userId=615a6a78-05b1-49d7-8184-8d9e27854d1c traceId=friend-get-recommendations-1775152092572000
2026-04-02 23:18:12.588 [INFO ] Frontend -  [FRIEND_API] action=get_friends_start userId=615a6a78-05b1-49d7-8184-8d9e27854d1c traceId=friend-get-friends-1775152092558000
2026-04-02 23:18:12.588 [INFO ] Frontend -  [FRIEND_API] action=get_pending_start traceId=friend-get-pending-1775152092566000
2026-04-02 23:18:12.606 [INFO ] Frontend -  User profile successfully loaded for: abhay
2026-04-02 23:18:12.723 [INFO ] Frontend -  [FRIEND_SCREEN] action=load_data_identity userId=615a6a78-05b1-49d7-8184-8d9e27854d1c
2026-04-02 23:18:14.308 [INFO ] Frontend -  [FRIEND_API] action=get_pending_start traceId=friend-get-pending-1775152092731000
2026-04-02 23:18:14.308 [INFO ] Frontend -  [FRIEND_API] action=get_friends_start userId=615a6a78-05b1-49d7-8184-8d9e27854d1c traceId=friend-get-friends-1775152092726000
2026-04-02 23:18:14.380 [INFO ] Frontend -  [FRIEND_API] action=get_recommendations_start userId=615a6a78-05b1-49d7-8184-8d9e27854d1c traceId=friend-get-recommendations-1775152092735000
2026-04-02 23:18:14.396 [INFO ] Frontend -  [FRIEND_API] action=get_pending_success count=0 traceId=friend-get-pending-1775152092566000
2026-04-02 23:18:14.404 [INFO ] Frontend -  [FRIEND_API] action=get_friends_success userId=615a6a78-05b1-49d7-8184-8d9e27854d1c count=0 traceId=friend-get-friends-1775152092558000
2026-04-02 23:18:14.470 [INFO ] Frontend -  User profile successfully loaded for: abhay
2026-04-02 23:18:14.517 [INFO ] Frontend -  [FRIEND_SCREEN] action=load_data_identity userId=615a6a78-05b1-49d7-8184-8d9e27854d1c
2026-04-02 23:18:14.534 [INFO ] Frontend -  [FRIEND_API] action=get_pending_success count=0 traceId=friend-get-pending-1775152092731000
2026-04-02 23:18:14.551 [INFO ] Frontend -  [FRIEND_API] action=get_recommendations_start userId=615a6a78-05b1-49d7-8184-8d9e27854d1c traceId=friend-get-recommendations-1775152094539000
2026-04-02 23:18:14.555 [INFO ] Frontend -  [FRIEND_API] action=get_pending_start traceId=friend-get-pending-1775152094534000
2026-04-02 23:18:14.561 [INFO ] Frontend -  [FRIEND_API] action=get_friends_success userId=615a6a78-05b1-49d7-8184-8d9e27854d1c count=0 traceId=friend-get-friends-1775152092726000
2026-04-02 23:18:14.560 [INFO ] Frontend -  [FRIEND_API] action=get_friends_start userId=615a6a78-05b1-49d7-8184-8d9e27854d1c traceId=friend-get-friends-1775152094527000
2026-04-02 23:18:14.658 [INFO ] Frontend -  [FRIEND_API] action=get_friends_success userId=615a6a78-05b1-49d7-8184-8d9e27854d1c count=0 traceId=friend-get-friends-1775152094527000
2026-04-02 23:18:14.658 [INFO ] Frontend -  [FRIEND_API] action=get_pending_success count=0 traceId=friend-get-pending-1775152094534000
2026-04-02 23:18:14.789 [INFO ] Frontend -  [FRIEND_API] action=get_recommendations_success userId=615a6a78-05b1-49d7-8184-8d9e27854d1c count=2 traceId=friend-get-recommendations-1775152092572000
2026-04-02 23:18:14.807 [INFO ] Frontend -  [FRIEND_SCREEN] action=load_data_success friends=0 pending=0 suggested=2
2026-04-02 23:18:14.946 [INFO ] Frontend -  [FRIEND_API] action=get_recommendations_success userId=615a6a78-05b1-49d7-8184-8d9e27854d1c count=2 traceId=friend-get-recommendations-1775152092735000
2026-04-02 23:18:14.964 [INFO ] Frontend -  [FRIEND_SCREEN] action=load_data_success friends=0 pending=0 suggested=2
2026-04-02 23:18:15.024 [INFO ] Frontend -  [FRIEND_API] action=get_recommendations_success userId=615a6a78-05b1-49d7-8184-8d9e27854d1c count=2 traceId=friend-get-recommendations-1775152094539000
2026-04-02 23:18:15.033 [INFO ] Frontend -  [FRIEND_SCREEN] action=load_data_success friends=0 pending=0 suggested=2
2026-04-02 23:18:23.544 [INFO ] Frontend -  [FRIEND_SCREEN] action=socket_disconnected userId=615a6a78-05b1-49d7-8184-8d9e27854d1c
2026-04-02 23:18:28.237 [INFO ] Frontend -  [FRIEND_SCREEN] action=socket_disconnected userId=615a6a78-05b1-49d7-8184-8d9e27854d1c
2026-04-02 23:18:33.545 [WARN ] Frontend -  Primary geocoder failed (likely missing API key), trying fallback...
2026-04-02 23:18:45.217 [INFO ] Frontend -  [FRIEND_SCREEN] action=load_data_start
2026-04-02 23:18:45.523 [INFO ] Frontend -  User profile successfully loaded for: rohan
2026-04-02 23:18:45.539 [INFO ] Frontend -  [FRIEND_SCREEN] action=load_data_identity userId=c13f21dc-64b2-48cc-a50e-a80a1e6c42ad
2026-04-02 23:18:45.557 [INFO ] Frontend -  [FRIEND_API] action=get_pending_start traceId=friend-get-pending-1775152125545000
2026-04-02 23:18:45.557 [INFO ] Frontend -  [FRIEND_API] action=get_recommendations_start userId=c13f21dc-64b2-48cc-a50e-a80a1e6c42ad traceId=friend-get-recommendations-1775152125548000
2026-04-02 23:18:45.559 [INFO ] Frontend -  [FRIEND_API] action=get_friends_start userId=c13f21dc-64b2-48cc-a50e-a80a1e6c42ad traceId=friend-get-friends-1775152125542000
2026-04-02 23:18:45.656 [INFO ] Frontend -  [FRIEND_API] action=get_friends_success userId=c13f21dc-64b2-48cc-a50e-a80a1e6c42ad count=0 traceId=friend-get-friends-1775152125542000
2026-04-02 23:18:46.207 [INFO ] Frontend -  [FRIEND_API] action=get_recommendations_success userId=c13f21dc-64b2-48cc-a50e-a80a1e6c42ad count=1 traceId=friend-get-recommendations-1775152125548000
2026-04-02 23:18:47.331 [INFO ] Frontend -  [FRIEND_API] action=get_pending_success count=1 traceId=friend-get-pending-1775152125545000
2026-04-02 23:18:47.356 [INFO ] Frontend -  [FRIEND_SCREEN] action=load_data_success friends=0 pending=1 suggested=1
2026-04-02 23:18:47.501 [INFO ] Frontend -  [FRIEND_SCREEN] action=socket_connected userId=c13f21dc-64b2-48cc-a50e-a80a1e6c42ad
2026-04-02 23:18:49.698 [INFO ] Frontend -  [FRIEND_SCREEN] action=tap_accept_request requestId=2
2026-04-02 23:18:49.745 [INFO ] Frontend -  [FRIEND_API] action=accept_request_start requestId=2 traceId=friend-accept-request-1775152129730000
2026-04-02 23:18:51.357 [INFO ] Frontend -  [FRIEND_SCREEN] action=load_data_start
2026-04-02 23:18:51.358 [INFO ] Frontend -  [FRIEND_SCREEN] action=socket_refresh userId=c13f21dc-64b2-48cc-a50e-a80a1e6c42ad
2026-04-02 23:18:51.545 [INFO ] Frontend -  [FRIEND_API] action=accept_request_success requestId=2 traceId=friend-accept-request-1775152129730000
2026-04-02 23:18:51.684 [INFO ] Frontend -  [FRIEND_SCREEN] action=load_data_start
2026-04-02 23:18:52.095 [INFO ] Frontend -  User profile successfully loaded for: rohan
2026-04-02 23:18:52.128 [INFO ] Frontend -  [FRIEND_SCREEN] action=load_data_identity userId=c13f21dc-64b2-48cc-a50e-a80a1e6c42ad
2026-04-02 23:18:52.154 [INFO ] Frontend -  [FRIEND_API] action=get_friends_start userId=c13f21dc-64b2-48cc-a50e-a80a1e6c42ad traceId=friend-get-friends-1775152132132000
2026-04-02 23:18:52.157 [INFO ] Frontend -  [FRIEND_API] action=get_pending_start traceId=friend-get-pending-1775152132136000
2026-04-02 23:18:52.158 [INFO ] Frontend -  [FRIEND_API] action=get_recommendations_start userId=c13f21dc-64b2-48cc-a50e-a80a1e6c42ad traceId=friend-get-recommendations-1775152132140000
2026-04-02 23:18:52.305 [INFO ] Frontend -  [FRIEND_API] action=get_pending_success count=0 traceId=friend-get-pending-1775152132136000
2026-04-02 23:18:52.471 [INFO ] Frontend -  User profile successfully loaded for: rohan
2026-04-02 23:18:52.502 [INFO ] Frontend -  [FRIEND_SCREEN] action=load_data_identity userId=c13f21dc-64b2-48cc-a50e-a80a1e6c42ad
2026-04-02 23:18:52.540 [INFO ] Frontend -  [FRIEND_API] action=get_recommendations_start userId=c13f21dc-64b2-48cc-a50e-a80a1e6c42ad traceId=friend-get-recommendations-1775152132515000
2026-04-02 23:18:52.540 [INFO ] Frontend -  [FRIEND_API] action=get_friends_start userId=c13f21dc-64b2-48cc-a50e-a80a1e6c42ad traceId=friend-get-friends-1775152132508000
2026-04-02 23:18:52.540 [INFO ] Frontend -  [FRIEND_API] action=get_pending_start traceId=friend-get-pending-1775152132512000
2026-04-02 23:18:52.698 [INFO ] Frontend -  [FRIEND_API] action=get_friends_success userId=c13f21dc-64b2-48cc-a50e-a80a1e6c42ad count=1 traceId=friend-get-friends-1775152132132000
2026-04-02 23:18:52.993 [INFO ] Frontend -  [FRIEND_API] action=get_pending_success count=0 traceId=friend-get-pending-1775152132512000
2026-04-02 23:18:53.091 [INFO ] Frontend -  [FRIEND_API] action=get_recommendations_success userId=c13f21dc-64b2-48cc-a50e-a80a1e6c42ad count=1 traceId=friend-get-recommendations-1775152132140000
2026-04-02 23:18:53.108 [INFO ] Frontend -  [FRIEND_SCREEN] action=load_data_success friends=1 pending=0 suggested=1
2026-04-02 23:18:53.462 [INFO ] Frontend -  [FRIEND_API] action=get_friends_success userId=c13f21dc-64b2-48cc-a50e-a80a1e6c42ad count=1 traceId=friend-get-friends-1775152132508000
2026-04-02 23:18:53.507 [INFO ] Frontend -  [FRIEND_API] action=get_recommendations_success userId=c13f21dc-64b2-48cc-a50e-a80a1e6c42ad count=1 traceId=friend-get-recommendations-1775152132515000
2026-04-02 23:18:53.521 [INFO ] Frontend -  [FRIEND_SCREEN] action=load_data_success friends=1 pending=0 suggested=1
2026-04-02 23:18:54.217 [INFO ] Frontend -  [FRIEND_SCREEN] action=socket_disconnected userId=c13f21dc-64b2-48cc-a50e-a80a1e6c42ad
2026-04-02 23:18:54.258 [WARN ] Frontend -  Primary geocoder failed (likely missing API key), trying fallback...
2026-04-02 23:19:05.159 [INFO ] Frontend -  [FRIEND_SCREEN] action=load_data_start
2026-04-02 23:19:05.731 [INFO ] Frontend -  User profile successfully loaded for: abhay
2026-04-02 23:19:05.761 [INFO ] Frontend -  [FRIEND_SCREEN] action=load_data_identity userId=615a6a78-05b1-49d7-8184-8d9e27854d1c
2026-04-02 23:19:05.785 [INFO ] Frontend -  [FRIEND_API] action=get_recommendations_start userId=615a6a78-05b1-49d7-8184-8d9e27854d1c traceId=friend-get-recommendations-1775152145774000
2026-04-02 23:19:05.785 [INFO ] Frontend -  [FRIEND_API] action=get_pending_start traceId=friend-get-pending-1775152145770000
2026-04-02 23:19:05.785 [INFO ] Frontend -  [FRIEND_API] action=get_friends_start userId=615a6a78-05b1-49d7-8184-8d9e27854d1c traceId=friend-get-friends-1775152145766000
2026-04-02 23:19:06.025 [INFO ] Frontend -  [FRIEND_API] action=get_pending_success count=0 traceId=friend-get-pending-1775152145770000
2026-04-02 23:19:06.220 [INFO ] Frontend -  [FRIEND_API] action=get_friends_success userId=615a6a78-05b1-49d7-8184-8d9e27854d1c count=1 traceId=friend-get-friends-1775152145766000
2026-04-02 23:19:06.229 [INFO ] Frontend -  [FRIEND_API] action=get_recommendations_success userId=615a6a78-05b1-49d7-8184-8d9e27854d1c count=1 traceId=friend-get-recommendations-1775152145774000
2026-04-02 23:19:06.246 [INFO ] Frontend -  [FRIEND_SCREEN] action=load_data_success friends=1 pending=0 suggested=1
2026-04-02 23:19:06.329 [INFO ] Frontend -  [FRIEND_SCREEN] action=socket_connected userId=615a6a78-05b1-49d7-8184-8d9e27854d1c
2026-04-02 23:19:07.112 [INFO ] Frontend -  [FRIEND_SCREEN] action=load_data_start
2026-04-02 23:19:07.586 [INFO ] Frontend -  User profile successfully loaded for: abhay
2026-04-02 23:19:07.620 [INFO ] Frontend -  [FRIEND_SCREEN] action=load_data_identity userId=615a6a78-05b1-49d7-8184-8d9e27854d1c
2026-04-02 23:19:07.665 [INFO ] Frontend -  [FRIEND_API] action=get_friends_start userId=615a6a78-05b1-49d7-8184-8d9e27854d1c traceId=friend-get-friends-1775152147624000
2026-04-02 23:19:07.665 [INFO ] Frontend -  [FRIEND_API] action=get_recommendations_start userId=615a6a78-05b1-49d7-8184-8d9e27854d1c traceId=friend-get-recommendations-1775152147631000
2026-04-02 23:19:07.668 [INFO ] Frontend -  [FRIEND_API] action=get_pending_start traceId=friend-get-pending-1775152147628000
2026-04-02 23:19:08.083 [INFO ] Frontend -  [FRIEND_API] action=get_pending_success count=0 traceId=friend-get-pending-1775152147628000
2026-04-02 23:19:08.899 [INFO ] Frontend -  [FRIEND_API] action=get_recommendations_success userId=615a6a78-05b1-49d7-8184-8d9e27854d1c count=1 traceId=friend-get-recommendations-1775152147631000
2026-04-02 23:19:08.899 [INFO ] Frontend -  [FRIEND_API] action=get_friends_success userId=615a6a78-05b1-49d7-8184-8d9e27854d1c count=1 traceId=friend-get-friends-1775152147624000
2026-04-02 23:19:08.943 [INFO ] Frontend -  [FRIEND_SCREEN] action=load_data_success friends=1 pending=0 suggested=1
2026-04-02 23:19:09.259 [INFO ] Frontend -  [FRIEND_SCREEN] action=socket_connected userId=615a6a78-05b1-49d7-8184-8d9e27854d1c
2026-04-02 23:19:17.603 [INFO ] Frontend -  [FRIEND_SCREEN] action=socket_disconnected userId=615a6a78-05b1-49d7-8184-8d9e27854d1c
2026-04-02 23:19:21.212 [INFO ] Frontend -  Initiating secure logout...
2026-04-02 23:19:22.212 [INFO ] Frontend -  Clearing local secure storage tokens
2026-04-02 23:19:56.441 [INFO ] Frontend -  User profile successfully loaded for: rohan
2026-04-02 23:19:56.469 [INFO ] Frontend -  [FRIEND_API] action=get_friends_start userId=c13f21dc-64b2-48cc-a50e-a80a1e6c42ad traceId=friend-get-friends-1775152196456000
2026-04-02 23:19:57.530 [INFO ] Frontend -  [FRIEND_API] action=get_friends_success userId=c13f21dc-64b2-48cc-a50e-a80a1e6c42ad count=1 traceId=friend-get-friends-1775152196456000
2026-04-02 23:20:07.597 [INFO ] Frontend -  User profile successfully loaded for: rohan
2026-04-02 23:20:07.610 [INFO ] Frontend -  [FRIEND_API] action=get_friends_start userId=c13f21dc-64b2-48cc-a50e-a80a1e6c42ad traceId=friend-get-friends-1775152207600000
2026-04-02 23:20:07.885 [INFO ] Frontend -  [FRIEND_API] action=get_friends_success userId=c13f21dc-64b2-48cc-a50e-a80a1e6c42ad count=1 traceId=friend-get-friends-1775152207600000
2026-04-02 23:20:14.142 [INFO ] Frontend -  [FRIEND_SCREEN] action=socket_disconnected userId=615a6a78-05b1-49d7-8184-8d9e27854d1c
2026-04-02 23:20:14.502 [WARN ] Frontend -  Failed to fetch notifications: 401 {"status":401,"message":"Invalid token"}
2026-04-02 23:20:22.580 [WARN ] Frontend -  Failed to fetch notifications: 401 {"status":401,"message":"Invalid token"}
2026-04-02 23:20:37.784 [INFO ] Frontend -  Attempting login for user: ag@gmai.com
2026-04-02 23:20:38.070 [WARN ] Frontend -  This is the second data : {success: false, message: Invalid credentials}
2026-04-02 23:20:38.070 [WARN ] Frontend -  Login failed with status 401
2026-04-02 23:20:44.105 [INFO ] Frontend -  Attempting login for user: ag@gmail.com
2026-04-02 23:20:44.666 [INFO ] Frontend -  Login successful. Tokens securely stored.
2026-04-02 23:20:44.666 [WARN ] Frontend -  This is the second data : {success: true, data: {userId: 615a6a78-05b1-49d7-8184-8d9e27854d1c, token: eyJhbGciOiJIUzI1NiJ9.eyJzdWIiOiI2MTVhNmE3OC0wNWIxLTQ5ZDctODE4NC04ZDllMjc4NTRkMWMiLCJyb2xlcyI6IlJJREVSIiwiaWF0IjoxNzc1MTUyMjQ0LCJleHAiOjE3NzUxNTMxNDR9.FpeNZC8iJL5RViwq-ut_OAlYnQ4Bl2Vqczj8CDXVRBE, refreshToken: 6e014a36-880e-4518-a1db-2e55661c91b4, expiresIn: 900}}
2026-04-02 23:20:44.938 [INFO ] Frontend -  User profile successfully loaded for: abhay
2026-04-02 23:22:15.409 [INFO ] Frontend -  User profile successfully loaded for: rohan
2026-04-02 23:22:15.432 [INFO ] Frontend -  [FRIEND_API] action=get_friends_start userId=c13f21dc-64b2-48cc-a50e-a80a1e6c42ad traceId=friend-get-friends-1775152335423000
2026-04-02 23:22:16.831 [INFO ] Frontend -  [FRIEND_API] action=get_friends_success userId=c13f21dc-64b2-48cc-a50e-a80a1e6c42ad count=1 traceId=friend-get-friends-1775152335423000
2026-04-02 23:33:50.897 [INFO ] Frontend -  Attempting login for user: rs@gmail.com
2026-04-02 23:33:54.813 [INFO ] Frontend -  Login successful. Tokens securely stored.
2026-04-02 23:33:54.819 [WARN ] Frontend -  This is the second data : {success: true, data: {userId: c13f21dc-64b2-48cc-a50e-a80a1e6c42ad, token: eyJhbGciOiJIUzI1NiJ9.eyJzdWIiOiJjMTNmMjFkYy02NGIyLTQ4Y2MtYTUwZS1hODBhMWU2YzQyYWQiLCJyb2xlcyI6IlJJREVSIiwiaWF0IjoxNzc1MTUzMDM0LCJleHAiOjE3NzUxNTM5MzR9.A75LvniB6YkZSekHnNVisaZTkSpzGgUocVRGj3QMn44, refreshToken: 7e451c3b-9419-4116-b417-15741085b4eb, expiresIn: 900}}
2026-04-02 23:34:43.460 [INFO ] Frontend -  User profile successfully loaded for: rohan
2026-04-02 23:34:44.962 [WARN ] Frontend -  Primary geocoder failed (likely missing API key), trying fallback...
2026-04-02 23:34:52.688 [INFO ] Frontend -  Attempting login for user: ag@gmail.com
2026-04-02 23:34:53.383 [WARN ] Frontend -  This is the second data : {success: true, data: {userId: 615a6a78-05b1-49d7-8184-8d9e27854d1c, token: eyJhbGciOiJIUzI1NiJ9.eyJzdWIiOiI2MTVhNmE3OC0wNWIxLTQ5ZDctODE4NC04ZDllMjc4NTRkMWMiLCJyb2xlcyI6IlJJREVSIiwiaWF0IjoxNzc1MTUzMDkzLCJleHAiOjE3NzUxNTM5OTN9.x9U67ROe6B71G2FI2lhSXMOvzUPCrcwMt-vIPqmV-RA, refreshToken: bfd094b9-5a78-4f78-b0c3-ed7fb262510b, expiresIn: 900}}
2026-04-02 23:34:53.382 [INFO ] Frontend -  Login successful. Tokens securely stored.
2026-04-02 23:34:53.934 [INFO ] Frontend -  User profile successfully loaded for: abhay
2026-04-03 00:01:03.145 [INFO ] Frontend -  Attempting login for user: rs@gmail.com
2026-04-03 00:01:04.091 [WARN ] Frontend -  Login failed with status 401
2026-04-03 00:01:04.091 [WARN ] Frontend -  This is the second data : {success: false, message: Invalid credentials}
2026-04-03 00:01:11.609 [INFO ] Frontend -  Attempting login for user: rs@gmail.com
2026-04-03 00:01:11.754 [WARN ] Frontend -  This is the second data : {success: false, message: Invalid credentials}
2026-04-03 00:01:11.761 [WARN ] Frontend -  Login failed with status 401
2026-04-03 00:01:46.593 [INFO ] Frontend -  User profile successfully loaded for: rohan
2026-04-03 00:01:46.966 [WARN ] Frontend -  Primary geocoder failed (likely missing API key), trying fallback...
2026-04-03 00:02:16.199 [INFO ] Frontend -  User profile successfully loaded for: abhay
2026-04-03 00:02:36.791 [INFO ] Frontend -  User profile successfully loaded for: rohan
2026-04-03 00:02:36.815 [INFO ] Frontend -  [FRIEND_API] action=get_friends_start userId=d930dee8-2827-42b8-be9d-ca18db0212ac traceId=friend-get-friends-1775154756798000
2026-04-03 00:02:37.055 [INFO ] Frontend -  [FRIEND_API] action=get_friends_success userId=d930dee8-2827-42b8-be9d-ca18db0212ac count=0 traceId=friend-get-friends-1775154756798000
2026-04-03 00:03:26.568 [WARN ] Frontend -  Primary geocoder failed (likely missing API key), trying fallback...
2026-04-03 00:07:19.207 [INFO ] Frontend -  User profile successfully loaded for: rohan
2026-04-03 00:07:19.228 [INFO ] Frontend -  [FRIEND_API] action=get_friends_start userId=d930dee8-2827-42b8-be9d-ca18db0212ac traceId=friend-get-friends-1775155039217000
2026-04-03 00:07:19.284 [INFO ] Frontend -  [FRIEND_API] action=get_friends_success userId=d930dee8-2827-42b8-be9d-ca18db0212ac count=0 traceId=friend-get-friends-1775155039217000
2026-04-03 00:07:25.952 [INFO ] Frontend -  [FRIEND_SCREEN] action=load_data_start
2026-04-03 00:07:26.133 [INFO ] Frontend -  User profile successfully loaded for: abhay
2026-04-03 00:07:26.150 [INFO ] Frontend -  [FRIEND_SCREEN] action=load_data_identity userId=691e1ebc-d166-4dc7-8067-22d80c9cc126
2026-04-03 00:07:26.188 [INFO ] Frontend -  [FRIEND_API] action=get_friends_start userId=691e1ebc-d166-4dc7-8067-22d80c9cc126 traceId=friend-get-friends-1775155046159000
2026-04-03 00:07:26.189 [INFO ] Frontend -  [FRIEND_API] action=get_recommendations_start userId=691e1ebc-d166-4dc7-8067-22d80c9cc126 traceId=friend-get-recommendations-1775155046167000
2026-04-03 00:07:26.196 [INFO ] Frontend -  [FRIEND_API] action=get_pending_start traceId=friend-get-pending-1775155046163000
2026-04-03 00:07:26.317 [INFO ] Frontend -  [FRIEND_API] action=get_friends_success userId=691e1ebc-d166-4dc7-8067-22d80c9cc126 count=0 traceId=friend-get-friends-1775155046159000
2026-04-03 00:07:26.344 [INFO ] Frontend -  [FRIEND_API] action=get_pending_success count=0 traceId=friend-get-pending-1775155046163000
2026-04-03 00:07:29.056 [INFO ] Frontend -  [FRIEND_API] action=get_recommendations_success userId=691e1ebc-d166-4dc7-8067-22d80c9cc126 count=1 traceId=friend-get-recommendations-1775155046167000
2026-04-03 00:07:29.068 [INFO ] Frontend -  [FRIEND_SCREEN] action=load_data_success friends=0 pending=0 suggested=1
2026-04-03 00:07:29.216 [INFO ] Frontend -  [FRIEND_SCREEN] action=socket_connected userId=691e1ebc-d166-4dc7-8067-22d80c9cc126
2026-04-03 00:07:31.839 [INFO ] Frontend -  [FRIEND_SCREEN] action=tap_send_request target=d930dee8-2827-42b8-be9d-ca18db0212ac
2026-04-03 00:07:31.852 [INFO ] Frontend -  [FRIEND_API] action=send_request_start target=d930dee8-2827-42b8-be9d-ca18db0212ac traceId=friend-send-request-1775155051844000
2026-04-03 00:07:32.145 [INFO ] Frontend -  [FRIEND_SCREEN] action=socket_refresh userId=691e1ebc-d166-4dc7-8067-22d80c9cc126
2026-04-03 00:07:32.145 [INFO ] Frontend -  [FRIEND_SCREEN] action=load_data_start
2026-04-03 00:07:32.152 [INFO ] Frontend -  [FRIEND_API] action=send_request_success target=d930dee8-2827-42b8-be9d-ca18db0212ac traceId=friend-send-request-1775155051844000
2026-04-03 00:07:32.193 [INFO ] Frontend -  [FRIEND_SCREEN] action=load_data_start
2026-04-03 00:07:32.264 [INFO ] Frontend -  User profile successfully loaded for: abhay
2026-04-03 00:07:32.286 [INFO ] Frontend -  [FRIEND_SCREEN] action=load_data_identity userId=691e1ebc-d166-4dc7-8067-22d80c9cc126
2026-04-03 00:07:32.348 [INFO ] Frontend -  [FRIEND_API] action=get_friends_start userId=691e1ebc-d166-4dc7-8067-22d80c9cc126 traceId=friend-get-friends-1775155052294000
2026-04-03 00:07:32.348 [INFO ] Frontend -  [FRIEND_API] action=get_pending_start traceId=friend-get-pending-1775155052299000
2026-04-03 00:07:32.348 [INFO ] Frontend -  [FRIEND_API] action=get_recommendations_start userId=691e1ebc-d166-4dc7-8067-22d80c9cc126 traceId=friend-get-recommendations-1775155052306000
2026-04-03 00:07:32.378 [INFO ] Frontend -  User profile successfully loaded for: abhay
2026-04-03 00:07:32.401 [INFO ] Frontend -  [FRIEND_SCREEN] action=load_data_identity userId=691e1ebc-d166-4dc7-8067-22d80c9cc126
2026-04-03 00:07:32.450 [INFO ] Frontend -  [FRIEND_API] action=get_recommendations_start userId=691e1ebc-d166-4dc7-8067-22d80c9cc126 traceId=friend-get-recommendations-1775155052427000
2026-04-03 00:07:32.450 [INFO ] Frontend -  [FRIEND_API] action=get_pending_start traceId=friend-get-pending-1775155052424000
2026-04-03 00:07:32.450 [INFO ] Frontend -  [FRIEND_API] action=get_friends_start userId=691e1ebc-d166-4dc7-8067-22d80c9cc126 traceId=friend-get-friends-1775155052420000
2026-04-03 00:07:32.465 [INFO ] Frontend -  [FRIEND_API] action=get_friends_success userId=691e1ebc-d166-4dc7-8067-22d80c9cc126 count=0 traceId=friend-get-friends-1775155052294000
2026-04-03 00:07:32.465 [INFO ] Frontend -  [FRIEND_API] action=get_pending_success count=0 traceId=friend-get-pending-1775155052299000
2026-04-03 00:07:32.630 [INFO ] Frontend -  [FRIEND_API] action=get_friends_success userId=691e1ebc-d166-4dc7-8067-22d80c9cc126 count=0 traceId=friend-get-friends-1775155052420000
2026-04-03 00:07:32.630 [INFO ] Frontend -  [FRIEND_API] action=get_pending_success count=0 traceId=friend-get-pending-1775155052424000
2026-04-03 00:07:32.907 [INFO ] Frontend -  [FRIEND_API] action=get_recommendations_success userId=691e1ebc-d166-4dc7-8067-22d80c9cc126 count=1 traceId=friend-get-recommendations-1775155052306000
2026-04-03 00:07:32.924 [INFO ] Frontend -  [FRIEND_SCREEN] action=load_data_success friends=0 pending=0 suggested=1
2026-04-03 00:07:33.174 [INFO ] Frontend -  [FRIEND_API] action=get_recommendations_success userId=691e1ebc-d166-4dc7-8067-22d80c9cc126 count=1 traceId=friend-get-recommendations-1775155052427000
2026-04-03 00:07:33.250 [INFO ] Frontend -  [FRIEND_SCREEN] action=load_data_success friends=0 pending=0 suggested=1
2026-04-03 00:07:37.629 [WARN ] Frontend -  Primary geocoder failed (likely missing API key), trying fallback...
2026-04-03 00:07:49.203 [INFO ] Frontend -  [PUBLIC_PROFILE] action=fetch_mutual_count target=d930dee8-2827-42b8-be9d-ca18db0212ac
2026-04-03 00:07:49.203 [INFO ] Frontend -  [PUBLIC_PROFILE] action=fetch_relationship target=d930dee8-2827-42b8-be9d-ca18db0212ac
2026-04-03 00:07:49.203 [INFO ] Frontend -  [PUBLIC_PROFILE] action=fetch_friend_count target=d930dee8-2827-42b8-be9d-ca18db0212ac
2026-04-03 00:07:49.242 [INFO ] Frontend -  [FRIEND_API] action=get_mutual_count_start target=d930dee8-2827-42b8-be9d-ca18db0212ac traceId=friend-get-mutual-count-1775155069230000
2026-04-03 00:07:49.248 [INFO ] Frontend -  [FRIEND_API] action=get_friends_start userId=d930dee8-2827-42b8-be9d-ca18db0212ac traceId=friend-get-friends-1775155069236000
2026-04-03 00:07:49.257 [INFO ] Frontend -  [FRIEND_API] action=get_relationship_start target=d930dee8-2827-42b8-be9d-ca18db0212ac traceId=friend-get-relationship-1775155069241000
2026-04-03 00:07:49.399 [INFO ] Frontend -  [FRIEND_API] action=get_friends_success userId=d930dee8-2827-42b8-be9d-ca18db0212ac count=0 traceId=friend-get-friends-1775155069236000
2026-04-03 00:07:49.573 [INFO ] Frontend -  [FRIEND_API] action=get_relationship_success target=d930dee8-2827-42b8-be9d-ca18db0212ac statusValue=request_sent traceId=friend-get-relationship-1775155069241000
2026-04-03 00:07:50.012 [INFO ] Frontend -  [FRIEND_API] action=get_mutual_count_success target=d930dee8-2827-42b8-be9d-ca18db0212ac count=0 traceId=friend-get-mutual-count-1775155069230000
2026-04-03 00:08:45.827 [INFO ] Frontend -  [FRIEND_SCREEN] action=load_data_start
2026-04-03 00:08:45.995 [INFO ] Frontend -  User profile successfully loaded for: rohan
2026-04-03 00:08:46.011 [INFO ] Frontend -  [FRIEND_SCREEN] action=load_data_identity userId=d930dee8-2827-42b8-be9d-ca18db0212ac
2026-04-03 00:08:46.031 [INFO ] Frontend -  [FRIEND_API] action=get_pending_start traceId=friend-get-pending-1775155126021000
2026-04-03 00:08:46.032 [INFO ] Frontend -  [FRIEND_API] action=get_friends_start userId=d930dee8-2827-42b8-be9d-ca18db0212ac traceId=friend-get-friends-1775155126017000
2026-04-03 00:08:46.031 [INFO ] Frontend -  [FRIEND_API] action=get_recommendations_start userId=d930dee8-2827-42b8-be9d-ca18db0212ac traceId=friend-get-recommendations-1775155126024000
2026-04-03 00:08:46.114 [INFO ] Frontend -  [FRIEND_API] action=get_friends_success userId=d930dee8-2827-42b8-be9d-ca18db0212ac count=0 traceId=friend-get-friends-1775155126017000
2026-04-03 00:08:46.284 [INFO ] Frontend -  [FRIEND_API] action=get_pending_success count=1 traceId=friend-get-pending-1775155126021000
2026-04-03 00:08:46.317 [INFO ] Frontend -  [FRIEND_API] action=get_recommendations_success userId=d930dee8-2827-42b8-be9d-ca18db0212ac count=0 traceId=friend-get-recommendations-1775155126024000
2026-04-03 00:08:46.334 [INFO ] Frontend -  [FRIEND_SCREEN] action=load_data_success friends=0 pending=1 suggested=0
2026-04-03 00:08:46.406 [INFO ] Frontend -  [FRIEND_SCREEN] action=socket_connected userId=d930dee8-2827-42b8-be9d-ca18db0212ac
2026-04-03 00:08:48.822 [INFO ] Frontend -  [FRIEND_SCREEN] action=tap_accept_request requestId=1
2026-04-03 00:08:48.854 [INFO ] Frontend -  [FRIEND_API] action=accept_request_start requestId=1 traceId=friend-accept-request-1775155128835000
2026-04-03 00:08:50.471 [INFO ] Frontend -  [FRIEND_SCREEN] action=load_data_start
2026-04-03 00:08:50.469 [INFO ] Frontend -  [FRIEND_SCREEN] action=load_data_start
2026-04-03 00:08:50.469 [INFO ] Frontend -  [FRIEND_SCREEN] action=socket_refresh userId=d930dee8-2827-42b8-be9d-ca18db0212ac
2026-04-03 00:08:50.469 [INFO ] Frontend -  [FRIEND_SCREEN] action=socket_refresh userId=691e1ebc-d166-4dc7-8067-22d80c9cc126
2026-04-03 00:08:50.752 [INFO ] Frontend -  [FRIEND_API] action=accept_request_success requestId=1 traceId=friend-accept-request-1775155128835000
2026-04-03 00:08:50.803 [INFO ] Frontend -  [FRIEND_SCREEN] action=load_data_start
2026-04-03 00:08:50.910 [INFO ] Frontend -  User profile successfully loaded for: abhay
2026-04-03 00:08:50.938 [INFO ] Frontend -  [FRIEND_SCREEN] action=load_data_identity userId=691e1ebc-d166-4dc7-8067-22d80c9cc126
2026-04-03 00:08:50.964 [INFO ] Frontend -  [FRIEND_API] action=get_pending_start traceId=friend-get-pending-1775155130948000
2026-04-03 00:08:50.964 [INFO ] Frontend -  [FRIEND_API] action=get_friends_start userId=691e1ebc-d166-4dc7-8067-22d80c9cc126 traceId=friend-get-friends-1775155130943000
2026-04-03 00:08:50.968 [INFO ] Frontend -  [FRIEND_API] action=get_recommendations_start userId=691e1ebc-d166-4dc7-8067-22d80c9cc126 traceId=friend-get-recommendations-1775155130953000
2026-04-03 00:08:50.992 [INFO ] Frontend -  User profile successfully loaded for: rohan
2026-04-03 00:08:51.027 [INFO ] Frontend -  [FRIEND_SCREEN] action=load_data_identity userId=d930dee8-2827-42b8-be9d-ca18db0212ac
2026-04-03 00:08:51.066 [INFO ] Frontend -  [FRIEND_API] action=get_friends_start userId=d930dee8-2827-42b8-be9d-ca18db0212ac traceId=friend-get-friends-1775155131041000
2026-04-03 00:08:51.068 [INFO ] Frontend -  [FRIEND_API] action=get_pending_start traceId=friend-get-pending-1775155131044000
2026-04-03 00:08:51.072 [INFO ] Frontend -  [FRIEND_API] action=get_pending_success count=0 traceId=friend-get-pending-1775155130948000
2026-04-03 00:08:51.073 [INFO ] Frontend -  [FRIEND_API] action=get_recommendations_start userId=d930dee8-2827-42b8-be9d-ca18db0212ac traceId=friend-get-recommendations-1775155131047000
2026-04-03 00:08:51.242 [INFO ] Frontend -  User profile successfully loaded for: rohan
2026-04-03 00:08:51.313 [INFO ] Frontend -  [FRIEND_SCREEN] action=load_data_identity userId=d930dee8-2827-42b8-be9d-ca18db0212ac
2026-04-03 00:08:51.414 [INFO ] Frontend -  [FRIEND_API] action=get_pending_start traceId=friend-get-pending-1775155131323000
2026-04-03 00:08:51.421 [INFO ] Frontend -  [FRIEND_API] action=get_pending_success count=0 traceId=friend-get-pending-1775155131044000
2026-04-03 00:08:51.445 [INFO ] Frontend -  [FRIEND_API] action=get_recommendations_start userId=d930dee8-2827-42b8-be9d-ca18db0212ac traceId=friend-get-recommendations-1775155131326000
2026-04-03 00:08:51.449 [INFO ] Frontend -  [FRIEND_API] action=get_friends_start userId=d930dee8-2827-42b8-be9d-ca18db0212ac traceId=friend-get-friends-1775155131318000
2026-04-03 00:08:51.495 [INFO ] Frontend -  [FRIEND_API] action=get_friends_success userId=691e1ebc-d166-4dc7-8067-22d80c9cc126 count=1 traceId=friend-get-friends-1775155130943000
2026-04-03 00:08:51.586 [INFO ] Frontend -  [FRIEND_API] action=get_recommendations_success userId=691e1ebc-d166-4dc7-8067-22d80c9cc126 count=0 traceId=friend-get-recommendations-1775155130953000
2026-04-03 00:08:51.622 [INFO ] Frontend -  [FRIEND_SCREEN] action=load_data_success friends=1 pending=0 suggested=0
2026-04-03 00:08:51.670 [INFO ] Frontend -  [FRIEND_API] action=get_friends_success userId=d930dee8-2827-42b8-be9d-ca18db0212ac count=1 traceId=friend-get-friends-1775155131041000
2026-04-03 00:08:51.687 [INFO ] Frontend -  [FRIEND_API] action=get_pending_success count=0 traceId=friend-get-pending-1775155131323000
2026-04-03 00:08:51.827 [INFO ] Frontend -  [FRIEND_API] action=get_recommendations_success userId=d930dee8-2827-42b8-be9d-ca18db0212ac count=0 traceId=friend-get-recommendations-1775155131047000
2026-04-03 00:08:51.851 [INFO ] Frontend -  [FRIEND_SCREEN] action=load_data_success friends=1 pending=0 suggested=0
2026-04-03 00:08:52.095 [INFO ] Frontend -  [FRIEND_SCREEN] action=socket_disconnected userId=d930dee8-2827-42b8-be9d-ca18db0212ac
2026-04-03 00:08:52.095 [WARN ] Frontend -  Primary geocoder failed (likely missing API key), trying fallback...
2026-04-03 00:08:52.862 [INFO ] Frontend -  [FRIEND_API] action=get_friends_success userId=d930dee8-2827-42b8-be9d-ca18db0212ac count=1 traceId=friend-get-friends-1775155131318000
2026-04-03 00:08:52.903 [INFO ] Frontend -  [FRIEND_API] action=get_recommendations_success userId=d930dee8-2827-42b8-be9d-ca18db0212ac count=0 traceId=friend-get-recommendations-1775155131326000
2026-04-03 00:08:52.913 [INFO ] Frontend -  [FRIEND_SCREEN] action=load_data_success friends=1 pending=0 suggested=0
2026-04-03 00:09:05.709 [INFO ] Frontend -  User profile successfully loaded for: rohan
2026-04-03 00:09:05.726 [INFO ] Frontend -  [FRIEND_API] action=get_friends_start userId=d930dee8-2827-42b8-be9d-ca18db0212ac traceId=friend-get-friends-1775155145713000
2026-04-03 00:09:05.945 [INFO ] Frontend -  [FRIEND_API] action=get_friends_success userId=d930dee8-2827-42b8-be9d-ca18db0212ac count=1 traceId=friend-get-friends-1775155145713000
2026-04-03 00:09:10.097 [INFO ] Frontend -  [FRIEND_SCREEN] action=socket_disconnected userId=691e1ebc-d166-4dc7-8067-22d80c9cc126
2026-04-03 00:09:18.027 [INFO ] Frontend -  Attempting login for user: ag@gmail.com
2026-04-03 00:09:18.444 [INFO ] Frontend -  Login successful. Tokens securely stored.
2026-04-03 00:09:18.448 [WARN ] Frontend -  This is the second data : {success: true, data: {userId: 691e1ebc-d166-4dc7-8067-22d80c9cc126, token: eyJhbGciOiJIUzI1NiJ9.eyJzdWIiOiI2OTFlMWViYy1kMTY2LTRkYzctODA2Ny0yMmQ4MGM5Y2MxMjYiLCJyb2xlcyI6IlJJREVSIiwiaWF0IjoxNzc1MTU1MTU4LCJleHAiOjE3NzUxNTYwNTh9.EphBicur64Q7V8QJo4wre3QAzjPqeAuREXRPjpo5EMA, refreshToken: 1cdd7c2c-2855-4c73-aa88-b2f3267947bd, expiresIn: 900}}
2026-04-03 00:09:18.644 [INFO ] Frontend -  User profile successfully loaded for: abhay
2026-04-03 00:17:42.941 [INFO ] Frontend -  Attempting login for user: rs@gmail.com
2026-04-03 00:17:43.501 [INFO ] Frontend -  Login successful. Tokens securely stored.
2026-04-03 00:17:43.502 [WARN ] Frontend -  This is the second data : {success: true, data: {userId: d930dee8-2827-42b8-be9d-ca18db0212ac, token: eyJhbGciOiJIUzI1NiJ9.eyJzdWIiOiJkOTMwZGVlOC0yODI3LTQyYjgtYmU5ZC1jYTE4ZGIwMjEyYWMiLCJyb2xlcyI6IlJJREVSIiwiaWF0IjoxNzc1MTU1NjYzLCJleHAiOjE3NzUxNTY1NjN9.8lQR2EWQx_qzxhXtNKCksuAgMTZa-5f78Ei8k3hawR8, refreshToken: 09af1072-b29b-43e4-9469-91a24fc1b05e, expiresIn: 900}}
2026-04-03 00:17:44.189 [INFO ] Frontend -  User profile successfully loaded for: rohan
2026-04-03 00:17:44.464 [WARN ] Frontend -  Primary geocoder failed (likely missing API key), trying fallback...
2026-04-03 00:18:01.209 [INFO ] Frontend -  Attempting login for user: ag@gmail.com
2026-04-03 00:18:01.590 [WARN ] Frontend -  This is the second data : {success: true, data: {userId: 691e1ebc-d166-4dc7-8067-22d80c9cc126, token: eyJhbGciOiJIUzI1NiJ9.eyJzdWIiOiI2OTFlMWViYy1kMTY2LTRkYzctODA2Ny0yMmQ4MGM5Y2MxMjYiLCJyb2xlcyI6IlJJREVSIiwiaWF0IjoxNzc1MTU1NjgxLCJleHAiOjE3NzUxNTY1ODF9.8TlzNkCs63jMO2W61XFAesukroLJXVGlwU7vFvu0X6s, refreshToken: 163047d1-2f58-42e9-bb87-31353b200249, expiresIn: 900}}
2026-04-03 00:18:01.591 [INFO ] Frontend -  Login successful. Tokens securely stored.
2026-04-03 00:18:01.800 [INFO ] Frontend -  User profile successfully loaded for: abhay
2026-04-03 00:20:39.017 [INFO ] Frontend -  User profile successfully loaded for: amit
2026-04-03 00:20:45.833 [INFO ] Frontend -  [FRIEND_SCREEN] action=load_data_start
2026-04-03 00:20:45.987 [INFO ] Frontend -  User profile successfully loaded for: amit
2026-04-03 00:20:46.013 [INFO ] Frontend -  [FRIEND_SCREEN] action=load_data_identity userId=49511b05-a928-47a6-b131-2df870f924db
2026-04-03 00:20:46.035 [INFO ] Frontend -  [FRIEND_API] action=get_recommendations_start userId=49511b05-a928-47a6-b131-2df870f924db traceId=friend-get-recommendations-1775155846025000
2026-04-03 00:20:46.035 [INFO ] Frontend -  [FRIEND_API] action=get_friends_start userId=49511b05-a928-47a6-b131-2df870f924db traceId=friend-get-friends-1775155846018000
2026-04-03 00:20:46.043 [INFO ] Frontend -  [FRIEND_API] action=get_pending_start traceId=friend-get-pending-1775155846022000
2026-04-03 00:20:46.115 [INFO ] Frontend -  [FRIEND_API] action=get_pending_success count=0 traceId=friend-get-pending-1775155846022000
2026-04-03 00:20:46.115 [INFO ] Frontend -  [FRIEND_API] action=get_friends_success userId=49511b05-a928-47a6-b131-2df870f924db count=0 traceId=friend-get-friends-1775155846018000
2026-04-03 00:20:46.224 [INFO ] Frontend -  [FRIEND_API] action=get_recommendations_success userId=49511b05-a928-47a6-b131-2df870f924db count=2 traceId=friend-get-recommendations-1775155846025000
2026-04-03 00:20:46.242 [INFO ] Frontend -  [FRIEND_SCREEN] action=load_data_success friends=0 pending=0 suggested=2
2026-04-03 00:20:46.298 [INFO ] Frontend -  [FRIEND_SCREEN] action=socket_connected userId=49511b05-a928-47a6-b131-2df870f924db
2026-04-03 00:20:49.195 [INFO ] Frontend -  [FRIEND_SCREEN] action=tap_send_request target=d930dee8-2827-42b8-be9d-ca18db0212ac
2026-04-03 00:20:49.215 [INFO ] Frontend -  [FRIEND_API] action=send_request_start target=d930dee8-2827-42b8-be9d-ca18db0212ac traceId=friend-send-request-1775155849205000
2026-04-03 00:20:49.406 [INFO ] Frontend -  [FRIEND_SCREEN] action=socket_refresh userId=49511b05-a928-47a6-b131-2df870f924db
2026-04-03 00:20:49.408 [INFO ] Frontend -  [FRIEND_SCREEN] action=load_data_start
2026-04-03 00:20:49.415 [INFO ] Frontend -  [FRIEND_API] action=send_request_success target=d930dee8-2827-42b8-be9d-ca18db0212ac traceId=friend-send-request-1775155849205000
2026-04-03 00:20:49.429 [INFO ] Frontend -  [FRIEND_SCREEN] action=load_data_start
2026-04-03 00:20:49.481 [INFO ] Frontend -  User profile successfully loaded for: amit
2026-04-03 00:20:49.490 [INFO ] Frontend -  [FRIEND_SCREEN] action=load_data_identity userId=49511b05-a928-47a6-b131-2df870f924db
2026-04-03 00:20:49.503 [INFO ] Frontend -  [FRIEND_API] action=get_recommendations_start userId=49511b05-a928-47a6-b131-2df870f924db traceId=friend-get-recommendations-1775155849498000
2026-04-03 00:20:49.503 [INFO ] Frontend -  [FRIEND_API] action=get_pending_start traceId=friend-get-pending-1775155849496000
2026-04-03 00:20:49.503 [INFO ] Frontend -  [FRIEND_API] action=get_friends_start userId=49511b05-a928-47a6-b131-2df870f924db traceId=friend-get-friends-1775155849493000
2026-04-03 00:20:49.518 [INFO ] Frontend -  User profile successfully loaded for: amit
2026-04-03 00:20:49.529 [INFO ] Frontend -  [FRIEND_SCREEN] action=load_data_identity userId=49511b05-a928-47a6-b131-2df870f924db
2026-04-03 00:20:49.561 [INFO ] Frontend -  [FRIEND_API] action=get_friends_start userId=49511b05-a928-47a6-b131-2df870f924db traceId=friend-get-friends-1775155849533000
2026-04-03 00:20:49.561 [INFO ] Frontend -  [FRIEND_API] action=get_recommendations_start userId=49511b05-a928-47a6-b131-2df870f924db traceId=friend-get-recommendations-1775155849553000
2026-04-03 00:20:49.561 [INFO ] Frontend -  [FRIEND_API] action=get_pending_start traceId=friend-get-pending-1775155849537000
2026-04-03 00:20:49.578 [INFO ] Frontend -  [FRIEND_API] action=get_friends_success userId=49511b05-a928-47a6-b131-2df870f924db count=0 traceId=friend-get-friends-1775155849493000
2026-04-03 00:20:49.602 [INFO ] Frontend -  [FRIEND_API] action=get_pending_success count=0 traceId=friend-get-pending-1775155849496000
2026-04-03 00:20:49.676 [INFO ] Frontend -  [FRIEND_API] action=get_pending_success count=0 traceId=friend-get-pending-1775155849537000
2026-04-03 00:20:49.676 [INFO ] Frontend -  [FRIEND_API] action=get_friends_success userId=49511b05-a928-47a6-b131-2df870f924db count=0 traceId=friend-get-friends-1775155849533000
2026-04-03 00:20:49.707 [INFO ] Frontend -  [FRIEND_API] action=get_recommendations_success userId=49511b05-a928-47a6-b131-2df870f924db count=2 traceId=friend-get-recommendations-1775155849498000
2026-04-03 00:20:49.714 [INFO ] Frontend -  [FRIEND_SCREEN] action=load_data_success friends=0 pending=0 suggested=2
2026-04-03 00:20:49.783 [INFO ] Frontend -  [FRIEND_API] action=get_recommendations_success userId=49511b05-a928-47a6-b131-2df870f924db count=2 traceId=friend-get-recommendations-1775155849553000
2026-04-03 00:20:49.789 [INFO ] Frontend -  [FRIEND_SCREEN] action=load_data_success friends=0 pending=0 suggested=2
2026-04-03 00:20:52.147 [WARN ] Frontend -  Primary geocoder failed (likely missing API key), trying fallback...
2026-04-03 00:20:59.757 [INFO ] Frontend -  [FRIEND_SCREEN] action=load_data_start
2026-04-03 00:20:59.903 [INFO ] Frontend -  User profile successfully loaded for: rohan
2026-04-03 00:20:59.918 [INFO ] Frontend -  [FRIEND_SCREEN] action=load_data_identity userId=d930dee8-2827-42b8-be9d-ca18db0212ac
2026-04-03 00:20:59.938 [INFO ] Frontend -  [FRIEND_API] action=get_pending_start traceId=friend-get-pending-1775155859928000
2026-04-03 00:20:59.938 [INFO ] Frontend -  [FRIEND_API] action=get_recommendations_start userId=d930dee8-2827-42b8-be9d-ca18db0212ac traceId=friend-get-recommendations-1775155859932000
2026-04-03 00:20:59.938 [INFO ] Frontend -  [FRIEND_API] action=get_friends_start userId=d930dee8-2827-42b8-be9d-ca18db0212ac traceId=friend-get-friends-1775155859924000
2026-04-03 00:21:00.163 [INFO ] Frontend -  [FRIEND_API] action=get_pending_success count=1 traceId=friend-get-pending-1775155859928000
2026-04-03 00:21:00.168 [INFO ] Frontend -  [FRIEND_API] action=get_recommendations_success userId=d930dee8-2827-42b8-be9d-ca18db0212ac count=0 traceId=friend-get-recommendations-1775155859932000
2026-04-03 00:21:00.172 [INFO ] Frontend -  [FRIEND_API] action=get_friends_success userId=d930dee8-2827-42b8-be9d-ca18db0212ac count=1 traceId=friend-get-friends-1775155859924000
2026-04-03 00:21:00.193 [INFO ] Frontend -  [FRIEND_SCREEN] action=load_data_success friends=1 pending=1 suggested=0
2026-04-03 00:21:00.255 [INFO ] Frontend -  [FRIEND_SCREEN] action=socket_connected userId=d930dee8-2827-42b8-be9d-ca18db0212ac
2026-04-03 00:21:02.246 [INFO ] Frontend -  [FRIEND_SCREEN] action=tap_accept_request requestId=2
2026-04-03 00:21:02.277 [INFO ] Frontend -  [FRIEND_API] action=accept_request_start requestId=2 traceId=friend-accept-request-1775155862255000
2026-04-03 00:21:02.618 [INFO ] Frontend -  [FRIEND_SCREEN] action=socket_refresh userId=d930dee8-2827-42b8-be9d-ca18db0212ac
2026-04-03 00:21:02.619 [INFO ] Frontend -  [FRIEND_SCREEN] action=load_data_start
2026-04-03 00:21:02.622 [INFO ] Frontend -  [FRIEND_SCREEN] action=load_data_start
2026-04-03 00:21:02.623 [INFO ] Frontend -  [FRIEND_SCREEN] action=socket_refresh userId=49511b05-a928-47a6-b131-2df870f924db
2026-04-03 00:21:02.944 [INFO ] Frontend -  [FRIEND_API] action=accept_request_success requestId=2 traceId=friend-accept-request-1775155862255000
2026-04-03 00:21:03.007 [INFO ] Frontend -  [FRIEND_SCREEN] action=load_data_start
2026-04-03 00:21:03.012 [INFO ] Frontend -  User profile successfully loaded for: amit
2026-04-03 00:21:03.039 [INFO ] Frontend -  [FRIEND_SCREEN] action=load_data_identity userId=49511b05-a928-47a6-b131-2df870f924db
2026-04-03 00:21:03.067 [INFO ] Frontend -  [FRIEND_API] action=get_pending_start traceId=friend-get-pending-1775155863049000
2026-04-03 00:21:03.068 [INFO ] Frontend -  [FRIEND_API] action=get_friends_start userId=49511b05-a928-47a6-b131-2df870f924db traceId=friend-get-friends-1775155863044000
2026-04-03 00:21:03.080 [INFO ] Frontend -  [FRIEND_API] action=get_recommendations_start userId=49511b05-a928-47a6-b131-2df870f924db traceId=friend-get-recommendations-1775155863053000
2026-04-03 00:21:03.084 [INFO ] Frontend -  User profile successfully loaded for: rohan
2026-04-03 00:21:03.159 [INFO ] Frontend -  [FRIEND_SCREEN] action=load_data_identity userId=d930dee8-2827-42b8-be9d-ca18db0212ac
2026-04-03 00:21:03.296 [INFO ] Frontend -  [FRIEND_API] action=get_pending_start traceId=friend-get-pending-1775155863198000
2026-04-03 00:21:03.298 [INFO ] Frontend -  [FRIEND_API] action=get_recommendations_start userId=d930dee8-2827-42b8-be9d-ca18db0212ac traceId=friend-get-recommendations-1775155863206000
2026-04-03 00:21:03.300 [INFO ] Frontend -  [FRIEND_API] action=get_pending_success count=0 traceId=friend-get-pending-1775155863049000
2026-04-03 00:21:03.300 [INFO ] Frontend -  [FRIEND_API] action=get_friends_start userId=d930dee8-2827-42b8-be9d-ca18db0212ac traceId=friend-get-friends-1775155863189000
2026-04-03 00:21:03.442 [INFO ] Frontend -  User profile successfully loaded for: rohan
2026-04-03 00:21:03.568 [INFO ] Frontend -  [FRIEND_API] action=get_pending_success count=0 traceId=friend-get-pending-1775155863198000
2026-04-03 00:21:03.624 [INFO ] Frontend -  [FRIEND_SCREEN] action=load_data_identity userId=d930dee8-2827-42b8-be9d-ca18db0212ac
2026-04-03 00:21:03.850 [INFO ] Frontend -  [FRIEND_API] action=get_recommendations_start userId=d930dee8-2827-42b8-be9d-ca18db0212ac traceId=friend-get-recommendations-1775155863656000
2026-04-03 00:21:03.851 [INFO ] Frontend -  [FRIEND_API] action=get_pending_start traceId=friend-get-pending-1775155863649000
2026-04-03 00:21:03.851 [INFO ] Frontend -  [FRIEND_API] action=get_friends_start userId=d930dee8-2827-42b8-be9d-ca18db0212ac traceId=friend-get-friends-1775155863645000
2026-04-03 00:21:03.908 [INFO ] Frontend -  [FRIEND_API] action=get_friends_success userId=49511b05-a928-47a6-b131-2df870f924db count=1 traceId=friend-get-friends-1775155863044000
2026-04-03 00:21:03.934 [INFO ] Frontend -  [FRIEND_API] action=get_recommendations_success userId=d930dee8-2827-42b8-be9d-ca18db0212ac count=0 traceId=friend-get-recommendations-1775155863206000
2026-04-03 00:21:03.934 [INFO ] Frontend -  [FRIEND_API] action=get_friends_success userId=d930dee8-2827-42b8-be9d-ca18db0212ac count=2 traceId=friend-get-friends-1775155863189000
2026-04-03 00:21:03.962 [INFO ] Frontend -  [FRIEND_SCREEN] action=load_data_success friends=2 pending=0 suggested=0
2026-04-03 00:21:04.009 [INFO ] Frontend -  [FRIEND_API] action=get_recommendations_success userId=49511b05-a928-47a6-b131-2df870f924db count=1 traceId=friend-get-recommendations-1775155863053000
2026-04-03 00:21:04.026 [INFO ] Frontend -  [FRIEND_SCREEN] action=load_data_success friends=1 pending=0 suggested=1
2026-04-03 00:21:04.039 [INFO ] Frontend -  [FRIEND_API] action=get_pending_success count=0 traceId=friend-get-pending-1775155863649000
2026-04-03 00:21:04.141 [INFO ] Frontend -  [FRIEND_API] action=get_friends_success userId=d930dee8-2827-42b8-be9d-ca18db0212ac count=2 traceId=friend-get-friends-1775155863645000
2026-04-03 00:21:04.238 [INFO ] Frontend -  [FRIEND_API] action=get_recommendations_success userId=d930dee8-2827-42b8-be9d-ca18db0212ac count=0 traceId=friend-get-recommendations-1775155863656000
2026-04-03 00:21:04.238 [INFO ] Frontend -  [FRIEND_SCREEN] action=socket_disconnected userId=d930dee8-2827-42b8-be9d-ca18db0212ac
2026-04-03 00:21:04.272 [INFO ] Frontend -  [FRIEND_SCREEN] action=load_data_success friends=2 pending=0 suggested=0
2026-04-03 00:21:04.309 [WARN ] Frontend -  Primary geocoder failed (likely missing API key), trying fallback...
2026-04-03 00:21:10.022 [INFO ] Frontend -  User profile successfully loaded for: rohan
2026-04-03 00:21:10.040 [INFO ] Frontend -  [FRIEND_API] action=get_friends_start userId=d930dee8-2827-42b8-be9d-ca18db0212ac traceId=friend-get-friends-1775155870031000
2026-04-03 00:21:10.387 [INFO ] Frontend -  [FRIEND_API] action=get_friends_success userId=d930dee8-2827-42b8-be9d-ca18db0212ac count=2 traceId=friend-get-friends-1775155870031000
2026-04-03 00:21:16.503 [INFO ] Frontend -  User profile successfully loaded for: rohan
2026-04-03 00:21:16.534 [INFO ] Frontend -  [FRIEND_API] action=get_friends_start userId=d930dee8-2827-42b8-be9d-ca18db0212ac traceId=friend-get-friends-1775155876514000
2026-04-03 00:21:16.737 [INFO ] Frontend -  [FRIEND_API] action=get_friends_success userId=d930dee8-2827-42b8-be9d-ca18db0212ac count=2 traceId=friend-get-friends-1775155876514000
2026-04-03 00:21:35.715 [WARN ] Frontend -  Primary geocoder failed (likely missing API key), trying fallback...
2026-04-03 00:21:39.538 [INFO ] Frontend -  [FRIEND_SCREEN] action=socket_disconnected userId=49511b05-a928-47a6-b131-2df870f924db
2026-04-03 00:27:13.996 [WARN ] Frontend -  Primary geocoder failed (likely missing API key), trying fallback...
2026-04-03 00:31:22.486 [INFO ] Frontend -  [FRIEND_API] action=get_pending_start traceId=friend-get-pending-1775156482442000
2026-04-03 00:31:22.568 [INFO ] Frontend -  [FRIEND_API] action=get_pending_success count=0 traceId=friend-get-pending-1775156482442000
2026-04-03 00:31:43.805 [INFO ] Frontend -  Attempting login for user: rs@gmail.com
2026-04-03 00:31:44.280 [INFO ] Frontend -  Login successful. Tokens securely stored.
2026-04-03 00:31:44.281 [WARN ] Frontend -  This is the second data : {success: true, data: {userId: d930dee8-2827-42b8-be9d-ca18db0212ac, token: eyJhbGciOiJIUzI1NiJ9.eyJzdWIiOiJkOTMwZGVlOC0yODI3LTQyYjgtYmU5ZC1jYTE4ZGIwMjEyYWMiLCJyb2xlcyI6IlJJREVSIiwiaWF0IjoxNzc1MTU2NTA0LCJleHAiOjE3NzUxNTc0MDR9.9BC85DxAFFQHEiJedUY5o2tEJNlBCqUSsDPPN8opVNU, refreshToken: 146b5ee0-9d0d-44ae-8f7b-303b1c798cfe, expiresIn: 900}}
2026-04-03 00:31:44.635 [INFO ] Frontend -  User profile successfully loaded for: rohan
2026-04-03 00:31:44.896 [WARN ] Frontend -  Primary geocoder failed (likely missing API key), trying fallback...
2026-04-03 00:31:51.090 [INFO ] Frontend -  [FRIEND_API] action=get_pending_start traceId=friend-get-pending-1775156511055000
2026-04-03 00:31:51.171 [INFO ] Frontend -  [FRIEND_API] action=get_pending_success count=0 traceId=friend-get-pending-1775156511055000
2026-04-03 00:31:52.951 [INFO ] Frontend -  [FRIEND_API] action=get_pending_start traceId=friend-get-pending-1775156512934000
2026-04-03 00:31:53.094 [INFO ] Frontend -  [FRIEND_API] action=get_pending_success count=0 traceId=friend-get-pending-1775156512934000
2026-04-03 00:31:58.341 [INFO ] Frontend -  [FRIEND_API] action=get_pending_start traceId=friend-get-pending-1775156518305000
2026-04-03 00:31:58.487 [INFO ] Frontend -  [FRIEND_API] action=get_pending_success count=0 traceId=friend-get-pending-1775156518305000
2026-04-03 00:31:59.597 [INFO ] Frontend -  [FRIEND_API] action=get_pending_start traceId=friend-get-pending-1775156519543000
2026-04-03 00:31:59.705 [INFO ] Frontend -  [FRIEND_API] action=get_pending_success count=0 traceId=friend-get-pending-1775156519543000
2026-04-03 00:34:17.788 [INFO ] Frontend -  [FRIEND_API] action=get_pending_start traceId=friend-get-pending-1775156657583000
2026-04-03 00:34:18.070 [INFO ] Frontend -  [FRIEND_API] action=get_pending_success count=0 traceId=friend-get-pending-1775156657583000
2026-04-03 00:34:29.132 [INFO ] Frontend -  [FRIEND_API] action=get_pending_start traceId=friend-get-pending-1775156668957000
2026-04-03 00:34:29.338 [INFO ] Frontend -  [FRIEND_API] action=get_pending_success count=0 traceId=friend-get-pending-1775156668957000
2026-04-03 00:34:46.230 [INFO ] Frontend -  [FRIEND_API] action=get_pending_start traceId=friend-get-pending-1775156686127000
2026-04-03 00:34:46.434 [INFO ] Frontend -  [FRIEND_API] action=get_pending_success count=0 traceId=friend-get-pending-1775156686127000
2026-04-03 00:34:52.143 [INFO ] Frontend -  [FRIEND_API] action=get_pending_start traceId=friend-get-pending-1775156692066000
2026-04-03 00:34:52.268 [INFO ] Frontend -  [FRIEND_API] action=get_pending_success count=0 traceId=friend-get-pending-1775156692066000
2026-04-03 00:34:53.739 [INFO ] Frontend -  [FRIEND_API] action=reject_request_start requestId=3 traceId=friend-reject-request-1775156693728000
2026-04-03 00:34:53.959 [WARN ] Frontend -  [FRIEND_API] action=reject_request_failed requestId=3 status=400 traceId=friend-reject-request-1775156693728000
2026-04-03 00:34:56.732 [INFO ] Frontend -  [FRIEND_API] action=get_pending_start traceId=friend-get-pending-1775156696712000
2026-04-03 00:34:56.869 [INFO ] Frontend -  [FRIEND_API] action=get_pending_success count=0 traceId=friend-get-pending-1775156696712000
2026-04-03 00:34:58.041 [INFO ] Frontend -  [FRIEND_API] action=accept_request_start requestId=3 traceId=friend-accept-request-1775156698034000
2026-04-03 00:34:58.154 [WARN ] Frontend -  [FRIEND_API] action=accept_request_failed requestId=3 status=400 traceId=friend-accept-request-1775156698034000
2026-04-03 00:34:59.892 [INFO ] Frontend -  [FRIEND_API] action=get_pending_start traceId=friend-get-pending-1775156699863000
2026-04-03 00:34:59.946 [INFO ] Frontend -  [FRIEND_API] action=get_pending_success count=0 traceId=friend-get-pending-1775156699863000
2026-04-03 00:36:40.303 [INFO ] Frontend -  Attempting login for user: ag@gmail.com
2026-04-03 00:36:40.950 [INFO ] Frontend -  Login successful. Tokens securely stored.
2026-04-03 00:36:40.950 [WARN ] Frontend -  This is the second data : {success: true, data: {userId: 691e1ebc-d166-4dc7-8067-22d80c9cc126, token: eyJhbGciOiJIUzI1NiJ9.eyJzdWIiOiI2OTFlMWViYy1kMTY2LTRkYzctODA2Ny0yMmQ4MGM5Y2MxMjYiLCJyb2xlcyI6IlJJREVSIiwiaWF0IjoxNzc1MTU2ODAwLCJleHAiOjE3NzUxNTc3MDB9.FNZzBlpsjSJ9S0jOPMw0U0nDmU2IfiPFiMky2lR8hks, refreshToken: 5d2867fe-85aa-4bc4-9198-c6de8f0bfe90, expiresIn: 900}}
2026-04-03 00:36:41.286 [INFO ] Frontend -  User profile successfully loaded for: abhay
2026-04-03 00:41:43.894 [WARN ] Frontend -  Primary geocoder failed (likely missing API key), trying fallback...
2026-04-03 00:41:47.717 [INFO ] Frontend -  [FRIEND_API] action=get_pending_start traceId=friend-get-pending-1775157107642000
2026-04-03 00:41:47.939 [INFO ] Frontend -  [FRIEND_API] action=get_pending_success count=0 traceId=friend-get-pending-1775157107642000
2026-04-03 22:21:35.839 [INFO ] Frontend -  User profile successfully loaded for: amit
2026-04-03 22:21:36.499 [WARN ] Frontend -  Primary geocoder failed (likely missing API key), trying fallback...
2026-04-03 22:21:58.203 [INFO ] Frontend -  [FRIEND_SCREEN] action=load_data_start
2026-04-03 22:21:58.494 [INFO ] Frontend -  User profile successfully loaded for: amit
2026-04-03 22:21:58.519 [INFO ] Frontend -  [FRIEND_SCREEN] action=load_data_identity userId=USER-884C0E18
2026-04-03 22:21:58.556 [INFO ] Frontend -  [FRIEND_API] action=get_pending_start traceId=friend-get-pending-1775235118537000
2026-04-03 22:21:58.563 [INFO ] Frontend -  [FRIEND_API] action=get_friends_start userId=USER-884C0E18 traceId=friend-get-friends-1775235118533000
2026-04-03 22:21:58.563 [INFO ] Frontend -  [FRIEND_API] action=get_recommendations_start userId=USER-884C0E18 traceId=friend-get-recommendations-1775235118541000
2026-04-03 22:21:58.704 [INFO ] Frontend -  [FRIEND_API] action=get_pending_success count=0 traceId=friend-get-pending-1775235118537000
2026-04-03 22:21:58.733 [INFO ] Frontend -  [FRIEND_API] action=get_friends_success userId=USER-884C0E18 count=0 traceId=friend-get-friends-1775235118533000
2026-04-03 22:22:01.042 [INFO ] Frontend -  [FRIEND_API] action=get_recommendations_success userId=USER-884C0E18 count=0 traceId=friend-get-recommendations-1775235118541000
2026-04-03 22:22:01.060 [INFO ] Frontend -  [FRIEND_SCREEN] action=load_data_success friends=0 pending=0 suggested=0
2026-04-03 22:22:01.119 [INFO ] Frontend -  [FRIEND_SCREEN] action=socket_connected userId=USER-884C0E18
2026-04-03 22:22:38.629 [WARN ] Frontend -  Primary geocoder failed (likely missing API key), trying fallback...
2026-04-03 22:23:40.512 [INFO ] Frontend -  User profile successfully loaded for: rohan
2026-04-03 22:24:50.897 [WARN ] Frontend -  Primary geocoder failed (likely missing API key), trying fallback...
2026-04-03 22:24:54.539 [INFO ] Frontend -  [FRIEND_SCREEN] action=load_data_start
2026-04-03 22:24:55.207 [INFO ] Frontend -  User profile successfully loaded for: amit
2026-04-03 22:24:55.236 [INFO ] Frontend -  [FRIEND_SCREEN] action=load_data_identity userId=USER-884C0E18
2026-04-03 22:24:55.260 [INFO ] Frontend -  [FRIEND_API] action=get_pending_start traceId=friend-get-pending-1775235295247000
2026-04-03 22:24:55.260 [INFO ] Frontend -  [FRIEND_API] action=get_friends_start userId=USER-884C0E18 traceId=friend-get-friends-1775235295242000
2026-04-03 22:24:55.260 [INFO ] Frontend -  [FRIEND_API] action=get_recommendations_start userId=USER-884C0E18 traceId=friend-get-recommendations-1775235295250000
2026-04-03 22:24:57.025 [INFO ] Frontend -  [FRIEND_API] action=get_friends_success userId=USER-884C0E18 count=0 traceId=friend-get-friends-1775235295242000
2026-04-03 22:24:57.031 [INFO ] Frontend -  [FRIEND_API] action=get_pending_success count=0 traceId=friend-get-pending-1775235295247000
2026-04-03 22:24:57.806 [INFO ] Frontend -  [FRIEND_API] action=get_recommendations_success userId=USER-884C0E18 count=1 traceId=friend-get-recommendations-1775235295250000
2026-04-03 22:24:57.821 [INFO ] Frontend -  [FRIEND_SCREEN] action=load_data_success friends=0 pending=0 suggested=1
2026-04-03 22:24:57.949 [INFO ] Frontend -  [FRIEND_SCREEN] action=socket_connected userId=USER-884C0E18
2026-04-03 22:25:08.313 [INFO ] Frontend -  [FRIEND_SCREEN] action=tap_send_request target=USER-5DB78262
2026-04-03 22:25:08.333 [INFO ] Frontend -  [FRIEND_API] action=send_request_start target=USER-5DB78262 traceId=friend-send-request-1775235308325000
2026-04-03 22:25:08.883 [INFO ] Frontend -  [FRIEND_SCREEN] action=socket_refresh userId=USER-884C0E18
2026-04-03 22:25:08.883 [INFO ] Frontend -  [FRIEND_SCREEN] action=load_data_start
2026-04-03 22:25:08.884 [INFO ] Frontend -  [FRIEND_SCREEN] action=socket_refresh userId=USER-884C0E18
2026-04-03 22:25:08.891 [INFO ] Frontend -  [FRIEND_SCREEN] action=load_data_start
2026-04-03 22:25:08.892 [INFO ] Frontend -  [FRIEND_API] action=send_request_success target=USER-5DB78262 traceId=friend-send-request-1775235308325000
2026-04-03 22:25:08.938 [INFO ] Frontend -  [FRIEND_SCREEN] action=load_data_start
2026-04-03 22:25:09.063 [INFO ] Frontend -  User profile successfully loaded for: amit
2026-04-03 22:25:09.088 [INFO ] Frontend -  [FRIEND_SCREEN] action=load_data_identity userId=USER-884C0E18
2026-04-03 22:25:09.137 [INFO ] Frontend -  [FRIEND_API] action=get_friends_start userId=USER-884C0E18 traceId=friend-get-friends-1775235309096000
2026-04-03 22:25:09.137 [INFO ] Frontend -  [FRIEND_API] action=get_pending_start traceId=friend-get-pending-1775235309106000
2026-04-03 22:25:09.137 [INFO ] Frontend -  [FRIEND_API] action=get_recommendations_start userId=USER-884C0E18 traceId=friend-get-recommendations-1775235309116000
2026-04-03 22:25:09.162 [INFO ] Frontend -  User profile successfully loaded for: amit
2026-04-03 22:25:09.212 [INFO ] Frontend -  [FRIEND_SCREEN] action=load_data_identity userId=USER-884C0E18
2026-04-03 22:25:09.268 [INFO ] Frontend -  [FRIEND_API] action=get_friends_start userId=USER-884C0E18 traceId=friend-get-friends-1775235309230000
2026-04-03 22:25:09.267 [INFO ] Frontend -  [FRIEND_API] action=get_pending_start traceId=friend-get-pending-1775235309237000
2026-04-03 22:25:09.268 [INFO ] Frontend -  [FRIEND_API] action=get_recommendations_start userId=USER-884C0E18 traceId=friend-get-recommendations-1775235309242000
2026-04-03 22:25:09.292 [INFO ] Frontend -  [FRIEND_API] action=get_friends_success userId=USER-884C0E18 count=0 traceId=friend-get-friends-1775235309096000
2026-04-03 22:25:09.404 [INFO ] Frontend -  [FRIEND_API] action=get_pending_success count=0 traceId=friend-get-pending-1775235309106000
2026-04-03 22:25:09.624 [INFO ] Frontend -  [FRIEND_API] action=get_friends_success userId=USER-884C0E18 count=0 traceId=friend-get-friends-1775235309230000
2026-04-03 22:25:09.692 [INFO ] Frontend -  [FRIEND_API] action=get_pending_success count=0 traceId=friend-get-pending-1775235309237000
2026-04-03 22:25:09.890 [INFO ] Frontend -  [FRIEND_API] action=get_recommendations_success userId=USER-884C0E18 count=1 traceId=friend-get-recommendations-1775235309116000
2026-04-03 22:25:09.978 [INFO ] Frontend -  [FRIEND_SCREEN] action=load_data_success friends=0 pending=0 suggested=1
2026-04-03 22:25:10.128 [INFO ] Frontend -  [FRIEND_API] action=get_recommendations_success userId=USER-884C0E18 count=1 traceId=friend-get-recommendations-1775235309242000
2026-04-03 22:25:10.149 [INFO ] Frontend -  [FRIEND_SCREEN] action=load_data_success friends=0 pending=0 suggested=1
2026-04-03 22:25:10.874 [INFO ] Frontend -  [FRIEND_SCREEN] action=socket_disconnected userId=USER-884C0E18
2026-04-03 22:25:10.942 [WARN ] Frontend -  Primary geocoder failed (likely missing API key), trying fallback...
2026-04-03 22:29:09.109 [INFO ] Frontend -  [FRIEND_SCREEN] action=load_data_start
2026-04-03 22:29:09.203 [INFO ] Frontend -  User profile successfully loaded for: rohan
2026-04-03 22:29:09.225 [INFO ] Frontend -  [FRIEND_SCREEN] action=load_data_identity userId=USER-5DB78262
2026-04-03 22:29:09.259 [INFO ] Frontend -  [FRIEND_API] action=get_pending_start traceId=friend-get-pending-1775235549240000
2026-04-03 22:29:09.259 [INFO ] Frontend -  [FRIEND_API] action=get_friends_start userId=USER-5DB78262 traceId=friend-get-friends-1775235549232000
2026-04-03 22:29:09.259 [INFO ] Frontend -  [FRIEND_API] action=get_recommendations_start userId=USER-5DB78262 traceId=friend-get-recommendations-1775235549248000
2026-04-03 22:29:09.370 [INFO ] Frontend -  [FRIEND_API] action=get_friends_success userId=USER-5DB78262 count=0 traceId=friend-get-friends-1775235549232000
2026-04-03 22:29:09.938 [INFO ] Frontend -  [FRIEND_API] action=get_recommendations_success userId=USER-5DB78262 count=0 traceId=friend-get-recommendations-1775235549248000
2026-04-03 22:29:11.432 [INFO ] Frontend -  [FRIEND_API] action=get_pending_success count=1 traceId=friend-get-pending-1775235549240000
2026-04-03 22:29:11.457 [INFO ] Frontend -  [FRIEND_SCREEN] action=load_data_success friends=0 pending=1 suggested=0
2026-04-03 22:29:11.540 [INFO ] Frontend -  [FRIEND_SCREEN] action=socket_connected userId=USER-5DB78262
2026-04-03 22:29:14.458 [INFO ] Frontend -  [FRIEND_SCREEN] action=tap_accept_request requestId=1
2026-04-03 22:29:14.480 [INFO ] Frontend -  [FRIEND_API] action=accept_request_start requestId=1 traceId=friend-accept-request-1775235554463000
2026-04-03 22:29:15.556 [INFO ] Frontend -  [FRIEND_SCREEN] action=socket_refresh userId=USER-5DB78262
2026-04-03 22:29:15.558 [INFO ] Frontend -  [FRIEND_SCREEN] action=load_data_start
2026-04-03 22:29:15.591 [INFO ] Frontend -  [FRIEND_SCREEN] action=load_data_start
2026-04-03 22:29:15.591 [INFO ] Frontend -  [FRIEND_SCREEN] action=socket_refresh userId=USER-884C0E18
2026-04-03 22:29:15.752 [INFO ] Frontend -  [FRIEND_API] action=accept_request_success requestId=1 traceId=friend-accept-request-1775235554463000
2026-04-03 22:29:15.785 [INFO ] Frontend -  [FRIEND_SCREEN] action=load_data_start
2026-04-03 22:29:15.865 [INFO ] Frontend -  User profile successfully loaded for: rohan
2026-04-03 22:29:15.928 [INFO ] Frontend -  [FRIEND_SCREEN] action=load_data_identity userId=USER-5DB78262
2026-04-03 22:29:15.985 [INFO ] Frontend -  [FRIEND_API] action=get_pending_start traceId=friend-get-pending-1775235555946000
2026-04-03 22:29:15.985 [INFO ] Frontend -  [FRIEND_API] action=get_friends_start userId=USER-5DB78262 traceId=friend-get-friends-1775235555938000
2026-04-03 22:29:15.985 [INFO ] Frontend -  [FRIEND_API] action=get_recommendations_start userId=USER-5DB78262 traceId=friend-get-recommendations-1775235555952000
2026-04-03 22:29:15.991 [INFO ] Frontend -  User profile successfully loaded for: rohan
2026-04-03 22:29:16.056 [INFO ] Frontend -  [FRIEND_SCREEN] action=load_data_identity userId=USER-5DB78262
2026-04-03 22:29:16.094 [INFO ] Frontend -  [FRIEND_API] action=get_pending_start traceId=friend-get-pending-1775235556070000
2026-04-03 22:29:16.094 [INFO ] Frontend -  [FRIEND_API] action=get_friends_start userId=USER-5DB78262 traceId=friend-get-friends-1775235556065000
2026-04-03 22:29:16.106 [INFO ] Frontend -  [FRIEND_API] action=get_recommendations_start userId=USER-5DB78262 traceId=friend-get-recommendations-1775235556074000
2026-04-03 22:29:16.140 [INFO ] Frontend -  [FRIEND_API] action=get_pending_success count=0 traceId=friend-get-pending-1775235555946000
2026-04-03 22:29:16.282 [INFO ] Frontend -  [FRIEND_API] action=get_pending_success count=0 traceId=friend-get-pending-1775235556070000
2026-04-03 22:29:16.427 [INFO ] Frontend -  [FRIEND_API] action=get_friends_success userId=USER-5DB78262 count=1 traceId=friend-get-friends-1775235555938000
2026-04-03 22:29:16.484 [INFO ] Frontend -  [FRIEND_API] action=get_recommendations_success userId=USER-5DB78262 count=0 traceId=friend-get-recommendations-1775235555952000
2026-04-03 22:29:16.504 [INFO ] Frontend -  [FRIEND_SCREEN] action=load_data_success friends=1 pending=0 suggested=0
2026-04-03 22:29:16.563 [INFO ] Frontend -  [FRIEND_API] action=get_friends_success userId=USER-5DB78262 count=1 traceId=friend-get-friends-1775235556065000
2026-04-03 22:29:16.628 [INFO ] Frontend -  [FRIEND_API] action=get_recommendations_success userId=USER-5DB78262 count=0 traceId=friend-get-recommendations-1775235556074000
2026-04-03 22:29:16.636 [INFO ] Frontend -  [FRIEND_SCREEN] action=load_data_success friends=1 pending=0 suggested=0
2026-04-03 22:29:19.989 [INFO ] Frontend -  [PUBLIC_PROFILE] action=fetch_friend_count target=USER-884C0E18
2026-04-03 22:29:19.989 [INFO ] Frontend -  [PUBLIC_PROFILE] action=fetch_relationship target=USER-884C0E18
2026-04-03 22:29:19.989 [INFO ] Frontend -  [PUBLIC_PROFILE] action=fetch_mutual_count target=USER-884C0E18
2026-04-03 22:29:20.025 [INFO ] Frontend -  [FRIEND_API] action=get_mutual_count_start target=USER-884C0E18 traceId=friend-get-mutual-count-1775235560004000
2026-04-03 22:29:20.028 [INFO ] Frontend -  [FRIEND_API] action=get_relationship_start target=USER-884C0E18 traceId=friend-get-relationship-1775235560010000
2026-04-03 22:29:20.029 [INFO ] Frontend -  [FRIEND_API] action=get_friends_start userId=USER-884C0E18 traceId=friend-get-friends-1775235560017000
2026-04-03 22:29:20.360 [INFO ] Frontend -  [FRIEND_API] action=get_relationship_success target=USER-884C0E18 statusValue=friends traceId=friend-get-relationship-1775235560010000
2026-04-03 22:29:20.734 [INFO ] Frontend -  [FRIEND_API] action=get_mutual_count_success target=USER-884C0E18 count=0 traceId=friend-get-mutual-count-1775235560004000
2026-04-03 22:29:20.734 [INFO ] Frontend -  [FRIEND_API] action=get_friends_success userId=USER-884C0E18 count=1 traceId=friend-get-friends-1775235560017000
2026-04-03 22:32:54.971 [INFO ] Frontend -  Attempting login for user: asr@gmail.com
2026-04-03 22:32:55.822 [INFO ] Frontend -  Login successful. Tokens securely stored.
2026-04-03 22:32:55.827 [WARN ] Frontend -  This is the second data : {success: true, data: {userId: USER-884C0E18, token: eyJhbGciOiJIUzI1NiJ9.eyJzdWIiOiJVU0VSLTg4NEMwRTE4Iiwicm9sZXMiOiJSSURFUiIsImlhdCI6MTc3NTIzNTc3NSwiZXhwIjoxNzc1MjM2Njc1fQ.yT1XvwpsuAB66N32W8RUbHow9bRcCluStHIIoufsfRs, refreshToken: bbd50efe-c36f-477e-ad27-43bb615df508, expiresIn: 900}}
2026-04-03 22:32:56.147 [INFO ] Frontend -  User profile successfully loaded for: amit
2026-04-03 22:32:56.403 [WARN ] Frontend -  Primary geocoder failed (likely missing API key), trying fallback...
2026-04-03 22:33:33.637 [INFO ] Frontend -  [FRIEND_SCREEN] action=socket_disconnected userId=USER-5DB78262
2026-04-03 22:33:43.479 [INFO ] Frontend -  Attempting login for user: rs@gmail.com
2026-04-03 22:33:44.924 [WARN ] Frontend -  This is the second data : {success: true, data: {userId: USER-5DB78262, token: eyJhbGciOiJIUzI1NiJ9.eyJzdWIiOiJVU0VSLTVEQjc4MjYyIiwicm9sZXMiOiJSSURFUiIsImlhdCI6MTc3NTIzNTgyNCwiZXhwIjoxNzc1MjM2NzI0fQ.GFbFrXjSH_E45xNfwJK9Yy1x0cwLns6b7cCyNLTINPM, refreshToken: aabf782c-4b56-4273-a35a-cd02c7155eb4, expiresIn: 900}}
2026-04-03 22:33:44.924 [INFO ] Frontend -  Login successful. Tokens securely stored.
2026-04-03 22:33:46.192 [INFO ] Frontend -  User profile successfully loaded for: rohan
2026-04-03 22:33:46.809 [WARN ] Frontend -  Primary geocoder failed (likely missing API key), trying fallback...
2026-04-03 23:43:26.116 [INFO ] Frontend -  User profile successfully loaded for: amit
2026-04-03 23:43:26.733 [WARN ] Frontend -  Primary geocoder failed (likely missing API key), trying fallback...
2026-04-03 23:43:33.783 [WARN ] Frontend -  Primary geocoder failed (likely missing API key), trying fallback...
2026-04-03 23:43:49.626 [INFO ] Frontend -  Attempting login for user: asr@gmail.com
2026-04-03 23:43:50.029 [INFO ] Frontend -  Login successful. Tokens securely stored.
2026-04-03 23:43:50.032 [WARN ] Frontend -  This is the second data : {success: true, data: {userId: USER-807B1464, token: eyJhbGciOiJIUzI1NiJ9.eyJzdWIiOiJVU0VSLTgwN0IxNDY0Iiwicm9sZXMiOiJSSURFUiIsImlhdCI6MTc3NTI0MDAyOSwiZXhwIjoxNzc1MjQwOTI5fQ.f-W4D6xTkVlE8RKnvaEVyv416pPBXGWkN1qqdEuy2Ds, refreshToken: 0cdcc97d-7493-49f2-8fac-c8ebc20c5648, expiresIn: 900}}
2026-04-03 23:43:50.719 [INFO ] Frontend -  User profile successfully loaded for: amit
2026-04-03 23:43:50.870 [WARN ] Frontend -  Primary geocoder failed (likely missing API key), trying fallback...
2026-04-03 23:44:00.738 [INFO ] Frontend -  [FRIEND_SCREEN] action=load_data_start
2026-04-03 23:44:00.845 [INFO ] Frontend -  User profile successfully loaded for: amit
2026-04-03 23:44:00.868 [INFO ] Frontend -  [FRIEND_SCREEN] action=load_data_identity userId=USER-807B1464
2026-04-03 23:44:00.892 [INFO ] Frontend -  [FRIEND_API] action=get_friends_start userId=USER-807B1464 traceId=friend-get-friends-1775240040878000
2026-04-03 23:44:00.896 [INFO ] Frontend -  [FRIEND_API] action=get_pending_start traceId=friend-get-pending-1775240040882000
2026-04-03 23:44:00.900 [INFO ] Frontend -  [FRIEND_API] action=get_recommendations_start userId=USER-807B1464 traceId=friend-get-recommendations-1775240040884000
2026-04-03 23:44:01.116 [INFO ] Frontend -  [FRIEND_API] action=get_pending_success count=0 traceId=friend-get-pending-1775240040882000
2026-04-03 23:44:01.116 [INFO ] Frontend -  [FRIEND_API] action=get_friends_success userId=USER-807B1464 count=0 traceId=friend-get-friends-1775240040878000
2026-04-03 23:44:03.161 [INFO ] Frontend -  [FRIEND_API] action=get_recommendations_success userId=USER-807B1464 count=0 traceId=friend-get-recommendations-1775240040884000
2026-04-03 23:44:03.178 [INFO ] Frontend -  [FRIEND_SCREEN] action=load_data_success friends=0 pending=0 suggested=0
2026-04-03 23:44:03.205 [INFO ] Frontend -  [FRIEND_SCREEN] action=socket_connected userId=USER-807B1464
2026-04-03 23:44:43.413 [WARN ] Frontend -  Primary geocoder failed (likely missing API key), trying fallback...
2026-04-03 23:44:53.734 [INFO ] Frontend -  User profile successfully loaded for: amit
2026-04-03 23:44:53.753 [INFO ] Frontend -  [FRIEND_API] action=get_friends_start userId=USER-807B1464 traceId=friend-get-friends-1775240093741000
2026-04-03 23:44:53.828 [INFO ] Frontend -  [FRIEND_API] action=get_friends_success userId=USER-807B1464 count=0 traceId=friend-get-friends-1775240093741000
2026-04-03 23:45:00.385 [WARN ] Frontend -  Primary geocoder failed (likely missing API key), trying fallback...
2026-04-03 23:45:10.836 [WARN ] Frontend -  Primary geocoder failed (likely missing API key), trying fallback...
2026-04-03 23:45:44.074 [INFO ] Frontend -  User profile successfully loaded for: amit
2026-04-03 23:45:44.092 [INFO ] Frontend -  [FRIEND_API] action=get_friends_start userId=USER-807B1464 traceId=friend-get-friends-1775240144079000
2026-04-03 23:45:44.192 [INFO ] Frontend -  [FRIEND_API] action=get_friends_success userId=USER-807B1464 count=0 traceId=friend-get-friends-1775240144079000
2026-04-03 23:50:26.915 [INFO ] Frontend -  User profile successfully loaded for: rohan
2026-04-03 23:50:29.774 [WARN ] Frontend -  Primary geocoder failed (likely missing API key), trying fallback...
2026-04-03 23:50:33.349 [INFO ] Frontend -  [FRIEND_SCREEN] action=load_data_start
2026-04-03 23:50:33.920 [INFO ] Frontend -  User profile successfully loaded for: rohan
2026-04-03 23:50:33.962 [INFO ] Frontend -  [FRIEND_SCREEN] action=load_data_identity userId=USER-4BC5C982
2026-04-03 23:50:33.996 [INFO ] Frontend -  [FRIEND_API] action=get_recommendations_start userId=USER-4BC5C982 traceId=friend-get-recommendations-1775240433981000
2026-04-03 23:50:33.996 [INFO ] Frontend -  [FRIEND_API] action=get_friends_start userId=USER-4BC5C982 traceId=friend-get-friends-1775240433971000
2026-04-03 23:50:33.998 [INFO ] Frontend -  [FRIEND_API] action=get_pending_start traceId=friend-get-pending-1775240433977000
2026-04-03 23:50:34.251 [INFO ] Frontend -  [FRIEND_API] action=get_friends_success userId=USER-4BC5C982 count=0 traceId=friend-get-friends-1775240433971000
2026-04-03 23:50:34.251 [INFO ] Frontend -  [FRIEND_API] action=get_pending_success count=0 traceId=friend-get-pending-1775240433977000
2026-04-03 23:50:34.974 [INFO ] Frontend -  [FRIEND_API] action=get_recommendations_success userId=USER-4BC5C982 count=1 traceId=friend-get-recommendations-1775240433981000
2026-04-03 23:50:34.986 [INFO ] Frontend -  [FRIEND_SCREEN] action=load_data_success friends=0 pending=0 suggested=1
2026-04-03 23:50:35.158 [INFO ] Frontend -  [FRIEND_SCREEN] action=socket_connected userId=USER-4BC5C982
2026-04-03 23:50:39.343 [WARN ] Frontend -  Primary geocoder failed (likely missing API key), trying fallback...
2026-04-03 23:50:41.505 [INFO ] Frontend -  [FRIEND_SCREEN] action=tap_send_request target=USER-807B1464
2026-04-03 23:50:41.505 [INFO ] Frontend -  [FRIEND_SCREEN] action=tap_send_request target=USER-807B1464
2026-04-03 23:50:41.581 [INFO ] Frontend -  [FRIEND_API] action=send_request_start target=USER-807B1464 traceId=friend-send-request-1775240441527000
2026-04-03 23:50:41.583 [INFO ] Frontend -  [FRIEND_API] action=send_request_start target=USER-807B1464 traceId=friend-send-request-1775240441534000
2026-04-03 23:50:42.316 [INFO ] Frontend -  [FRIEND_SCREEN] action=socket_refresh userId=USER-807B1464
2026-04-03 23:50:42.316 [INFO ] Frontend -  [FRIEND_SCREEN] action=socket_refresh userId=USER-4BC5C982
2026-04-03 23:50:42.316 [INFO ] Frontend -  [FRIEND_API] action=send_request_success target=USER-807B1464 traceId=friend-send-request-1775240441534000
2026-04-03 23:50:42.316 [INFO ] Frontend -  [FRIEND_SCREEN] action=load_data_start
2026-04-03 23:50:42.316 [INFO ] Frontend -  [FRIEND_SCREEN] action=load_data_start
2026-04-03 23:50:42.828 [INFO ] Frontend -  [FRIEND_SCREEN] action=load_data_start
2026-04-03 23:50:43.287 [INFO ] Frontend -  User profile successfully loaded for: rohan
2026-04-03 23:50:43.326 [INFO ] Frontend -  [FRIEND_SCREEN] action=load_data_identity userId=USER-4BC5C982
2026-04-03 23:50:43.334 [WARN ] Frontend -  [FRIEND_API] action=send_request_failed target=USER-807B1464 status=500 traceId=friend-send-request-1775240441527000
2026-04-03 23:50:43.368 [INFO ] Frontend -  [FRIEND_API] action=get_recommendations_start userId=USER-4BC5C982 traceId=friend-get-recommendations-1775240443342000
2026-04-03 23:50:43.368 [INFO ] Frontend -  [FRIEND_API] action=get_pending_start traceId=friend-get-pending-1775240443339000
2026-04-03 23:50:43.368 [INFO ] Frontend -  [FRIEND_API] action=get_friends_start userId=USER-4BC5C982 traceId=friend-get-friends-1775240443335000
2026-04-03 23:50:43.746 [INFO ] Frontend -  User profile successfully loaded for: rohan
2026-04-03 23:50:43.752 [INFO ] Frontend -  [FRIEND_API] action=get_pending_success count=0 traceId=friend-get-pending-1775240443339000
2026-04-03 23:50:44.248 [INFO ] Frontend -  [FRIEND_SCREEN] action=load_data_identity userId=USER-4BC5C982
2026-04-03 23:50:44.248 [INFO ] Frontend -  [FRIEND_API] action=get_friends_success userId=USER-4BC5C982 count=0 traceId=friend-get-friends-1775240443335000
2026-04-03 23:50:44.641 [INFO ] Frontend -  [FRIEND_API] action=get_pending_start traceId=friend-get-pending-1775240444378000
2026-04-03 23:50:44.641 [INFO ] Frontend -  [FRIEND_API] action=get_recommendations_start userId=USER-4BC5C982 traceId=friend-get-recommendations-1775240444382000
2026-04-03 23:50:44.692 [INFO ] Frontend -  [FRIEND_API] action=get_friends_start userId=USER-4BC5C982 traceId=friend-get-friends-1775240444371000
2026-04-03 23:50:45.608 [INFO ] Frontend -  [FRIEND_API] action=get_pending_success count=0 traceId=friend-get-pending-1775240444378000
2026-04-03 23:50:45.610 [INFO ] Frontend -  [FRIEND_API] action=get_friends_success userId=USER-4BC5C982 count=0 traceId=friend-get-friends-1775240444371000
2026-04-03 23:50:46.043 [INFO ] Frontend -  [FRIEND_API] action=get_recommendations_success userId=USER-4BC5C982 count=1 traceId=friend-get-recommendations-1775240443342000
2026-04-03 23:50:46.113 [INFO ] Frontend -  [FRIEND_SCREEN] action=load_data_success friends=0 pending=0 suggested=1
2026-04-03 23:50:46.139 [INFO ] Frontend -  [FRIEND_API] action=get_pending_start traceId=friend-get-pending-1775240446083000
2026-04-03 23:50:47.054 [INFO ] Frontend -  [FRIEND_API] action=get_recommendations_success userId=USER-4BC5C982 count=1 traceId=friend-get-recommendations-1775240444382000
2026-04-03 23:50:47.089 [INFO ] Frontend -  [FRIEND_SCREEN] action=load_data_success friends=0 pending=0 suggested=1
2026-04-03 23:50:47.952 [INFO ] Frontend -  [FRIEND_API] action=get_pending_success count=1 traceId=friend-get-pending-1775240446083000
2026-04-03 23:50:57.546 [INFO ] Frontend -  [FRIEND_API] action=get_pending_start traceId=friend-get-pending-1775240457518000
2026-04-03 23:50:57.794 [INFO ] Frontend -  [FRIEND_API] action=get_pending_success count=1 traceId=friend-get-pending-1775240457518000
2026-04-03 23:51:04.684 [INFO ] Frontend -  [FRIEND_SCREEN] action=load_data_start
2026-04-03 23:51:05.146 [INFO ] Frontend -  User profile successfully loaded for: amit
2026-04-03 23:51:05.178 [INFO ] Frontend -  [FRIEND_SCREEN] action=load_data_identity userId=USER-807B1464
2026-04-03 23:51:05.204 [INFO ] Frontend -  [FRIEND_API] action=get_pending_start traceId=friend-get-pending-1775240465187000
2026-04-03 23:51:05.204 [INFO ] Frontend -  [FRIEND_API] action=get_friends_start userId=USER-807B1464 traceId=friend-get-friends-1775240465184000
2026-04-03 23:51:05.204 [INFO ] Frontend -  [FRIEND_API] action=get_recommendations_start userId=USER-807B1464 traceId=friend-get-recommendations-1775240465191000
2026-04-03 23:51:05.334 [INFO ] Frontend -  [FRIEND_API] action=get_friends_success userId=USER-807B1464 count=0 traceId=friend-get-friends-1775240465184000
2026-04-03 23:51:05.521 [INFO ] Frontend -  [FRIEND_API] action=get_pending_success count=1 traceId=friend-get-pending-1775240465187000
2026-04-03 23:51:05.549 [INFO ] Frontend -  [FRIEND_API] action=get_recommendations_success userId=USER-807B1464 count=0 traceId=friend-get-recommendations-1775240465191000
2026-04-03 23:51:05.572 [INFO ] Frontend -  [FRIEND_SCREEN] action=load_data_success friends=0 pending=1 suggested=0
2026-04-03 23:51:05.795 [INFO ] Frontend -  [FRIEND_SCREEN] action=socket_connected userId=USER-807B1464
2026-04-03 23:51:07.468 [INFO ] Frontend -  [FRIEND_SCREEN] action=tap_accept_request requestId=1
2026-04-03 23:51:07.481 [INFO ] Frontend -  [FRIEND_API] action=accept_request_start requestId=1 traceId=friend-accept-request-1775240467474000
2026-04-03 23:51:09.737 [INFO ] Frontend -  [FRIEND_SCREEN] action=load_data_start
2026-04-03 23:51:09.738 [INFO ] Frontend -  [FRIEND_SCREEN] action=load_data_start
2026-04-03 23:51:09.738 [INFO ] Frontend -  [FRIEND_SCREEN] action=socket_refresh userId=USER-807B1464
2026-04-03 23:51:09.737 [INFO ] Frontend -  [FRIEND_SCREEN] action=socket_refresh userId=USER-807B1464
2026-04-03 23:51:09.738 [INFO ] Frontend -  [FRIEND_SCREEN] action=load_data_start
2026-04-03 23:51:09.740 [INFO ] Frontend -  [FRIEND_SCREEN] action=socket_refresh userId=USER-4BC5C982
2026-04-03 23:51:12.867 [WARN ] Frontend -  Primary geocoder failed (likely missing API key), trying fallback...
2026-04-03 23:51:12.876 [INFO ] Frontend -  [FRIEND_SCREEN] action=socket_disconnected userId=USER-807B1464
2026-04-03 23:51:14.086 [INFO ] Frontend -  [FRIEND_API] action=accept_request_success requestId=1 traceId=friend-accept-request-1775240467474000
2026-04-03 23:51:16.905 [INFO ] Frontend -  [FRIEND_SCREEN] action=load_data_start
2026-04-03 23:51:18.091 [INFO ] Frontend -  User profile successfully loaded for: rohan
2026-04-03 23:51:18.226 [INFO ] Frontend -  [FRIEND_SCREEN] action=load_data_identity userId=USER-4BC5C982
2026-04-03 23:51:18.309 [INFO ] Frontend -  [FRIEND_API] action=get_friends_start userId=USER-4BC5C982 traceId=friend-get-friends-1775240478258000
2026-04-03 23:51:18.318 [INFO ] Frontend -  [FRIEND_API] action=get_recommendations_start userId=USER-4BC5C982 traceId=friend-get-recommendations-1775240478267000
2026-04-03 23:51:18.318 [INFO ] Frontend -  [FRIEND_API] action=get_pending_start traceId=friend-get-pending-1775240478263000
2026-04-03 23:51:19.040 [INFO ] Frontend -  User profile successfully loaded for: amit
2026-04-03 23:51:19.207 [INFO ] Frontend -  [FRIEND_SCREEN] action=load_data_identity userId=USER-807B1464
2026-04-03 23:51:19.288 [INFO ] Frontend -  [FRIEND_API] action=get_pending_start traceId=friend-get-pending-1775240479224000
2026-04-03 23:51:19.330 [INFO ] Frontend -  [FRIEND_API] action=get_recommendations_start userId=USER-807B1464 traceId=friend-get-recommendations-1775240479227000
2026-04-03 23:51:19.571 [INFO ] Frontend -  [FRIEND_API] action=get_friends_start userId=USER-807B1464 traceId=friend-get-friends-1775240479220000
2026-04-03 23:51:19.715 [INFO ] Frontend -  [FRIEND_API] action=get_pending_success count=0 traceId=friend-get-pending-1775240478263000
2026-04-03 23:51:20.084 [INFO ] Frontend -  [FRIEND_API] action=get_pending_success count=0 traceId=friend-get-pending-1775240479224000
2026-04-03 23:51:21.165 [INFO ] Frontend -  [FRIEND_API] action=get_friends_success userId=USER-4BC5C982 count=1 traceId=friend-get-friends-1775240478258000
2026-04-03 23:51:21.781 [INFO ] Frontend -  [FRIEND_API] action=get_friends_success userId=USER-807B1464 count=1 traceId=friend-get-friends-1775240479220000
2026-04-03 23:51:21.781 [INFO ] Frontend -  [FRIEND_API] action=get_recommendations_success userId=USER-807B1464 count=0 traceId=friend-get-recommendations-1775240479227000
2026-04-03 23:51:21.838 [INFO ] Frontend -  [FRIEND_SCREEN] action=load_data_success friends=0 pending=1 suggested=0
2026-04-03 23:51:21.936 [INFO ] Frontend -  [FRIEND_API] action=get_recommendations_success userId=USER-4BC5C982 count=0 traceId=friend-get-recommendations-1775240478267000
2026-04-03 23:51:22.001 [INFO ] Frontend -  [FRIEND_SCREEN] action=load_data_success friends=1 pending=0 suggested=0
2026-04-03 23:51:24.324 [INFO ] Frontend -  [FRIEND_SCREEN] action=socket_disconnected userId=USER-4BC5C982
2026-04-03 23:51:24.395 [WARN ] Frontend -  Primary geocoder failed (likely missing API key), trying fallback...
2026-04-03 23:51:27.060 [INFO ] Frontend -  User profile successfully loaded for: amit
2026-04-03 23:51:27.082 [INFO ] Frontend -  [FRIEND_API] action=get_friends_start userId=USER-807B1464 traceId=friend-get-friends-1775240487072000
2026-04-03 23:51:27.867 [INFO ] Frontend -  [FRIEND_API] action=get_friends_success userId=USER-807B1464 count=1 traceId=friend-get-friends-1775240487072000
2026-04-03 23:51:37.746 [INFO ] Frontend -  User profile successfully loaded for: amit
2026-04-03 23:51:37.801 [INFO ] Frontend -  [FRIEND_API] action=get_friends_start userId=USER-807B1464 traceId=friend-get-friends-1775240497762000
2026-04-03 23:51:38.257 [INFO ] Frontend -  [FRIEND_API] action=get_friends_success userId=USER-807B1464 count=1 traceId=friend-get-friends-1775240497762000
2026-04-03 23:52:53.328 [INFO ] Frontend -  User profile successfully loaded for: amit
2026-04-03 23:52:53.359 [INFO ] Frontend -  [FRIEND_API] action=get_friends_start userId=USER-807B1464 traceId=friend-get-friends-1775240573334000
2026-04-03 23:52:53.677 [INFO ] Frontend -  [FRIEND_API] action=get_friends_success userId=USER-807B1464 count=1 traceId=friend-get-friends-1775240573334000
2026-04-04 00:29:57.105 [INFO ] Frontend -  User profile successfully loaded for: amit
2026-04-04 00:29:57.604 [WARN ] Frontend -  Primary geocoder failed (likely missing API key), trying fallback...
2026-04-04 00:30:37.821 [INFO ] Frontend -  User profile successfully loaded for: rohan
2026-04-04 00:31:37.519 [INFO ] Frontend -  [FRIEND_SCREEN] action=load_data_start
2026-04-04 00:31:37.674 [INFO ] Frontend -  User profile successfully loaded for: rohan
2026-04-04 00:31:37.723 [INFO ] Frontend -  [FRIEND_SCREEN] action=load_data_identity userId=USER-3AD49C55
2026-04-04 00:31:37.758 [INFO ] Frontend -  [FRIEND_API] action=get_recommendations_start userId=USER-3AD49C55 traceId=friend-get-recommendations-1775242897741000
2026-04-04 00:31:37.758 [INFO ] Frontend -  [FRIEND_API] action=get_friends_start userId=USER-3AD49C55 traceId=friend-get-friends-1775242897732000
2026-04-04 00:31:37.762 [INFO ] Frontend -  [FRIEND_API] action=get_pending_start traceId=friend-get-pending-1775242897737000
2026-04-04 00:31:38.081 [INFO ] Frontend -  [FRIEND_API] action=get_pending_success count=0 traceId=friend-get-pending-1775242897737000
2026-04-04 00:31:38.160 [INFO ] Frontend -  [FRIEND_API] action=get_friends_success userId=USER-3AD49C55 count=0 traceId=friend-get-friends-1775242897732000
2026-04-04 00:31:40.356 [INFO ] Frontend -  [FRIEND_API] action=get_recommendations_success userId=USER-3AD49C55 count=1 traceId=friend-get-recommendations-1775242897741000
2026-04-04 00:31:40.394 [INFO ] Frontend -  [FRIEND_SCREEN] action=load_data_success friends=0 pending=0 suggested=1
2026-04-04 00:31:40.514 [INFO ] Frontend -  [FRIEND_SCREEN] action=socket_connected userId=USER-3AD49C55
2026-04-04 00:31:49.749 [INFO ] Frontend -  [FRIEND_SCREEN] action=tap_send_request target=USER-E8167727
2026-04-04 00:31:49.770 [INFO ] Frontend -  [FRIEND_API] action=send_request_start target=USER-E8167727 traceId=friend-send-request-1775242909757000
2026-04-04 00:31:50.212 [INFO ] Frontend -  [FRIEND_SCREEN] action=socket_refresh userId=USER-3AD49C55
2026-04-04 00:31:50.231 [INFO ] Frontend -  [FRIEND_SCREEN] action=load_data_start
2026-04-04 00:31:50.237 [INFO ] Frontend -  [FRIEND_API] action=send_request_success target=USER-E8167727 traceId=friend-send-request-1775242909757000
2026-04-04 00:31:50.283 [INFO ] Frontend -  [FRIEND_SCREEN] action=load_data_start
2026-04-04 00:31:50.356 [INFO ] Frontend -  User profile successfully loaded for: rohan
2026-04-04 00:31:50.411 [INFO ] Frontend -  [FRIEND_SCREEN] action=load_data_identity userId=USER-3AD49C55
2026-04-04 00:31:50.446 [INFO ] Frontend -  [FRIEND_API] action=get_friends_start userId=USER-3AD49C55 traceId=friend-get-friends-1775242910423000
2026-04-04 00:31:50.462 [INFO ] Frontend -  [FRIEND_API] action=get_pending_start traceId=friend-get-pending-1775242910428000
2026-04-04 00:31:50.468 [INFO ] Frontend -  [FRIEND_API] action=get_recommendations_start userId=USER-3AD49C55 traceId=friend-get-recommendations-1775242910432000
2026-04-04 00:31:50.497 [INFO ] Frontend -  User profile successfully loaded for: rohan
2026-04-04 00:31:50.526 [INFO ] Frontend -  [FRIEND_SCREEN] action=load_data_identity userId=USER-3AD49C55
2026-04-04 00:31:50.583 [INFO ] Frontend -  [FRIEND_API] action=get_pending_success count=0 traceId=friend-get-pending-1775242910428000
2026-04-04 00:31:50.584 [INFO ] Frontend -  [FRIEND_API] action=get_friends_success userId=USER-3AD49C55 count=0 traceId=friend-get-friends-1775242910423000
2026-04-04 00:31:50.589 [INFO ] Frontend -  [FRIEND_API] action=get_recommendations_start userId=USER-3AD49C55 traceId=friend-get-recommendations-1775242910559000
2026-04-04 00:31:50.590 [INFO ] Frontend -  [FRIEND_API] action=get_friends_start userId=USER-3AD49C55 traceId=friend-get-friends-1775242910552000
2026-04-04 00:31:50.589 [INFO ] Frontend -  [FRIEND_API] action=get_pending_start traceId=friend-get-pending-1775242910556000
2026-04-04 00:31:50.730 [INFO ] Frontend -  [FRIEND_API] action=get_pending_success count=0 traceId=friend-get-pending-1775242910556000
2026-04-04 00:31:50.734 [INFO ] Frontend -  [FRIEND_API] action=get_friends_success userId=USER-3AD49C55 count=0 traceId=friend-get-friends-1775242910552000
2026-04-04 00:31:50.864 [INFO ] Frontend -  [FRIEND_API] action=get_recommendations_success userId=USER-3AD49C55 count=1 traceId=friend-get-recommendations-1775242910432000
2026-04-04 00:31:50.880 [INFO ] Frontend -  [FRIEND_SCREEN] action=load_data_success friends=0 pending=0 suggested=1
2026-04-04 00:31:50.948 [INFO ] Frontend -  [FRIEND_API] action=get_recommendations_success userId=USER-3AD49C55 count=1 traceId=friend-get-recommendations-1775242910559000
2026-04-04 00:31:50.956 [INFO ] Frontend -  [FRIEND_SCREEN] action=load_data_success friends=0 pending=0 suggested=1
2026-04-04 00:31:58.504 [INFO ] Frontend -  [FRIEND_API] action=get_pending_start traceId=friend-get-pending-1775242918235000
2026-04-04 00:31:59.001 [INFO ] Frontend -  [FRIEND_API] action=get_pending_success count=1 traceId=friend-get-pending-1775242918235000
2026-04-04 00:32:13.170 [INFO ] Frontend -  [FRIEND_SCREEN] action=socket_disconnected userId=USER-3AD49C55
2026-04-04 00:32:14.281 [WARN ] Frontend -  Primary geocoder failed (likely missing API key), trying fallback...
2026-04-04 00:32:14.281 [WARN ] Frontend -  Primary geocoder failed (likely missing API key), trying fallback...
2026-04-04 00:32:19.549 [INFO ] Frontend -  [FRIEND_SCREEN] action=load_data_start
2026-04-04 00:32:19.743 [INFO ] Frontend -  User profile successfully loaded for: amit
2026-04-04 00:32:19.762 [INFO ] Frontend -  [FRIEND_SCREEN] action=load_data_identity userId=USER-E8167727
2026-04-04 00:32:19.785 [INFO ] Frontend -  [FRIEND_API] action=get_recommendations_start userId=USER-E8167727 traceId=friend-get-recommendations-1775242939775000
2026-04-04 00:32:19.785 [INFO ] Frontend -  [FRIEND_API] action=get_friends_start userId=USER-E8167727 traceId=friend-get-friends-1775242939768000
2026-04-04 00:32:19.788 [INFO ] Frontend -  [FRIEND_API] action=get_pending_start traceId=friend-get-pending-1775242939772000
2026-04-04 00:32:19.959 [INFO ] Frontend -  [FRIEND_API] action=get_friends_success userId=USER-E8167727 count=0 traceId=friend-get-friends-1775242939768000
2026-04-04 00:32:20.186 [INFO ] Frontend -  [FRIEND_API] action=get_pending_success count=1 traceId=friend-get-pending-1775242939772000
2026-04-04 00:32:20.224 [INFO ] Frontend -  [FRIEND_API] action=get_recommendations_success userId=USER-E8167727 count=0 traceId=friend-get-recommendations-1775242939775000
2026-04-04 00:32:20.239 [INFO ] Frontend -  [FRIEND_SCREEN] action=load_data_success friends=0 pending=1 suggested=0
2026-04-04 00:32:20.346 [INFO ] Frontend -  [FRIEND_SCREEN] action=socket_connected userId=USER-E8167727
2026-04-04 00:32:21.999 [INFO ] Frontend -  [FRIEND_SCREEN] action=tap_accept_request requestId=1
2026-04-04 00:32:22.017 [INFO ] Frontend -  [FRIEND_API] action=accept_request_start requestId=1 traceId=friend-accept-request-1775242942007000
2026-04-04 00:32:24.028 [INFO ] Frontend -  [FRIEND_SCREEN] action=socket_refresh userId=USER-E8167727
2026-04-04 00:32:24.028 [INFO ] Frontend -  [FRIEND_SCREEN] action=load_data_start
2026-04-04 00:32:24.165 [INFO ] Frontend -  [FRIEND_API] action=accept_request_success requestId=1 traceId=friend-accept-request-1775242942007000
2026-04-04 00:32:24.264 [INFO ] Frontend -  [FRIEND_SCREEN] action=load_data_start
2026-04-04 00:32:24.454 [INFO ] Frontend -  User profile successfully loaded for: amit
2026-04-04 00:32:24.490 [INFO ] Frontend -  [FRIEND_SCREEN] action=load_data_identity userId=USER-E8167727
2026-04-04 00:32:24.520 [INFO ] Frontend -  [FRIEND_API] action=get_pending_start traceId=friend-get-pending-1775242944502000
2026-04-04 00:32:24.520 [INFO ] Frontend -  [FRIEND_API] action=get_friends_start userId=USER-E8167727 traceId=friend-get-friends-1775242944498000
2026-04-04 00:32:24.529 [INFO ] Frontend -  [FRIEND_API] action=get_recommendations_start userId=USER-E8167727 traceId=friend-get-recommendations-1775242944506000
2026-04-04 00:32:24.721 [INFO ] Frontend -  User profile successfully loaded for: amit
2026-04-04 00:32:24.720 [INFO ] Frontend -  [FRIEND_API] action=get_pending_success count=0 traceId=friend-get-pending-1775242944502000
2026-04-04 00:32:24.746 [INFO ] Frontend -  [FRIEND_SCREEN] action=load_data_identity userId=USER-E8167727
2026-04-04 00:32:24.772 [INFO ] Frontend -  [FRIEND_API] action=get_friends_start userId=USER-E8167727 traceId=friend-get-friends-1775242944755000
2026-04-04 00:32:24.772 [INFO ] Frontend -  [FRIEND_API] action=get_pending_start traceId=friend-get-pending-1775242944759000
2026-04-04 00:32:24.798 [INFO ] Frontend -  [FRIEND_API] action=get_recommendations_start userId=USER-E8167727 traceId=friend-get-recommendations-1775242944762000
2026-04-04 00:32:25.043 [INFO ] Frontend -  [FRIEND_API] action=get_pending_success count=0 traceId=friend-get-pending-1775242944759000
2026-04-04 00:32:25.244 [INFO ] Frontend -  [FRIEND_API] action=get_recommendations_success userId=USER-E8167727 count=0 traceId=friend-get-recommendations-1775242944506000
2026-04-04 00:32:25.284 [INFO ] Frontend -  [FRIEND_API] action=get_friends_success userId=USER-E8167727 count=1 traceId=friend-get-friends-1775242944498000
2026-04-04 00:32:25.303 [INFO ] Frontend -  [FRIEND_SCREEN] action=load_data_success friends=1 pending=0 suggested=0
2026-04-04 00:32:25.407 [INFO ] Frontend -  [FRIEND_API] action=get_friends_success userId=USER-E8167727 count=1 traceId=friend-get-friends-1775242944755000
2026-04-04 00:32:25.413 [INFO ] Frontend -  [FRIEND_API] action=get_recommendations_success userId=USER-E8167727 count=0 traceId=friend-get-recommendations-1775242944762000
2026-04-04 00:32:25.425 [INFO ] Frontend -  [FRIEND_SCREEN] action=load_data_success friends=1 pending=0 suggested=0
2026-04-04 00:32:27.360 [INFO ] Frontend -  [FRIEND_SCREEN] action=socket_disconnected userId=USER-E8167727
2026-04-04 00:32:27.375 [WARN ] Frontend -  Primary geocoder failed (likely missing API key), trying fallback...
2026-04-04 00:32:55.775 [INFO ] Frontend -  User profile successfully loaded for: amit
2026-04-04 00:32:55.791 [INFO ] Frontend -  [FRIEND_API] action=get_friends_start userId=USER-E8167727 traceId=friend-get-friends-1775242975782000
2026-04-04 00:32:56.454 [INFO ] Frontend -  [FRIEND_API] action=get_friends_success userId=USER-E8167727 count=1 traceId=friend-get-friends-1775242975782000
2026-04-04 00:33:25.138 [WARN ] Frontend -  Primary geocoder failed (likely missing API key), trying fallback...
2026-04-04 13:59:58.035 [INFO ] Frontend -  Attempting login for user: asr@gmail.com
2026-04-04 14:00:01.647 [WARN ] Frontend -  This is the second data : {success: true, data: {userId: USER-E8167727, token: eyJhbGciOiJIUzI1NiJ9.eyJzdWIiOiJVU0VSLUU4MTY3NzI3Iiwicm9sZXMiOiJSSURFUiIsImlhdCI6MTc3NTI5MTM5OSwiZXhwIjoxNzc1MjkyMjk5fQ.MEdMj9EG_BZXnOeqBqcmgOIH4l1qISucPZer0bGR1VM, refreshToken: e6d4f067-bfd1-4cb5-a57d-c84df964e8dc, expiresIn: 900}}
2026-04-04 14:00:01.647 [INFO ] Frontend -  Login successful. Tokens securely stored.
2026-04-04 14:00:05.232 [INFO ] Frontend -  User profile successfully loaded for: amit
2026-04-04 14:00:05.887 [WARN ] Frontend -  Primary geocoder failed (likely missing API key), trying fallback...
2026-04-04 14:00:15.842 [INFO ] Frontend -  [FRIEND_API] action=get_pending_start traceId=friend-get-pending-1775291415745000
2026-04-04 14:00:16.051 [INFO ] Frontend -  [FRIEND_API] action=get_pending_success count=0 traceId=friend-get-pending-1775291415745000
2026-04-04 14:06:54.488 [INFO ] Frontend -  Attempting login for user: rs@gmail.com
2026-04-04 14:06:54.968 [WARN ] Frontend -  This is the second data : {success: true, data: {userId: USER-3AD49C55, token: eyJhbGciOiJIUzI1NiJ9.eyJzdWIiOiJVU0VSLTNBRDQ5QzU1Iiwicm9sZXMiOiJSSURFUiIsImlhdCI6MTc3NTI5MTgxNCwiZXhwIjoxNzc1MjkyNzE0fQ.Fem65KdoNNeTadChbxLB0VAtCSz5T7MW60e5sJNj6WY, refreshToken: bbbc2a54-db16-4a23-90bc-84dd95e0a7f3, expiresIn: 900}}
2026-04-04 14:06:54.968 [INFO ] Frontend -  Login successful. Tokens securely stored.
2026-04-04 14:06:56.611 [INFO ] Frontend -  User profile successfully loaded for: rohan
2026-04-04 14:07:42.989 [WARN ] Frontend -  Primary geocoder failed (likely missing API key), trying fallback...
2026-04-04 14:10:03.499 [INFO ] Frontend -  Attempting login for user: asr@gmail.com
2026-04-04 14:10:05.030 [WARN ] Frontend -  This is the second data : {success: true, data: {userId: USER-E8167727, token: eyJhbGciOiJIUzI1NiJ9.eyJzdWIiOiJVU0VSLUU4MTY3NzI3Iiwicm9sZXMiOiJSSURFUiIsImlhdCI6MTc3NTI5MjAwNCwiZXhwIjoxNzc1MjkyOTA0fQ._fSlStBQokB9HkScEEz7P4EXLPHIYpi1y-2pM6qsd4w, refreshToken: e66edc34-f4ec-46ee-8a89-0fdb67ce9b71, expiresIn: 900}}
2026-04-04 14:10:05.030 [INFO ] Frontend -  Login successful. Tokens securely stored.
2026-04-04 14:10:08.114 [INFO ] Frontend -  User profile successfully loaded for: amit
2026-04-04 14:10:08.424 [WARN ] Frontend -  Primary geocoder failed (likely missing API key), trying fallback...
2026-04-04 14:10:13.825 [INFO ] Frontend -  Attempting login for user: rs@gmail.com
2026-04-04 14:10:14.137 [INFO ] Frontend -  Login successful. Tokens securely stored.
2026-04-04 14:10:14.137 [WARN ] Frontend -  This is the second data : {success: true, data: {userId: USER-3AD49C55, token: eyJhbGciOiJIUzI1NiJ9.eyJzdWIiOiJVU0VSLTNBRDQ5QzU1Iiwicm9sZXMiOiJSSURFUiIsImlhdCI6MTc3NTI5MjAxNCwiZXhwIjoxNzc1MjkyOTE0fQ.NrFkLPQtRdDCbF9R2U4ju1YfiVMelBvltXubJVmZXrA, refreshToken: 2b292009-4a49-40d6-8072-caecd9a0a9d1, expiresIn: 900}}
2026-04-04 14:10:14.360 [INFO ] Frontend -  User profile successfully loaded for: rohan
2026-04-04 14:10:14.639 [WARN ] Frontend -  Primary geocoder failed (likely missing API key), trying fallback...
2026-04-04 14:10:34.492 [WARN ] Frontend -  Primary geocoder failed (likely missing API key), trying fallback...
2026-04-04 14:10:38.665 [INFO ] Frontend -  [FRIEND_API] action=get_pending_start traceId=friend-get-pending-1775292038606000
2026-04-04 14:10:38.869 [INFO ] Frontend -  [FRIEND_API] action=get_pending_success count=0 traceId=friend-get-pending-1775292038606000
2026-04-04 14:15:34.868 [WARN ] Frontend -  Primary geocoder failed (likely missing API key), trying fallback...
2026-04-04 14:15:39.548 [WARN ] Frontend -  Primary geocoder failed (likely missing API key), trying fallback...
2026-04-04 14:44:02.046 [INFO ] Frontend -  User profile successfully loaded for: amti
2026-04-04 14:44:05.153 [WARN ] Frontend -  Primary geocoder failed (likely missing API key), trying fallback...
2026-04-04 14:44:55.475 [INFO ] Frontend -  User profile successfully loaded for: rohan
2026-04-04 14:45:00.154 [INFO ] Frontend -  [FRIEND_SCREEN] action=load_data_start
2026-04-04 14:45:00.415 [INFO ] Frontend -  User profile successfully loaded for: rohan
2026-04-04 14:45:00.429 [INFO ] Frontend -  [FRIEND_SCREEN] action=load_data_identity userId=USER-D64EBCE6
2026-04-04 14:45:00.475 [INFO ] Frontend -  [FRIEND_API] action=get_pending_start traceId=friend-get-pending-1775294100440000
2026-04-04 14:45:00.478 [INFO ] Frontend -  [FRIEND_API] action=get_friends_start userId=USER-D64EBCE6 traceId=friend-get-friends-1775294100436000
2026-04-04 14:45:00.484 [INFO ] Frontend -  [FRIEND_API] action=get_recommendations_start userId=USER-D64EBCE6 traceId=friend-get-recommendations-1775294100445000
2026-04-04 14:45:01.002 [INFO ] Frontend -  [FRIEND_API] action=get_pending_success count=0 traceId=friend-get-pending-1775294100440000
2026-04-04 14:45:01.037 [INFO ] Frontend -  [FRIEND_API] action=get_friends_success userId=USER-D64EBCE6 count=0 traceId=friend-get-friends-1775294100436000
2026-04-04 14:45:05.868 [INFO ] Frontend -  [FRIEND_API] action=get_recommendations_success userId=USER-D64EBCE6 count=1 traceId=friend-get-recommendations-1775294100445000
2026-04-04 14:45:05.888 [INFO ] Frontend -  [FRIEND_SCREEN] action=load_data_success friends=0 pending=0 suggested=1
2026-04-04 14:45:06.151 [INFO ] Frontend -  [FRIEND_SCREEN] action=socket_connected userId=USER-D64EBCE6
2026-04-04 14:45:08.366 [INFO ] Frontend -  [FRIEND_SCREEN] action=tap_send_request target=USER-A166CFB8
2026-04-04 14:45:08.408 [INFO ] Frontend -  [FRIEND_API] action=send_request_start target=USER-A166CFB8 traceId=friend-send-request-1775294108391000
2026-04-04 14:45:09.280 [INFO ] Frontend -  [FRIEND_SCREEN] action=socket_refresh userId=USER-D64EBCE6
2026-04-04 14:45:09.280 [INFO ] Frontend -  [FRIEND_SCREEN] action=load_data_start
2026-04-04 14:45:09.279 [INFO ] Frontend -  [FRIEND_API] action=send_request_success target=USER-A166CFB8 traceId=friend-send-request-1775294108391000
2026-04-04 14:45:09.329 [INFO ] Frontend -  [FRIEND_SCREEN] action=load_data_start
2026-04-04 14:45:09.812 [INFO ] Frontend -  User profile successfully loaded for: rohan
2026-04-04 14:45:09.860 [INFO ] Frontend -  [FRIEND_SCREEN] action=load_data_identity userId=USER-D64EBCE6
2026-04-04 14:45:09.929 [INFO ] Frontend -  [FRIEND_API] action=get_pending_start traceId=friend-get-pending-1775294109870000
2026-04-04 14:45:09.941 [INFO ] Frontend -  [FRIEND_API] action=get_friends_start userId=USER-D64EBCE6 traceId=friend-get-friends-1775294109867000
2026-04-04 14:45:09.920 [INFO ] Frontend -  [FRIEND_API] action=get_recommendations_start userId=USER-D64EBCE6 traceId=friend-get-recommendations-1775294109873000
2026-04-04 14:45:09.941 [INFO ] Frontend -  User profile successfully loaded for: rohan
2026-04-04 14:45:09.987 [INFO ] Frontend -  [FRIEND_SCREEN] action=load_data_identity userId=USER-D64EBCE6
2026-04-04 14:45:10.059 [INFO ] Frontend -  [FRIEND_API] action=get_friends_start userId=USER-D64EBCE6 traceId=friend-get-friends-1775294109994000
2026-04-04 14:45:10.059 [INFO ] Frontend -  [FRIEND_API] action=get_pending_start traceId=friend-get-pending-1775294109999000
2026-04-04 14:45:10.156 [INFO ] Frontend -  [FRIEND_API] action=get_recommendations_start userId=USER-D64EBCE6 traceId=friend-get-recommendations-1775294110003000
2026-04-04 14:45:10.199 [INFO ] Frontend -  [FRIEND_API] action=get_pending_success count=0 traceId=friend-get-pending-1775294109870000
2026-04-04 14:45:10.238 [INFO ] Frontend -  [FRIEND_API] action=get_friends_success userId=USER-D64EBCE6 count=0 traceId=friend-get-friends-1775294109867000
2026-04-04 14:45:10.314 [INFO ] Frontend -  [FRIEND_API] action=get_friends_success userId=USER-D64EBCE6 count=0 traceId=friend-get-friends-1775294109994000
2026-04-04 14:45:10.317 [INFO ] Frontend -  [FRIEND_API] action=get_pending_success count=0 traceId=friend-get-pending-1775294109999000
2026-04-04 14:45:10.837 [INFO ] Frontend -  [FRIEND_API] action=get_recommendations_success userId=USER-D64EBCE6 count=1 traceId=friend-get-recommendations-1775294109873000
2026-04-04 14:45:10.892 [INFO ] Frontend -  [FRIEND_SCREEN] action=load_data_success friends=0 pending=0 suggested=1
2026-04-04 14:45:11.240 [INFO ] Frontend -  [FRIEND_API] action=get_recommendations_success userId=USER-D64EBCE6 count=1 traceId=friend-get-recommendations-1775294110003000
2026-04-04 14:45:11.261 [INFO ] Frontend -  [FRIEND_SCREEN] action=load_data_success friends=0 pending=0 suggested=1
2026-04-04 14:45:12.050 [INFO ] Frontend -  [FRIEND_SCREEN] action=socket_disconnected userId=USER-D64EBCE6
2026-04-04 14:45:17.299 [INFO ] Frontend -  [FRIEND_API] action=get_pending_start traceId=friend-get-pending-1775294116691000
2026-04-04 14:45:18.616 [INFO ] Frontend -  [FRIEND_API] action=get_pending_success count=1 traceId=friend-get-pending-1775294116691000
2026-04-04 14:45:20.750 [INFO ] Frontend -  [FRIEND_API] action=get_pending_start traceId=friend-get-pending-1775294120700000
2026-04-04 14:45:20.820 [WARN ] Frontend -  Primary geocoder failed (likely missing API key), trying fallback...
2026-04-04 14:45:20.820 [WARN ] Frontend -  Primary geocoder failed (likely missing API key), trying fallback...
2026-04-04 14:45:21.166 [INFO ] Frontend -  [FRIEND_API] action=get_pending_success count=1 traceId=friend-get-pending-1775294120700000
2026-04-04 14:45:23.279 [INFO ] Frontend -  [PUBLIC_PROFILE] action=fetch_relationship target=USER-D64EBCE6
2026-04-04 14:45:23.279 [INFO ] Frontend -  [PUBLIC_PROFILE] action=fetch_friend_count target=USER-D64EBCE6
2026-04-04 14:45:23.279 [INFO ] Frontend -  [PUBLIC_PROFILE] action=fetch_mutual_count target=USER-D64EBCE6
2026-04-04 14:45:23.324 [INFO ] Frontend -  [FRIEND_API] action=get_relationship_start target=USER-D64EBCE6 traceId=friend-get-relationship-1775294123307000
2026-04-04 14:45:23.324 [INFO ] Frontend -  [FRIEND_API] action=get_mutual_count_start target=USER-D64EBCE6 traceId=friend-get-mutual-count-1775294123313000
2026-04-04 14:45:23.326 [INFO ] Frontend -  [FRIEND_API] action=get_friends_start userId=USER-D64EBCE6 traceId=friend-get-friends-1775294123317000
2026-04-04 14:45:23.578 [INFO ] Frontend -  [FRIEND_API] action=get_friends_success userId=USER-D64EBCE6 count=0 traceId=friend-get-friends-1775294123317000
2026-04-04 14:45:23.974 [INFO ] Frontend -  [FRIEND_API] action=get_mutual_count_success target=USER-D64EBCE6 count=0 traceId=friend-get-mutual-count-1775294123313000
2026-04-04 14:45:24.107 [INFO ] Frontend -  [FRIEND_API] action=get_relationship_success target=USER-D64EBCE6 statusValue=request_received traceId=friend-get-relationship-1775294123307000
2026-04-04 14:45:27.010 [INFO ] Frontend -  [FRIEND_API] action=get_pending_start traceId=friend-get-pending-1775294126971000
2026-04-04 14:45:27.234 [INFO ] Frontend -  [FRIEND_API] action=get_pending_success count=1 traceId=friend-get-pending-1775294126971000
2026-04-04 14:45:28.455 [INFO ] Frontend -  [FRIEND_API] action=accept_request_start requestId=1 traceId=friend-accept-request-1775294128435000
2026-04-04 14:45:32.397 [INFO ] Frontend -  [FRIEND_API] action=accept_request_success requestId=1 traceId=friend-accept-request-1775294128435000
2026-04-04 14:45:40.277 [INFO ] Frontend -  [FRIEND_SCREEN] action=load_data_start
2026-04-04 14:45:40.581 [INFO ] Frontend -  User profile successfully loaded for: rohan
2026-04-04 14:45:40.612 [INFO ] Frontend -  [FRIEND_SCREEN] action=load_data_identity userId=USER-D64EBCE6
2026-04-04 14:45:40.629 [INFO ] Frontend -  [FRIEND_API] action=get_pending_start traceId=friend-get-pending-1775294140618000
2026-04-04 14:45:40.629 [INFO ] Frontend -  [FRIEND_API] action=get_recommendations_start userId=USER-D64EBCE6 traceId=friend-get-recommendations-1775294140621000
2026-04-04 14:45:40.629 [INFO ] Frontend -  [FRIEND_API] action=get_friends_start userId=USER-D64EBCE6 traceId=friend-get-friends-1775294140615000
2026-04-04 14:45:40.749 [INFO ] Frontend -  [FRIEND_API] action=get_pending_success count=0 traceId=friend-get-pending-1775294140618000
2026-04-04 14:45:42.219 [INFO ] Frontend -  [FRIEND_API] action=get_friends_success userId=USER-D64EBCE6 count=1 traceId=friend-get-friends-1775294140615000
2026-04-04 14:45:42.748 [INFO ] Frontend -  [FRIEND_API] action=get_recommendations_success userId=USER-D64EBCE6 count=0 traceId=friend-get-recommendations-1775294140621000
2026-04-04 14:45:42.795 [INFO ] Frontend -  [FRIEND_SCREEN] action=load_data_success friends=1 pending=0 suggested=0
2026-04-04 14:45:43.104 [INFO ] Frontend -  [FRIEND_SCREEN] action=socket_connected userId=USER-D64EBCE6
2026-04-04 14:45:44.739 [INFO ] Frontend -  [FRIEND_SCREEN] action=socket_disconnected userId=USER-D64EBCE6
2026-04-04 14:45:51.288 [INFO ] Frontend -  Attempting login for user: rs@gmail.com
2026-04-04 14:45:51.776 [INFO ] Frontend -  Login successful. Tokens securely stored.
2026-04-04 14:45:51.779 [WARN ] Frontend -  This is the second data : {success: true, data: {userId: USER-D64EBCE6, token: eyJhbGciOiJIUzI1NiJ9.eyJzdWIiOiJVU0VSLUQ2NEVCQ0U2Iiwicm9sZXMiOiJSSURFUiIsImlhdCI6MTc3NTI5NDE1MSwiZXhwIjoxNzc1Mjk1MDUxfQ.xqrwtvBKTlpUZKrKC7hjBHoORxI9-sMERzUtZ2FLubU, refreshToken: 8c6ea5bd-ae6f-46c3-8281-0a8d958dbb31, expiresIn: 900}}
2026-04-04 14:45:51.985 [INFO ] Frontend -  User profile successfully loaded for: rohan
2026-04-04 14:45:52.100 [WARN ] Frontend -  Primary geocoder failed (likely missing API key), trying fallback...
2026-04-04 14:46:28.132 [INFO ] Frontend -  User profile successfully loaded for: amti
2026-04-04 14:46:28.152 [INFO ] Frontend -  [FRIEND_API] action=get_friends_start userId=USER-A166CFB8 traceId=friend-get-friends-1775294188134000
2026-04-04 14:46:28.484 [INFO ] Frontend -  [FRIEND_API] action=get_friends_success userId=USER-A166CFB8 count=1 traceId=friend-get-friends-1775294188134000
2026-04-04 14:46:50.366 [WARN ] Frontend -  Primary geocoder failed (likely missing API key), trying fallback...
2026-04-04 14:49:48.269 [WARN ] Frontend -  Primary geocoder failed (likely missing API key), trying fallback...
2026-04-04 14:51:07.879 [WARN ] Frontend -  Primary geocoder failed (likely missing API key), trying fallback...
2026-04-04 14:53:07.942 [WARN ] Frontend -  Primary geocoder failed (likely missing API key), trying fallback...
2026-04-04 14:53:26.431 [WARN ] Frontend -  Primary geocoder failed (likely missing API key), trying fallback...
2026-04-04 14:53:29.994 [WARN ] Frontend -  Primary geocoder failed (likely missing API key), trying fallback...
2026-04-04 14:53:31.636 [WARN ] Frontend -  Primary geocoder failed (likely missing API key), trying fallback...
2026-04-04 14:53:38.263 [WARN ] Frontend -  Primary geocoder failed (likely missing API key), trying fallback...
2026-04-04 15:12:51.095 [INFO ] Frontend -  Attempting login for user: asr@gmail.com
2026-04-04 15:12:52.588 [WARN ] Frontend -  This is the second data : {success: true, data: {userId: USER-A166CFB8, token: eyJhbGciOiJIUzI1NiJ9.eyJzdWIiOiJVU0VSLUExNjZDRkI4Iiwicm9sZXMiOiJSSURFUiIsImlhdCI6MTc3NTI5NTc3MSwiZXhwIjoxNzc1Mjk2NjcxfQ.ePFz0YvzckP_-V-Z5T34UUi0iTeJV64CXznW6O9On3s, refreshToken: 9e6a260e-c7c2-46b2-8c41-c1601d3a3310, expiresIn: 900}}
2026-04-04 15:12:52.588 [INFO ] Frontend -  Login successful. Tokens securely stored.
2026-04-04 15:12:54.780 [INFO ] Frontend -  User profile successfully loaded for: amti
2026-04-04 15:12:55.185 [WARN ] Frontend -  Primary geocoder failed (likely missing API key), trying fallback...
2026-04-04 15:13:00.513 [INFO ] Frontend -  Attempting login for user: rs@gmail.com
2026-04-04 15:13:01.450 [INFO ] Frontend -  Login successful. Tokens securely stored.
2026-04-04 15:13:01.450 [WARN ] Frontend -  This is the second data : {success: true, data: {userId: USER-D64EBCE6, token: eyJhbGciOiJIUzI1NiJ9.eyJzdWIiOiJVU0VSLUQ2NEVCQ0U2Iiwicm9sZXMiOiJSSURFUiIsImlhdCI6MTc3NTI5NTc4MSwiZXhwIjoxNzc1Mjk2NjgxfQ.LUUonqqM4yn8dGPk5OcQsAV4Q_jPvBbggYhE-QdE0bg, refreshToken: 9b7e2679-1a0f-4773-a19d-10f03cd20862, expiresIn: 900}}
2026-04-04 15:13:01.930 [INFO ] Frontend -  User profile successfully loaded for: rohan
2026-04-04 15:13:02.319 [WARN ] Frontend -  Primary geocoder failed (likely missing API key), trying fallback...
2026-04-04 15:13:26.625 [ERROR] Frontend -  Error fetching weather: ClientException: Failed to fetch, uri=https://api.open-meteo.com/v1/forecast?latitude=28.696303732288435&longitude=77.46105179510401&current_weather=true
2026-04-04 15:13:36.350 [WARN ] Frontend -  Primary geocoder failed (likely missing API key), trying fallback...
2026-04-04 15:17:21.599 [WARN ] Frontend -  Primary geocoder failed (likely missing API key), trying fallback...
2026-04-04 15:36:12.577 [INFO ] Frontend -  Attempting login for user: asr@gmail.com
2026-04-04 15:36:14.823 [WARN ] Frontend -  This is the second data : {success: true, data: {userId: USER-A166CFB8, token: eyJhbGciOiJIUzI1NiJ9.eyJzdWIiOiJVU0VSLUExNjZDRkI4Iiwicm9sZXMiOiJSSURFUiIsImlhdCI6MTc3NTI5NzE3MywiZXhwIjoxNzc1Mjk4MDczfQ.Ozav3bbJ9VJ_qBPd2l3y7cJVbbTNFJrxf1l7d83u4nk, refreshToken: 6add41c5-1a48-44ba-80a9-5f6f597f66a6, expiresIn: 900}}
2026-04-04 15:36:14.823 [INFO ] Frontend -  Login successful. Tokens securely stored.
2026-04-04 15:36:16.801 [INFO ] Frontend -  User profile successfully loaded for: amti
2026-04-04 15:36:17.106 [WARN ] Frontend -  Primary geocoder failed (likely missing API key), trying fallback...
2026-04-04 15:36:19.021 [INFO ] Frontend -  Attempting login for user: rs@gmail.com
2026-04-04 15:36:20.190 [WARN ] Frontend -  This is the second data : {success: true, data: {userId: USER-D64EBCE6, token: eyJhbGciOiJIUzI1NiJ9.eyJzdWIiOiJVU0VSLUQ2NEVCQ0U2Iiwicm9sZXMiOiJSSURFUiIsImlhdCI6MTc3NTI5NzE3OSwiZXhwIjoxNzc1Mjk4MDc5fQ.t6N64GsMb6RmOVBp-koQPIFqKRvErrYRJ2t-bjQTuXo, refreshToken: 6881c9f8-c95b-49c5-b08a-b6ff2d7da758, expiresIn: 900}}
2026-04-04 15:36:20.190 [INFO ] Frontend -  Login successful. Tokens securely stored.
2026-04-04 15:36:21.423 [INFO ] Frontend -  User profile successfully loaded for: rohan
2026-04-04 15:36:21.820 [WARN ] Frontend -  Primary geocoder failed (likely missing API key), trying fallback...
2026-04-04 15:37:03.944 [WARN ] Frontend -  Primary geocoder failed (likely missing API key), trying fallback...
2026-04-04 15:37:35.383 [WARN ] Frontend -  Primary geocoder failed (likely missing API key), trying fallback...
2026-04-04 15:38:39.951 [WARN ] Frontend -  Primary geocoder failed (likely missing API key), trying fallback...
2026-04-04 15:38:46.142 [WARN ] Frontend -  Primary geocoder failed (likely missing API key), trying fallback...
2026-04-04 15:49:35.701 [INFO ] Frontend -  Attempting login for user: asr@gmail.com
2026-04-04 15:49:37.175 [INFO ] Frontend -  Login successful. Tokens securely stored.
2026-04-04 15:49:37.176 [WARN ] Frontend -  This is the second data : {success: true, data: {userId: USER-A166CFB8, token: eyJhbGciOiJIUzI1NiJ9.eyJzdWIiOiJVU0VSLUExNjZDRkI4Iiwicm9sZXMiOiJSSURFUiIsImlhdCI6MTc3NTI5Nzk3NiwiZXhwIjoxNzc1Mjk4ODc2fQ.y-r2qRdxf4tUCjtSLpVsB7e1qQjRKMkxTn-IYiP6Xnc, refreshToken: d8ca7024-8ab6-42e6-a77d-a8d7b84a2e5a, expiresIn: 900}}
2026-04-04 15:49:38.408 [INFO ] Frontend -  User profile successfully loaded for: amti
2026-04-04 15:49:38.708 [WARN ] Frontend -  Primary geocoder failed (likely missing API key), trying fallback...
2026-04-04 15:49:44.133 [INFO ] Frontend -  Attempting login for user: rs@gmail.com
2026-04-04 15:49:44.466 [WARN ] Frontend -  This is the second data : {success: true, data: {userId: USER-D64EBCE6, token: eyJhbGciOiJIUzI1NiJ9.eyJzdWIiOiJVU0VSLUQ2NEVCQ0U2Iiwicm9sZXMiOiJSSURFUiIsImlhdCI6MTc3NTI5Nzk4NCwiZXhwIjoxNzc1Mjk4ODg0fQ.v--7zchb_73PmDifLJEaAWDgrVzjNlVCTAFbvADHZv0, refreshToken: 9fb439d9-db58-4684-b097-217ac29c26a0, expiresIn: 900}}
2026-04-04 15:49:44.466 [INFO ] Frontend -  Login successful. Tokens securely stored.
2026-04-04 15:49:44.723 [INFO ] Frontend -  User profile successfully loaded for: rohan
2026-04-04 15:49:45.114 [WARN ] Frontend -  Primary geocoder failed (likely missing API key), trying fallback...
2026-04-04 15:50:11.926 [WARN ] Frontend -  Primary geocoder failed (likely missing API key), trying fallback...
2026-04-04 15:51:01.230 [WARN ] Frontend -  Primary geocoder failed (likely missing API key), trying fallback...
2026-04-04 15:51:03.291 [WARN ] Frontend -  Primary geocoder failed (likely missing API key), trying fallback...
2026-04-04 15:51:41.029 [WARN ] Frontend -  Primary geocoder failed (likely missing API key), trying fallback...
2026-04-04 15:55:09.889 [WARN ] Frontend -  Primary geocoder failed (likely missing API key), trying fallback...
2026-04-04 15:55:20.394 [WARN ] Frontend -  Primary geocoder failed (likely missing API key), trying fallback...
2026-04-04 16:08:27.670 [INFO ] Frontend -  Attempting login for user: asr@gmail.com
2026-04-04 16:08:29.269 [INFO ] Frontend -  Login successful. Tokens securely stored.
2026-04-04 16:08:29.269 [WARN ] Frontend -  This is the second data : {success: true, data: {userId: USER-A166CFB8, token: eyJhbGciOiJIUzI1NiJ9.eyJzdWIiOiJVU0VSLUExNjZDRkI4Iiwicm9sZXMiOiJSSURFUiIsImlhdCI6MTc3NTI5OTEwOCwiZXhwIjoxNzc1MzAwMDA4fQ.As3Xt5i8BPZqzUH8ULXY5IYZvoi8dbJddPc_ieoz9V0, refreshToken: f7dbf2e0-9a67-48eb-ae26-2960c99e174f, expiresIn: 900}}
2026-04-04 16:08:30.871 [INFO ] Frontend -  User profile successfully loaded for: amti
2026-04-04 16:08:31.173 [WARN ] Frontend -  Primary geocoder failed (likely missing API key), trying fallback...
2026-04-04 16:08:31.309 [INFO ] Frontend -  User profile successfully loaded for: amti
2026-04-04 16:09:19.780 [INFO ] Frontend -  Attempting login for user: rs@gmail.com
2026-04-04 16:09:20.218 [WARN ] Frontend -  This is the second data : {success: true, data: {userId: USER-D64EBCE6, token: eyJhbGciOiJIUzI1NiJ9.eyJzdWIiOiJVU0VSLUQ2NEVCQ0U2Iiwicm9sZXMiOiJSSURFUiIsImlhdCI6MTc3NTI5OTE2MCwiZXhwIjoxNzc1MzAwMDYwfQ.dnt6QSheRzUABBSt7IhKG-PJnjdciYaAUeq_qhz0UYk, refreshToken: a3ecf0ec-984b-49db-8644-5c46c5d461b7, expiresIn: 900}}
2026-04-04 16:09:20.218 [INFO ] Frontend -  Login successful. Tokens securely stored.
2026-04-04 16:09:20.442 [INFO ] Frontend -  User profile successfully loaded for: rohan
2026-04-04 16:09:20.874 [INFO ] Frontend -  User profile successfully loaded for: rohan
2026-04-04 16:11:04.157 [INFO ] Frontend -  Attempting login for user: rs@gmail.com
2026-04-04 16:11:04.716 [INFO ] Frontend -  Login successful. Tokens securely stored.
2026-04-04 16:11:04.716 [WARN ] Frontend -  This is the second data : {success: true, data: {userId: USER-D64EBCE6, token: eyJhbGciOiJIUzI1NiJ9.eyJzdWIiOiJVU0VSLUQ2NEVCQ0U2Iiwicm9sZXMiOiJSSURFUiIsImlhdCI6MTc3NTI5OTI2NCwiZXhwIjoxNzc1MzAwMTY0fQ.mFhDPkIoEg8p8r7BSZP29k4uk1xEMckooC_5GRxjWJI, refreshToken: d542528e-a3b2-4ca7-a1d5-c05c0220e8ea, expiresIn: 900}}
2026-04-04 16:11:05.319 [INFO ] Frontend -  User profile successfully loaded for: rohan
2026-04-04 16:11:06.001 [INFO ] Frontend -  User profile successfully loaded for: rohan
2026-04-04 16:12:19.417 [WARN ] Frontend -  Primary geocoder failed (likely missing API key), trying fallback...
2026-04-04 16:12:19.546 [INFO ] Frontend -  User profile successfully loaded for: amti
2026-04-04 16:22:24.150 [WARN ] Frontend -  Primary geocoder failed (likely missing API key), trying fallback...
2026-04-04 16:22:24.731 [INFO ] Frontend -  User profile successfully loaded for: amti
2026-04-04 16:25:45.247 [INFO ] Frontend -  Attempting login for user: asr@gmail.com
2026-04-04 16:25:46.022 [WARN ] Frontend -  This is the second data : {success: true, data: {userId: USER-A166CFB8, token: eyJhbGciOiJIUzI1NiJ9.eyJzdWIiOiJVU0VSLUExNjZDRkI4Iiwicm9sZXMiOiJSSURFUiIsImlhdCI6MTc3NTMwMDE0NSwiZXhwIjoxNzc1MzAxMDQ1fQ.TnkY6PfDMkRrrEX4FfZMkGejyNFZBZsyx4o7E1t-T50, refreshToken: eddc2b7c-3f60-40e1-b1ba-9df070d52095, expiresIn: 900}}
2026-04-04 16:25:46.022 [INFO ] Frontend -  Login successful. Tokens securely stored.
2026-04-04 16:25:46.472 [INFO ] Frontend -  User profile successfully loaded for: amti
2026-04-04 16:25:46.785 [WARN ] Frontend -  Primary geocoder failed (likely missing API key), trying fallback...
2026-04-04 16:25:46.855 [INFO ] Frontend -  User profile successfully loaded for: amti
2026-04-04 16:25:55.940 [INFO ] Frontend -  Attempting login for user: rs@gmail.com
2026-04-04 16:25:56.473 [WARN ] Frontend -  This is the second data : {success: true, data: {userId: USER-D64EBCE6, token: eyJhbGciOiJIUzI1NiJ9.eyJzdWIiOiJVU0VSLUQ2NEVCQ0U2Iiwicm9sZXMiOiJSSURFUiIsImlhdCI6MTc3NTMwMDE1NiwiZXhwIjoxNzc1MzAxMDU2fQ.vJm_VPupKAZaA6lLOtvs8gCqJHg3mpleEilVg4cNZMc, refreshToken: 307286bd-86f0-4d8c-97c3-048c090f99a0, expiresIn: 900}}
2026-04-04 16:25:56.473 [INFO ] Frontend -  Login successful. Tokens securely stored.
2026-04-04 16:25:56.712 [INFO ] Frontend -  User profile successfully loaded for: rohan
2026-04-04 16:25:57.067 [INFO ] Frontend -  User profile successfully loaded for: rohan
2026-04-04 16:26:31.518 [ERROR] Frontend -  Error fetching weather: ClientException: Failed to fetch, uri=https://api.open-meteo.com/v1/forecast?latitude=28.696493886632425&longitude=77.46092554350385&current_weather=true
2026-04-04 16:28:17.196 [INFO ] Frontend -  Attempting login for user: rs@gmail.com
2026-04-04 16:28:18.005 [WARN ] Frontend -  This is the second data : {success: true, data: {userId: USER-D64EBCE6, token: eyJhbGciOiJIUzI1NiJ9.eyJzdWIiOiJVU0VSLUQ2NEVCQ0U2Iiwicm9sZXMiOiJSSURFUiIsImlhdCI6MTc3NTMwMDI5NywiZXhwIjoxNzc1MzAxMTk3fQ.XUE1aP1M4p36JL0INXUAILTkXemtGVvFjqpM4qQuPtM, refreshToken: b8b4beea-81a3-477b-a703-6634d2e5cf0a, expiresIn: 900}}
2026-04-04 16:28:18.005 [INFO ] Frontend -  Login successful. Tokens securely stored.
2026-04-04 16:28:19.185 [INFO ] Frontend -  User profile successfully loaded for: rohan
2026-04-04 16:28:19.492 [INFO ] Frontend -  User profile successfully loaded for: rohan
2026-04-04 16:28:52.311 [INFO ] Frontend -  Attempting login for user: asr@gmail.com
2026-04-04 16:28:53.002 [INFO ] Frontend -  Login successful. Tokens securely stored.
2026-04-04 16:28:53.002 [WARN ] Frontend -  This is the second data : {success: true, data: {userId: USER-A166CFB8, token: eyJhbGciOiJIUzI1NiJ9.eyJzdWIiOiJVU0VSLUExNjZDRkI4Iiwicm9sZXMiOiJSSURFUiIsImlhdCI6MTc3NTMwMDMzMiwiZXhwIjoxNzc1MzAxMjMyfQ.-S_vPtUu0IH0ZBftm0TocmQ0-ioE_5Ik2vGtzduYXhs, refreshToken: 4bfc93a0-cf0e-46e4-b431-8325fe185245, expiresIn: 900}}
2026-04-04 16:28:53.922 [INFO ] Frontend -  User profile successfully loaded for: amti
2026-04-04 16:28:54.378 [WARN ] Frontend -  Primary geocoder failed (likely missing API key), trying fallback...
2026-04-04 16:28:54.773 [INFO ] Frontend -  User profile successfully loaded for: amti
2026-04-04 16:39:51.905 [INFO ] Frontend -  Attempting login for user: rs@gmail.com
2026-04-04 16:39:52.657 [INFO ] Frontend -  Login successful. Tokens securely stored.
2026-04-04 16:39:52.657 [WARN ] Frontend -  This is the second data : {success: true, data: {userId: USER-D64EBCE6, token: eyJhbGciOiJIUzI1NiJ9.eyJzdWIiOiJVU0VSLUQ2NEVCQ0U2Iiwicm9sZXMiOiJSSURFUiIsImlhdCI6MTc3NTMwMDk5MiwiZXhwIjoxNzc1MzAxODkyfQ.IIxjdSJN5KnZWKwYIEMTPKMGaKidLrd0yDp1JV-yO08, refreshToken: 39fd124e-f749-4470-ac8e-63ad5f863f2d, expiresIn: 900}}
2026-04-04 16:39:54.046 [INFO ] Frontend -  User profile successfully loaded for: rohan
2026-04-04 16:39:54.399 [INFO ] Frontend -  User profile successfully loaded for: rohan
2026-04-04 16:40:38.654 [INFO ] Frontend -  Attempting login for user: asr@gmail.com
2026-04-04 16:40:39.177 [INFO ] Frontend -  Login successful. Tokens securely stored.
2026-04-04 16:40:39.180 [WARN ] Frontend -  This is the second data : {success: true, data: {userId: USER-A166CFB8, token: eyJhbGciOiJIUzI1NiJ9.eyJzdWIiOiJVU0VSLUExNjZDRkI4Iiwicm9sZXMiOiJSSURFUiIsImlhdCI6MTc3NTMwMTAzOSwiZXhwIjoxNzc1MzAxOTM5fQ.bVCMZ8iF4eTiNsoImGMbCdgURafh1I4qaLGbz1EiINs, refreshToken: 1ccb0867-2dce-4385-a142-b9bb8ea65422, expiresIn: 900}}
2026-04-04 16:40:39.542 [INFO ] Frontend -  User profile successfully loaded for: amti
2026-04-04 16:40:39.923 [WARN ] Frontend -  Primary geocoder failed (likely missing API key), trying fallback...
2026-04-04 16:40:40.139 [INFO ] Frontend -  User profile successfully loaded for: amti
2026-04-04 16:41:16.023 [WARN ] Frontend -  Primary geocoder failed (likely missing API key), trying fallback...
2026-04-04 16:41:20.334 [INFO ] Frontend -  User profile successfully loaded for: amti
2026-04-04 16:41:21.535 [ERROR] Frontend -  Error fetching weather: ClientException: Failed to fetch, uri=https://api.open-meteo.com/v1/forecast?latitude=28.696347709848578&longitude=77.46115815023605&current_weather=true
2026-04-04 16:42:33.102 [INFO ] Frontend -  User profile successfully loaded for: rohan
2026-04-04 16:42:44.891 [INFO ] Frontend -  User profile successfully loaded for: rohan
2026-04-04 23:40:06.996 [INFO ] Frontend -  Attempting login for user: asr@gmail.com
2026-04-04 23:40:09.927 [WARN ] Frontend -  This is the second data : {success: true, data: {userId: USER-A166CFB8, token: eyJhbGciOiJIUzI1NiJ9.eyJzdWIiOiJVU0VSLUExNjZDRkI4Iiwicm9sZXMiOiJSSURFUiIsImlhdCI6MTc3NTMyNjIwNywiZXhwIjoxNzc1MzI3MTA3fQ.NAXeA-B7n_z_7XFhVJ_0BS1IhlOgKtiOPWPOiMpQ15A, refreshToken: f8ec9f41-8523-40a3-948a-b9f50297eea7, expiresIn: 900}}
2026-04-04 23:40:09.927 [INFO ] Frontend -  Login successful. Tokens securely stored.
2026-04-04 23:40:12.118 [INFO ] Frontend -  User profile successfully loaded for: amti
2026-04-04 23:40:12.724 [WARN ] Frontend -  Primary geocoder failed (likely missing API key), trying fallback...
2026-04-04 23:40:13.167 [INFO ] Frontend -  User profile successfully loaded for: amti
2026-04-04 23:40:16.277 [INFO ] Frontend -  Attempting login for user: rs@gmail.com
2026-04-04 23:40:17.829 [WARN ] Frontend -  This is the second data : {success: true, data: {userId: USER-D64EBCE6, token: eyJhbGciOiJIUzI1NiJ9.eyJzdWIiOiJVU0VSLUQ2NEVCQ0U2Iiwicm9sZXMiOiJSSURFUiIsImlhdCI6MTc3NTMyNjIxNywiZXhwIjoxNzc1MzI3MTE3fQ.F-b-472DSkF7sLEYbFm8ki2RbkXEJD29uT2wM3mscmA, refreshToken: 51e3bb2c-70d6-4e37-80a4-a77af3216659, expiresIn: 900}}
2026-04-04 23:40:17.826 [INFO ] Frontend -  Login successful. Tokens securely stored.
2026-04-04 23:40:18.996 [INFO ] Frontend -  User profile successfully loaded for: rohan
2026-04-04 23:40:20.148 [INFO ] Frontend -  User profile successfully loaded for: rohan
2026-04-04 23:55:47.611 [INFO ] Frontend -  Attempting login for user: asr@gmail.com
2026-04-04 23:55:49.170 [INFO ] Frontend -  Login successful. Tokens securely stored.
2026-04-04 23:55:49.170 [WARN ] Frontend -  This is the second data : {success: true, data: {userId: USER-A166CFB8, token: eyJhbGciOiJIUzI1NiJ9.eyJzdWIiOiJVU0VSLUExNjZDRkI4Iiwicm9sZXMiOiJSSURFUiIsImlhdCI6MTc3NTMyNzE0OCwiZXhwIjoxNzc1MzI4MDQ4fQ.isclhbjCQQnyjQisi3DE1okC0ZAgLRCPenBJBO9MKUI, refreshToken: f16b6b3d-e5bc-432e-b011-0691e703f9b4, expiresIn: 900}}
2026-04-04 23:55:49.904 [INFO ] Frontend -  User profile successfully loaded for: amti
2026-04-04 23:55:50.265 [WARN ] Frontend -  Primary geocoder failed (likely missing API key), trying fallback...
2026-04-04 23:55:50.580 [INFO ] Frontend -  User profile successfully loaded for: amti
2026-04-04 23:55:53.774 [INFO ] Frontend -  Attempting login for user: rs@gmail.com
2026-04-04 23:55:55.205 [WARN ] Frontend -  This is the second data : {success: true, data: {userId: USER-D64EBCE6, token: eyJhbGciOiJIUzI1NiJ9.eyJzdWIiOiJVU0VSLUQ2NEVCQ0U2Iiwicm9sZXMiOiJSSURFUiIsImlhdCI6MTc3NTMyNzE1NCwiZXhwIjoxNzc1MzI4MDU0fQ.6ZeNJm9p0A0So3CEr6oRbEv8ofX-5ALe13clJZmBbTw, refreshToken: 164f74d1-2b03-4330-93a9-637aaf79f05d, expiresIn: 900}}
2026-04-04 23:55:55.204 [INFO ] Frontend -  Login successful. Tokens securely stored.
2026-04-04 23:55:57.041 [INFO ] Frontend -  User profile successfully loaded for: rohan
2026-04-04 23:55:57.489 [INFO ] Frontend -  User profile successfully loaded for: rohan
2026-04-05 00:14:03.612 [INFO ] Frontend -  User profile successfully loaded for: amit
2026-04-05 00:14:06.551 [WARN ] Frontend -  Primary geocoder failed (likely missing API key), trying fallback...
2026-04-05 00:14:07.507 [INFO ] Frontend -  User profile successfully loaded for: amit
2026-04-05 00:14:29.686 [INFO ] Frontend -  User profile successfully loaded for: rohan
2026-04-05 00:15:21.830 [INFO ] Frontend -  User profile successfully loaded for: rohan
2026-04-05 00:15:23.181 [WARN ] Frontend -  Primary geocoder failed (likely missing API key), trying fallback...
2026-04-05 00:30:18.347 [WARN ] Frontend -  Primary geocoder failed (likely missing API key), trying fallback...
2026-04-05 00:30:18.912 [INFO ] Frontend -  Attempting to refresh access token...
2026-04-05 00:30:18.916 [WARN ] Frontend -  Failed to fetch notifications: 401 {"status":401,"message":"Token expired"}
2026-04-05 00:30:18.911 [INFO ] Frontend -  Initiating token refresh flow over ApiService due to 401 Unauthorized
2026-04-05 00:30:20.278 [INFO ] Frontend -  Successfully received new tokens. Storing to secure storage.
2026-04-05 00:30:20.279 [INFO ] Frontend -  Token refreshed globally, retrying the failed 401 request
2026-04-05 00:30:20.789 [INFO ] Frontend -  User profile successfully loaded for: amit
2026-04-05 00:53:06.383 [INFO ] Frontend -  Attempting login for user: asr@gmail.com
2026-04-05 00:53:08.803 [WARN ] Frontend -  This is the second data : {success: true, data: {userId: USER-AB02E488, token: eyJhbGciOiJIUzI1NiJ9.eyJzdWIiOiJVU0VSLUFCMDJFNDg4Iiwicm9sZXMiOiJSSURFUiIsImlhdCI6MTc3NTMzMDU4NiwiZXhwIjoxNzc1MzMxNDg2fQ.xqsQzE6KvmKJIK-HbteCsyvNtSs1_uTRMchoUOo96Pw, refreshToken: fb28eaab-3e74-4bab-82b3-11b12f3edabe, expiresIn: 900}}
2026-04-05 00:53:08.803 [INFO ] Frontend -  Login successful. Tokens securely stored.
2026-04-05 00:53:15.280 [INFO ] Frontend -  User profile successfully loaded for: amit
2026-04-05 00:53:26.135 [WARN ] Frontend -  Primary geocoder failed (likely missing API key), trying fallback...
2026-04-05 00:53:26.960 [INFO ] Frontend -  User profile successfully loaded for: amit
2026-04-05 00:53:32.205 [INFO ] Frontend -  Attempting login for user: rs@gmail.com
2026-04-05 00:53:33.329 [WARN ] Frontend -  This is the second data : {success: true, data: {userId: USER-B938042E, token: eyJhbGciOiJIUzI1NiJ9.eyJzdWIiOiJVU0VSLUI5MzgwNDJFIiwicm9sZXMiOiJSSURFUiIsImlhdCI6MTc3NTMzMDYxMywiZXhwIjoxNzc1MzMxNTEzfQ.F3T7lgHXlCiqTX0u9b2HrX9ihQlpJ6-7SOeEZ80lQP4, refreshToken: bbed5abb-55d9-4ab3-9694-f44680865a08, expiresIn: 900}}
2026-04-05 00:53:33.329 [INFO ] Frontend -  Login successful. Tokens securely stored.
2026-04-05 00:53:33.866 [INFO ] Frontend -  User profile successfully loaded for: rohan
2026-04-05 00:53:34.830 [INFO ] Frontend -  User profile successfully loaded for: rohan
2026-04-05 00:53:36.361 [WARN ] Frontend -  Primary geocoder failed (likely missing API key), trying fallback...
2026-04-05 00:53:57.862 [INFO ] Frontend -  User profile successfully loaded for: amit
2026-04-05 00:53:57.934 [INFO ] Frontend -  [FRIEND_API] action=get_friends_start userId=USER-AB02E488 traceId=friend-get-friends-1775330637880000
2026-04-05 00:53:58.499 [INFO ] Frontend -  [FRIEND_API] action=get_friends_success userId=USER-AB02E488 count=0 traceId=friend-get-friends-1775330637880000
2026-04-05 00:53:58.645 [INFO ] Frontend -  User profile successfully loaded for: amit
2026-04-05 00:53:58.666 [INFO ] Frontend -  [FRIEND_API] action=get_friends_start userId=USER-AB02E488 traceId=friend-get-friends-1775330638650000
2026-04-05 00:53:58.742 [INFO ] Frontend -  [FRIEND_API] action=get_friends_success userId=USER-AB02E488 count=0 traceId=friend-get-friends-1775330638650000
2026-04-05 00:53:58.849 [INFO ] Frontend -  User profile successfully loaded for: amit
2026-04-05 00:53:58.915 [INFO ] Frontend -  [FRIEND_API] action=get_friends_start userId=USER-AB02E488 traceId=friend-get-friends-1775330638852000
2026-04-05 00:53:59.191 [INFO ] Frontend -  [FRIEND_API] action=get_friends_success userId=USER-AB02E488 count=0 traceId=friend-get-friends-1775330638852000
2026-04-05 00:53:59.327 [INFO ] Frontend -  User profile successfully loaded for: amit
2026-04-05 00:53:59.410 [INFO ] Frontend -  [FRIEND_API] action=get_friends_start userId=USER-AB02E488 traceId=friend-get-friends-1775330639335000
2026-04-05 00:53:59.607 [INFO ] Frontend -  [FRIEND_API] action=get_friends_success userId=USER-AB02E488 count=0 traceId=friend-get-friends-1775330639335000
2026-04-05 00:53:59.972 [INFO ] Frontend -  User profile successfully loaded for: amit
2026-04-05 00:53:59.991 [INFO ] Frontend -  [FRIEND_API] action=get_friends_start userId=USER-AB02E488 traceId=friend-get-friends-1775330639977000
2026-04-05 00:54:00.109 [INFO ] Frontend -  [FRIEND_API] action=get_friends_success userId=USER-AB02E488 count=0 traceId=friend-get-friends-1775330639977000
2026-04-05 00:54:04.692 [INFO ] Frontend -  [FRIEND_SCREEN] action=load_data_start
2026-04-05 00:54:05.000 [INFO ] Frontend -  User profile successfully loaded for: rohan
2026-04-05 00:54:05.029 [INFO ] Frontend -  [FRIEND_SCREEN] action=load_data_identity userId=USER-B938042E
2026-04-05 00:54:05.089 [INFO ] Frontend -  [FRIEND_API] action=get_recommendations_start userId=USER-B938042E traceId=friend-get-recommendations-1775330645044000
2026-04-05 00:54:05.089 [INFO ] Frontend -  [FRIEND_API] action=get_friends_start userId=USER-B938042E traceId=friend-get-friends-1775330645034000
2026-04-05 00:54:05.089 [INFO ] Frontend -  [FRIEND_API] action=get_pending_start traceId=friend-get-pending-1775330645039000
2026-04-05 00:54:05.276 [INFO ] Frontend -  [FRIEND_API] action=get_friends_success userId=USER-B938042E count=0 traceId=friend-get-friends-1775330645034000
2026-04-05 00:54:05.348 [INFO ] Frontend -  [FRIEND_API] action=get_pending_success count=0 traceId=friend-get-pending-1775330645039000
2026-04-05 00:54:13.031 [INFO ] Frontend -  [FRIEND_API] action=get_recommendations_success userId=USER-B938042E count=1 traceId=friend-get-recommendations-1775330645044000
2026-04-05 00:54:13.048 [INFO ] Frontend -  [FRIEND_SCREEN] action=load_data_success friends=0 pending=0 suggested=1
2026-04-05 00:54:13.257 [INFO ] Frontend -  [FRIEND_SCREEN] action=socket_connected userId=USER-B938042E
2026-04-05 00:54:14.517 [INFO ] Frontend -  [FRIEND_SCREEN] action=tap_send_request target=USER-AB02E488
2026-04-05 00:54:14.533 [INFO ] Frontend -  [FRIEND_API] action=send_request_start target=USER-AB02E488 traceId=friend-send-request-1775330654523000
2026-04-05 00:54:14.966 [INFO ] Frontend -  [FRIEND_SCREEN] action=load_data_start
2026-04-05 00:54:14.968 [INFO ] Frontend -  [FRIEND_SCREEN] action=socket_refresh userId=USER-B938042E
2026-04-05 00:54:14.977 [INFO ] Frontend -  [FRIEND_API] action=send_request_success target=USER-AB02E488 traceId=friend-send-request-1775330654523000
2026-04-05 00:54:15.048 [INFO ] Frontend -  [FRIEND_SCREEN] action=load_data_start
2026-04-05 00:54:15.403 [INFO ] Frontend -  User profile successfully loaded for: rohan
2026-04-05 00:54:15.434 [INFO ] Frontend -  [FRIEND_SCREEN] action=load_data_identity userId=USER-B938042E
2026-04-05 00:54:15.532 [INFO ] Frontend -  [FRIEND_API] action=get_pending_start traceId=friend-get-pending-1775330655470000
2026-04-05 00:54:15.532 [INFO ] Frontend -  [FRIEND_API] action=get_friends_start userId=USER-B938042E traceId=friend-get-friends-1775330655466000
2026-04-05 00:54:16.690 [INFO ] Frontend -  [FRIEND_API] action=get_recommendations_start userId=USER-B938042E traceId=friend-get-recommendations-1775330655474000
2026-04-05 00:54:16.941 [INFO ] Frontend -  [FRIEND_SCREEN] action=socket_disconnected userId=USER-B938042E
2026-04-05 00:54:16.941 [WARN ] Frontend -  Primary geocoder failed (likely missing API key), trying fallback...
2026-04-05 00:54:16.968 [INFO ] Frontend -  [FRIEND_API] action=get_friends_success userId=USER-B938042E count=0 traceId=friend-get-friends-1775330655466000
2026-04-05 00:54:17.204 [INFO ] Frontend -  [FRIEND_API] action=get_pending_success count=0 traceId=friend-get-pending-1775330655470000
2026-04-05 00:54:17.230 [INFO ] Frontend -  User profile successfully loaded for: rohan
2026-04-05 00:54:17.282 [INFO ] Frontend -  [FRIEND_SCREEN] action=load_data_identity userId=USER-B938042E
2026-04-05 00:54:17.344 [INFO ] Frontend -  [FRIEND_API] action=get_recommendations_start userId=USER-B938042E traceId=friend-get-recommendations-1775330657298000
2026-04-05 00:54:17.344 [INFO ] Frontend -  [FRIEND_API] action=get_pending_start traceId=friend-get-pending-1775330657293000
2026-04-05 00:54:17.344 [INFO ] Frontend -  [FRIEND_API] action=get_friends_start userId=USER-B938042E traceId=friend-get-friends-1775330657285000
2026-04-05 00:54:17.592 [INFO ] Frontend -  User profile successfully loaded for: rohan
2026-04-05 00:54:17.592 [INFO ] Frontend -  [FRIEND_API] action=get_pending_success count=0 traceId=friend-get-pending-1775330657293000
2026-04-05 00:54:17.696 [INFO ] Frontend -  [FRIEND_API] action=get_friends_success userId=USER-B938042E count=0 traceId=friend-get-friends-1775330657285000
2026-04-05 00:54:18.550 [INFO ] Frontend -  [FRIEND_API] action=get_recommendations_success userId=USER-B938042E count=1 traceId=friend-get-recommendations-1775330655474000
2026-04-05 00:54:18.612 [INFO ] Frontend -  [FRIEND_SCREEN] action=load_data_success friends=0 pending=0 suggested=1
2026-04-05 00:54:18.933 [INFO ] Frontend -  [FRIEND_API] action=get_recommendations_success userId=USER-B938042E count=1 traceId=friend-get-recommendations-1775330657298000
2026-04-05 00:54:18.982 [INFO ] Frontend -  [FRIEND_SCREEN] action=load_data_success friends=0 pending=0 suggested=1
2026-04-05 00:54:20.084 [INFO ] Frontend -  [FRIEND_API] action=get_pending_start traceId=friend-get-pending-1775330659972000
2026-04-05 00:54:21.194 [INFO ] Frontend -  [FRIEND_API] action=get_pending_success count=1 traceId=friend-get-pending-1775330659972000
2026-04-05 00:54:22.537 [INFO ] Frontend -  [FRIEND_API] action=accept_request_start requestId=1 traceId=friend-accept-request-1775330662530000
2026-04-05 00:54:25.794 [INFO ] Frontend -  [FRIEND_API] action=accept_request_success requestId=1 traceId=friend-accept-request-1775330662530000
2026-04-05 00:56:07.325 [WARN ] Frontend -  Primary geocoder failed (likely missing API key), trying fallback...
2026-04-05 00:56:08.105 [INFO ] Frontend -  User profile successfully loaded for: rohan
2026-04-05 01:06:05.357 [INFO ] Frontend -  User profile successfully loaded for: amit
2026-04-05 01:06:06.961 [WARN ] Frontend -  Primary geocoder failed (likely missing API key), trying fallback...
2026-04-05 01:06:07.827 [INFO ] Frontend -  User profile successfully loaded for: amit
2026-04-05 01:06:25.659 [INFO ] Frontend -  User profile successfully loaded for: rohan
2026-04-05 01:06:26.331 [INFO ] Frontend -  User profile successfully loaded for: rohan
2026-04-05 01:06:32.019 [INFO ] Frontend -  [FRIEND_SCREEN] action=load_data_start
2026-04-05 01:06:32.308 [INFO ] Frontend -  User profile successfully loaded for: rohan
2026-04-05 01:06:32.323 [INFO ] Frontend -  [FRIEND_SCREEN] action=load_data_identity userId=USER-67333ACF
2026-04-05 01:06:32.358 [INFO ] Frontend -  [FRIEND_API] action=get_friends_start userId=USER-67333ACF traceId=friend-get-friends-1775331392327000
2026-04-05 01:06:32.360 [INFO ] Frontend -  [FRIEND_API] action=get_recommendations_start userId=USER-67333ACF traceId=friend-get-recommendations-1775331392336000
2026-04-05 01:06:32.359 [INFO ] Frontend -  [FRIEND_API] action=get_pending_start traceId=friend-get-pending-1775331392332000
2026-04-05 01:06:32.603 [INFO ] Frontend -  [FRIEND_API] action=get_pending_success count=0 traceId=friend-get-pending-1775331392332000
2026-04-05 01:06:32.621 [INFO ] Frontend -  [FRIEND_API] action=get_friends_success userId=USER-67333ACF count=0 traceId=friend-get-friends-1775331392327000
2026-04-05 01:06:36.386 [INFO ] Frontend -  [FRIEND_API] action=get_recommendations_success userId=USER-67333ACF count=1 traceId=friend-get-recommendations-1775331392336000
2026-04-05 01:06:36.402 [INFO ] Frontend -  [FRIEND_SCREEN] action=load_data_success friends=0 pending=0 suggested=1
2026-04-05 01:06:36.647 [INFO ] Frontend -  [FRIEND_SCREEN] action=socket_connected userId=USER-67333ACF
2026-04-05 01:06:39.227 [INFO ] Frontend -  [FRIEND_SCREEN] action=tap_send_request target=USER-FC29F141
2026-04-05 01:06:39.259 [INFO ] Frontend -  [FRIEND_API] action=send_request_start target=USER-FC29F141 traceId=friend-send-request-1775331399235000
2026-04-05 01:06:39.662 [INFO ] Frontend -  [FRIEND_SCREEN] action=load_data_start
2026-04-05 01:06:39.662 [INFO ] Frontend -  [FRIEND_SCREEN] action=socket_refresh userId=USER-67333ACF
2026-04-05 01:06:39.664 [INFO ] Frontend -  [FRIEND_API] action=send_request_success target=USER-FC29F141 traceId=friend-send-request-1775331399235000
2026-04-05 01:06:39.732 [INFO ] Frontend -  [FRIEND_SCREEN] action=load_data_start
2026-04-05 01:06:39.944 [INFO ] Frontend -  User profile successfully loaded for: rohan
2026-04-05 01:06:39.976 [INFO ] Frontend -  [FRIEND_SCREEN] action=load_data_identity userId=USER-67333ACF
2026-04-05 01:06:40.046 [INFO ] Frontend -  [FRIEND_API] action=get_friends_start userId=USER-67333ACF traceId=friend-get-friends-1775331400011000
2026-04-05 01:06:40.046 [INFO ] Frontend -  [FRIEND_API] action=get_recommendations_start userId=USER-67333ACF traceId=friend-get-recommendations-1775331400020000
2026-04-05 01:06:40.046 [INFO ] Frontend -  [FRIEND_API] action=get_pending_start traceId=friend-get-pending-1775331400017000
2026-04-05 01:06:40.363 [INFO ] Frontend -  User profile successfully loaded for: rohan
2026-04-05 01:06:40.432 [INFO ] Frontend -  [FRIEND_SCREEN] action=load_data_identity userId=USER-67333ACF
2026-04-05 01:06:40.455 [INFO ] Frontend -  [FRIEND_API] action=get_friends_success userId=USER-67333ACF count=0 traceId=friend-get-friends-1775331400011000
2026-04-05 01:06:40.455 [INFO ] Frontend -  [FRIEND_API] action=get_pending_success count=0 traceId=friend-get-pending-1775331400017000
2026-04-05 01:06:40.581 [INFO ] Frontend -  [FRIEND_API] action=get_recommendations_start userId=USER-67333ACF traceId=friend-get-recommendations-1775331400460000
2026-04-05 01:06:40.583 [INFO ] Frontend -  [FRIEND_API] action=get_pending_start traceId=friend-get-pending-1775331400458000
2026-04-05 01:06:40.587 [INFO ] Frontend -  [FRIEND_API] action=get_friends_start userId=USER-67333ACF traceId=friend-get-friends-1775331400454000
2026-04-05 01:06:40.758 [INFO ] Frontend -  [FRIEND_API] action=get_pending_success count=0 traceId=friend-get-pending-1775331400458000
2026-04-05 01:06:40.758 [INFO ] Frontend -  [FRIEND_API] action=get_friends_success userId=USER-67333ACF count=0 traceId=friend-get-friends-1775331400454000
2026-04-05 01:06:41.276 [INFO ] Frontend -  [FRIEND_API] action=get_recommendations_success userId=USER-67333ACF count=1 traceId=friend-get-recommendations-1775331400020000
2026-04-05 01:06:41.328 [INFO ] Frontend -  [FRIEND_SCREEN] action=load_data_success friends=0 pending=0 suggested=1
2026-04-05 01:06:41.520 [INFO ] Frontend -  [FRIEND_API] action=get_recommendations_success userId=USER-67333ACF count=1 traceId=friend-get-recommendations-1775331400460000
2026-04-05 01:06:41.537 [INFO ] Frontend -  [FRIEND_SCREEN] action=load_data_success friends=0 pending=0 suggested=1
2026-04-05 01:06:42.832 [INFO ] Frontend -  [FRIEND_API] action=get_pending_start traceId=friend-get-pending-1775331402497000
2026-04-05 01:06:43.878 [INFO ] Frontend -  [FRIEND_API] action=get_pending_success count=1 traceId=friend-get-pending-1775331402497000
2026-04-05 01:06:45.208 [INFO ] Frontend -  [FRIEND_API] action=accept_request_start requestId=1 traceId=friend-accept-request-1775331405122000
2026-04-05 01:06:51.697 [INFO ] Frontend -  [FRIEND_SCREEN] action=socket_refresh userId=USER-67333ACF
2026-04-05 01:06:51.697 [INFO ] Frontend -  [FRIEND_SCREEN] action=load_data_start
2026-04-05 01:06:52.134 [INFO ] Frontend -  [FRIEND_API] action=accept_request_success requestId=1 traceId=friend-accept-request-1775331405122000
2026-04-05 01:06:52.638 [INFO ] Frontend -  User profile successfully loaded for: rohan
2026-04-05 01:06:52.721 [INFO ] Frontend -  [FRIEND_SCREEN] action=load_data_identity userId=USER-67333ACF
2026-04-05 01:06:53.196 [INFO ] Frontend -  [FRIEND_API] action=get_friends_start userId=USER-67333ACF traceId=friend-get-friends-1775331412779000
2026-04-05 01:06:53.228 [INFO ] Frontend -  [FRIEND_API] action=get_pending_start traceId=friend-get-pending-1775331412783000
2026-04-05 01:06:53.228 [INFO ] Frontend -  [FRIEND_API] action=get_recommendations_start userId=USER-67333ACF traceId=friend-get-recommendations-1775331412788000
2026-04-05 01:06:54.261 [INFO ] Frontend -  [FRIEND_API] action=get_pending_success count=0 traceId=friend-get-pending-1775331412783000
2026-04-05 01:06:58.993 [INFO ] Frontend -  [FRIEND_API] action=get_friends_success userId=USER-67333ACF count=1 traceId=friend-get-friends-1775331412779000
2026-04-05 01:06:59.443 [INFO ] Frontend -  [FRIEND_API] action=get_recommendations_success userId=USER-67333ACF count=0 traceId=friend-get-recommendations-1775331412788000
2026-04-05 01:06:59.470 [INFO ] Frontend -  [FRIEND_SCREEN] action=load_data_success friends=1 pending=0 suggested=0
2026-04-05 01:07:10.660 [INFO ] Frontend -  [FRIEND_SCREEN] action=socket_disconnected userId=USER-67333ACF
2026-04-05 01:07:10.936 [INFO ] Frontend -  User profile successfully loaded for: rohan
2026-04-05 01:07:22.205 [WARN ] Frontend -  Primary geocoder failed (likely missing API key), trying fallback...
2026-04-05 01:10:50.165 [WARN ] Frontend -  Primary geocoder failed (likely missing API key), trying fallback...
2026-04-05 01:10:51.786 [INFO ] Frontend -  User profile successfully loaded for: amit
2026-04-05 01:11:18.453 [INFO ] Frontend -  Attempting login for user: asr@gmail.com
2026-04-05 01:11:19.502 [INFO ] Frontend -  Login successful. Tokens securely stored.
2026-04-05 01:11:19.516 [WARN ] Frontend -  This is the second data : {success: true, data: {userId: USER-FC29F141, token: eyJhbGciOiJIUzI1NiJ9.eyJzdWIiOiJVU0VSLUZDMjlGMTQxIiwicm9sZXMiOiJSSURFUiIsImlhdCI6MTc3NTMzMTY3OSwiZXhwIjoxNzc1MzMyNTc5fQ.vws-r8FpYV9rktlH8JHXBD_LACMG-CeY0JIpWzCL9rs, refreshToken: 5842098c-0c43-4624-bdce-7a01837f0004, expiresIn: 900}}
2026-04-05 01:11:20.053 [INFO ] Frontend -  User profile successfully loaded for: amit
2026-04-05 01:11:20.213 [WARN ] Frontend -  Primary geocoder failed (likely missing API key), trying fallback...
2026-04-05 01:11:20.438 [INFO ] Frontend -  User profile successfully loaded for: amit
2026-04-05 13:15:21.638 [INFO ] Frontend -  Attempting login for user: asr@gmail.com
2026-04-05 13:15:26.203 [INFO ] Frontend -  Login successful. Tokens securely stored.
2026-04-05 13:15:26.205 [WARN ] Frontend -  This is the second data : {success: true, data: {userId: USER-FC29F141, token: eyJhbGciOiJIUzI1NiJ9.eyJzdWIiOiJVU0VSLUZDMjlGMTQxIiwicm9sZXMiOiJSSURFUiIsImlhdCI6MTc3NTM3NTEyNCwiZXhwIjoxNzc1Mzc2MDI0fQ.GibGpRYtEd8XIrERcIJZPpnONd0GCMWtYqjVWC8o_KY, refreshToken: 91736d68-6c32-4d7d-a2b7-2236658e373e, expiresIn: 900}}
2026-04-05 13:15:29.054 [INFO ] Frontend -  Attempting login for user: rs@gmail.com
2026-04-05 13:15:30.411 [INFO ] Frontend -  Login successful. Tokens securely stored.
2026-04-05 13:15:30.415 [WARN ] Frontend -  This is the second data : {success: true, data: {userId: USER-67333ACF, token: eyJhbGciOiJIUzI1NiJ9.eyJzdWIiOiJVU0VSLTY3MzMzQUNGIiwicm9sZXMiOiJSSURFUiIsImlhdCI6MTc3NTM3NTEyOSwiZXhwIjoxNzc1Mzc2MDI5fQ.oGMP_aTUvYpyU5HRuM2pZJwGbPyP6gZ9EPDro6ttNSw, refreshToken: cc8e395a-5235-42df-b600-5a6ccb614a77, expiresIn: 900}}
2026-04-05 13:15:31.279 [INFO ] Frontend -  User profile successfully loaded for: amit
2026-04-05 13:15:31.633 [INFO ] Frontend -  User profile successfully loaded for: rohan
2026-04-05 13:15:32.334 [WARN ] Frontend -  Primary geocoder failed (likely missing API key), trying fallback...
2026-04-05 13:15:36.811 [WARN ] Frontend -  Primary geocoder failed (likely missing API key), trying fallback...
2026-04-05 13:15:36.803 [INFO ] Frontend -  User profile successfully loaded for: amit
2026-04-05 13:15:37.757 [INFO ] Frontend -  User profile successfully loaded for: rohan
2026-04-05 13:17:10.661 [WARN ] Frontend -  Primary geocoder failed (likely missing API key), trying fallback...
2026-04-05 13:17:11.160 [INFO ] Frontend -  User profile successfully loaded for: amit
2026-04-05 13:17:13.330 [WARN ] Frontend -  Primary geocoder failed (likely missing API key), trying fallback...
2026-04-05 13:17:14.021 [INFO ] Frontend -  User profile successfully loaded for: rohan
2026-04-06 22:14:03.178 [INFO ] Frontend -  Attempting login for user: asr@gmail.com
2026-04-06 22:14:12.891 [INFO ] Frontend -  Login successful. Tokens securely stored.
2026-04-06 22:14:12.891 [WARN ] Frontend -  This is the second data : {success: true, data: {userId: USER-FC29F141, token: eyJhbGciOiJIUzI1NiJ9.eyJzdWIiOiJVU0VSLUZDMjlGMTQxIiwicm9sZXMiOiJSSURFUiIsImlhdCI6MTc3NTQ5Mzg0OCwiZXhwIjoxNzc1NDk0NzQ4fQ.RG1ITLUr4IR6Oo9ch99BI_KzQBHXE9felVSW4Tq8kck, refreshToken: 0464050f-5476-480d-a3d8-fa98a2f82ed6, expiresIn: 900}}
2026-04-06 22:14:25.524 [INFO ] Frontend -  User profile successfully loaded for: amit
2026-04-06 22:14:26.332 [WARN ] Frontend -  Primary geocoder failed (likely missing API key), trying fallback...
2026-04-06 22:14:26.685 [INFO ] Frontend -  User profile successfully loaded for: amit
2026-04-06 22:15:01.158 [WARN ] Frontend -  Primary geocoder failed (likely missing API key), trying fallback...
2026-04-06 22:15:01.514 [INFO ] Frontend -  User profile successfully loaded for: amit
2026-04-06 22:16:06.947 [INFO ] Frontend -  User profile successfully loaded for: amit
2026-04-06 22:16:29.804 [INFO ] Frontend -  User profile successfully loaded for: amit
2026-04-06 22:17:24.445 [INFO ] Frontend -  User profile successfully loaded for: amit
2026-04-06 22:18:28.495 [INFO ] Frontend -  Attempting login for user: asr@gmail.com
2026-04-06 22:18:29.100 [INFO ] Frontend -  Login successful. Tokens securely stored.
2026-04-06 22:18:29.100 [WARN ] Frontend -  This is the second data : {success: true, data: {userId: USER-FC29F141, token: eyJhbGciOiJIUzI1NiJ9.eyJzdWIiOiJVU0VSLUZDMjlGMTQxIiwicm9sZXMiOiJSSURFUiIsImlhdCI6MTc3NTQ5NDEwOCwiZXhwIjoxNzc1NDk1MDA4fQ.pfM_aJPR_ZODG-lhJEou2lVQ-2dPS3cPRGUQXxqBih0, refreshToken: 98f96d0b-c259-484d-862f-434924f52352, expiresIn: 900}}
2026-04-06 22:18:29.566 [INFO ] Frontend -  User profile successfully loaded for: amit
2026-04-06 22:18:29.830 [WARN ] Frontend -  Primary geocoder failed (likely missing API key), trying fallback...
2026-04-06 22:18:30.103 [INFO ] Frontend -  User profile successfully loaded for: amit
2026-04-06 22:18:52.623 [INFO ] Frontend -  Attempting login for user: rs@gmail.com
2026-04-06 22:18:53.216 [INFO ] Frontend -  Login successful. Tokens securely stored.
2026-04-06 22:18:53.216 [WARN ] Frontend -  This is the second data : {success: true, data: {userId: USER-67333ACF, token: eyJhbGciOiJIUzI1NiJ9.eyJzdWIiOiJVU0VSLTY3MzMzQUNGIiwicm9sZXMiOiJSSURFUiIsImlhdCI6MTc3NTQ5NDEzMywiZXhwIjoxNzc1NDk1MDMzfQ.fgLkSNYVvAquOUdkp85cQen5cjloKg8dNPqHZ7FBI6w, refreshToken: 446a695a-991f-4367-81d8-4f9a6629407f, expiresIn: 900}}
2026-04-06 22:18:53.556 [INFO ] Frontend -  User profile successfully loaded for: rohan
2026-04-06 22:18:53.768 [WARN ] Frontend -  Primary geocoder failed (likely missing API key), trying fallback...
2026-04-06 22:18:53.958 [INFO ] Frontend -  User profile successfully loaded for: rohan
2026-04-06 23:35:24.932 [INFO ] Frontend -  User profile successfully loaded for: amit
2026-04-06 23:35:25.627 [INFO ] Frontend -  User profile successfully loaded for: amit
2026-04-06 23:35:26.449 [WARN ] Frontend -  Primary geocoder failed (likely missing API key), trying fallback...
2026-04-06 23:36:05.131 [INFO ] Frontend -  User profile successfully loaded for: rohan
2026-04-06 23:36:05.623 [INFO ] Frontend -  User profile successfully loaded for: rohan
2026-04-06 23:36:13.014 [WARN ] Frontend -  Primary geocoder failed (likely missing API key), trying fallback...
2026-04-06 23:36:13.342 [INFO ] Frontend -  User profile successfully loaded for: amit
2026-04-06 23:36:20.151 [INFO ] Frontend -  [FRIEND_SCREEN] action=load_data_start
2026-04-06 23:36:21.108 [INFO ] Frontend -  User profile successfully loaded for: rohan
2026-04-06 23:36:21.151 [INFO ] Frontend -  [FRIEND_SCREEN] action=load_data_identity userId=USER-492444CE
2026-04-06 23:36:21.210 [INFO ] Frontend -  [FRIEND_API] action=get_friends_start userId=USER-492444CE traceId=friend-get-friends-1775498781161000
2026-04-06 23:36:21.209 [INFO ] Frontend -  [FRIEND_API] action=get_pending_start traceId=friend-get-pending-1775498781167000
2026-04-06 23:36:21.218 [INFO ] Frontend -  [FRIEND_API] action=get_recommendations_start userId=USER-492444CE traceId=friend-get-recommendations-1775498781170000
2026-04-06 23:36:21.593 [INFO ] Frontend -  [FRIEND_API] action=get_pending_success count=0 traceId=friend-get-pending-1775498781167000
2026-04-06 23:36:21.649 [INFO ] Frontend -  [FRIEND_API] action=get_friends_success userId=USER-492444CE count=0 traceId=friend-get-friends-1775498781161000
2026-04-06 23:36:24.406 [INFO ] Frontend -  [FRIEND_API] action=get_recommendations_success userId=USER-492444CE count=1 traceId=friend-get-recommendations-1775498781170000
2026-04-06 23:36:24.423 [INFO ] Frontend -  [FRIEND_SCREEN] action=load_data_success friends=0 pending=0 suggested=1
2026-04-06 23:36:24.523 [INFO ] Frontend -  [FRIEND_SCREEN] action=socket_connected userId=USER-492444CE
2026-04-06 23:36:25.847 [INFO ] Frontend -  [FRIEND_SCREEN] action=tap_send_request target=USER-14A9EACA
2026-04-06 23:36:25.867 [INFO ] Frontend -  [FRIEND_API] action=send_request_start target=USER-14A9EACA traceId=friend-send-request-1775498785849000
2026-04-06 23:36:26.138 [INFO ] Frontend -  [FRIEND_SCREEN] action=socket_refresh userId=USER-492444CE
2026-04-06 23:36:26.146 [INFO ] Frontend -  [FRIEND_SCREEN] action=load_data_start
2026-04-06 23:36:26.147 [INFO ] Frontend -  [FRIEND_API] action=send_request_success target=USER-14A9EACA traceId=friend-send-request-1775498785849000
2026-04-06 23:36:26.169 [INFO ] Frontend -  [FRIEND_SCREEN] action=load_data_start
2026-04-06 23:36:26.353 [INFO ] Frontend -  User profile successfully loaded for: rohan
2026-04-06 23:36:26.367 [INFO ] Frontend -  [FRIEND_SCREEN] action=load_data_identity userId=USER-492444CE
2026-04-06 23:36:26.404 [INFO ] Frontend -  [FRIEND_API] action=get_recommendations_start userId=USER-492444CE traceId=friend-get-recommendations-1775498786382000
2026-04-06 23:36:26.404 [INFO ] Frontend -  [FRIEND_API] action=get_friends_start userId=USER-492444CE traceId=friend-get-friends-1775498786377000
2026-04-06 23:36:26.404 [INFO ] Frontend -  [FRIEND_API] action=get_pending_start traceId=friend-get-pending-1775498786380000
2026-04-06 23:36:26.426 [INFO ] Frontend -  User profile successfully loaded for: rohan
2026-04-06 23:36:26.470 [INFO ] Frontend -  [FRIEND_SCREEN] action=load_data_identity userId=USER-492444CE
2026-04-06 23:36:26.523 [INFO ] Frontend -  [FRIEND_API] action=get_recommendations_start userId=USER-492444CE traceId=friend-get-recommendations-1775498786494000
2026-04-06 23:36:26.528 [INFO ] Frontend -  [FRIEND_API] action=get_friends_start userId=USER-492444CE traceId=friend-get-friends-1775498786487000
2026-04-06 23:36:26.527 [INFO ] Frontend -  [FRIEND_API] action=get_pending_start traceId=friend-get-pending-1775498786491000
2026-04-06 23:36:26.551 [INFO ] Frontend -  [FRIEND_API] action=get_pending_success count=0 traceId=friend-get-pending-1775498786380000
2026-04-06 23:36:26.575 [INFO ] Frontend -  [FRIEND_API] action=get_friends_success userId=USER-492444CE count=0 traceId=friend-get-friends-1775498786377000
2026-04-06 23:36:26.872 [INFO ] Frontend -  [FRIEND_API] action=get_pending_success count=0 traceId=friend-get-pending-1775498786491000
2026-04-06 23:36:26.872 [INFO ] Frontend -  [FRIEND_API] action=get_friends_success userId=USER-492444CE count=0 traceId=friend-get-friends-1775498786487000
2026-04-06 23:36:26.923 [INFO ] Frontend -  [FRIEND_API] action=get_recommendations_success userId=USER-492444CE count=1 traceId=friend-get-recommendations-1775498786382000
2026-04-06 23:36:26.952 [INFO ] Frontend -  [FRIEND_SCREEN] action=load_data_success friends=0 pending=0 suggested=1
2026-04-06 23:36:27.031 [INFO ] Frontend -  [FRIEND_API] action=get_recommendations_success userId=USER-492444CE count=1 traceId=friend-get-recommendations-1775498786494000
2026-04-06 23:36:27.051 [INFO ] Frontend -  [FRIEND_SCREEN] action=load_data_success friends=0 pending=0 suggested=1
2026-04-06 23:36:27.893 [INFO ] Frontend -  [FRIEND_SCREEN] action=socket_disconnected userId=USER-492444CE
2026-04-06 23:36:28.042 [INFO ] Frontend -  User profile successfully loaded for: rohan
2026-04-06 23:36:33.475 [INFO ] Frontend -  [FRIEND_API] action=get_pending_start traceId=friend-get-pending-1775498792913000
2026-04-06 23:36:34.317 [INFO ] Frontend -  [FRIEND_API] action=get_pending_success count=1 traceId=friend-get-pending-1775498792913000
2026-04-06 23:36:35.935 [INFO ] Frontend -  [FRIEND_API] action=accept_request_start requestId=1 traceId=friend-accept-request-1775498795917000
2026-04-06 23:36:39.250 [INFO ] Frontend -  [FRIEND_API] action=accept_request_success requestId=1 traceId=friend-accept-request-1775498795917000
2026-04-06 23:36:42.271 [WARN ] Frontend -  Primary geocoder failed (likely missing API key), trying fallback...
2026-04-06 23:36:42.271 [WARN ] Frontend -  Primary geocoder failed (likely missing API key), trying fallback...
2026-04-06 23:37:19.729 [INFO ] Frontend -  [FRIEND_SCREEN] action=load_data_start
2026-04-06 23:37:19.958 [INFO ] Frontend -  User profile successfully loaded for: rohan
2026-04-06 23:37:19.983 [INFO ] Frontend -  [FRIEND_SCREEN] action=load_data_identity userId=USER-492444CE
2026-04-06 23:37:20.006 [INFO ] Frontend -  [FRIEND_API] action=get_recommendations_start userId=USER-492444CE traceId=friend-get-recommendations-1775498839996000
2026-04-06 23:37:20.006 [INFO ] Frontend -  [FRIEND_API] action=get_pending_start traceId=friend-get-pending-1775498839993000
2026-04-06 23:37:20.006 [INFO ] Frontend -  [FRIEND_API] action=get_friends_start userId=USER-492444CE traceId=friend-get-friends-1775498839990000
2026-04-06 23:37:20.142 [INFO ] Frontend -  [FRIEND_API] action=get_pending_success count=0 traceId=friend-get-pending-1775498839993000
2026-04-06 23:37:20.805 [INFO ] Frontend -  [FRIEND_API] action=get_friends_success userId=USER-492444CE count=1 traceId=friend-get-friends-1775498839990000
2026-04-06 23:37:20.865 [INFO ] Frontend -  [FRIEND_API] action=get_recommendations_success userId=USER-492444CE count=0 traceId=friend-get-recommendations-1775498839996000
2026-04-06 23:37:20.876 [INFO ] Frontend -  [FRIEND_SCREEN] action=load_data_success friends=1 pending=0 suggested=0
2026-04-06 23:37:20.965 [INFO ] Frontend -  [FRIEND_SCREEN] action=socket_connected userId=USER-492444CE
2026-04-06 23:37:22.769 [INFO ] Frontend -  [FRIEND_SCREEN] action=socket_disconnected userId=USER-492444CE
2026-04-06 23:37:22.864 [WARN ] Frontend -  Primary geocoder failed (likely missing API key), trying fallback...
2026-04-06 23:37:22.945 [INFO ] Frontend -  User profile successfully loaded for: rohan
2026-04-06 23:37:38.105 [WARN ] Frontend -  Primary geocoder failed (likely missing API key), trying fallback...
2026-04-06 23:37:38.753 [INFO ] Frontend -  User profile successfully loaded for: rohan
2026-04-06 23:37:40.927 [WARN ] Frontend -  Primary geocoder failed (likely missing API key), trying fallback...
2026-04-06 23:37:41.082 [INFO ] Frontend -  User profile successfully loaded for: amit
2026-04-06 23:38:19.465 [INFO ] Frontend -  User profile successfully loaded for: rohan
2026-04-06 23:38:20.805 [INFO ] Frontend -  User profile successfully loaded for: amit
2026-04-07 00:01:22.367 [WARN ] Frontend -  Failed to fetch notifications: 401 {"status":401,"message":"Token expired"}
2026-04-07 00:01:22.367 [INFO ] Frontend -  Attempting to refresh access token...
2026-04-07 00:01:22.367 [INFO ] Frontend -  Initiating token refresh flow over ApiService due to 401 Unauthorized
2026-04-07 00:01:22.367 [WARN ] Frontend -  Primary geocoder failed (likely missing API key), trying fallback...
2026-04-07 00:01:23.313 [INFO ] Frontend -  Successfully received new tokens. Storing to secure storage.
2026-04-07 00:01:23.319 [INFO ] Frontend -  Token refreshed globally, retrying the failed 401 request
2026-04-07 00:01:23.507 [INFO ] Frontend -  User profile successfully loaded for: amit
2026-04-07 00:01:27.911 [INFO ] Frontend -  Attempting to refresh access token...
2026-04-07 00:01:27.911 [INFO ] Frontend -  Initiating token refresh flow over ApiService due to 401 Unauthorized
2026-04-07 00:01:28.039 [INFO ] Frontend -  Token refreshed globally, retrying the failed 401 request
2026-04-07 00:01:28.039 [INFO ] Frontend -  Successfully received new tokens. Storing to secure storage.
2026-04-07 00:01:28.400 [INFO ] Frontend -  User profile successfully loaded for: rohan
2026-04-07 00:01:29.990 [WARN ] Frontend -  Primary geocoder failed (likely missing API key), trying fallback...
2026-04-07 00:01:30.005 [WARN ] Frontend -  Failed to fetch notifications: 401 {"status":401,"message":"Token expired"}
2026-04-07 00:01:30.252 [INFO ] Frontend -  User profile successfully loaded for: rohan
2026-04-07 00:01:51.781 [INFO ] Frontend -  Attempting login for user: asr@gmail.com
2026-04-07 00:01:52.362 [WARN ] Frontend -  This is the second data : {success: true, data: {userId: USER-14A9EACA, token: eyJhbGciOiJIUzI1NiJ9.eyJzdWIiOiJVU0VSLTE0QTlFQUNBIiwicm9sZXMiOiJSSURFUiIsImlhdCI6MTc3NTUwMDMxMiwiZXhwIjoxNzc1NTAxMjEyfQ.MeF8FAlLm4ENHBFn7P4qV_08KrZFpILEV86WfkHKkNY, refreshToken: e2e408fa-9e23-4729-9616-f2d30d35a7fb, expiresIn: 900}}
2026-04-07 00:01:52.362 [INFO ] Frontend -  Login successful. Tokens securely stored.
2026-04-07 00:01:52.637 [INFO ] Frontend -  User profile successfully loaded for: amit
2026-04-07 00:01:53.007 [WARN ] Frontend -  Primary geocoder failed (likely missing API key), trying fallback...
2026-04-07 00:01:53.198 [INFO ] Frontend -  User profile successfully loaded for: amit
2026-04-07 00:02:01.229 [INFO ] Frontend -  Attempting login for user: rs@gmail.com
2026-04-07 00:02:01.590 [INFO ] Frontend -  Login successful. Tokens securely stored.
2026-04-07 00:02:01.591 [WARN ] Frontend -  This is the second data : {success: true, data: {userId: USER-492444CE, token: eyJhbGciOiJIUzI1NiJ9.eyJzdWIiOiJVU0VSLTQ5MjQ0NENFIiwicm9sZXMiOiJSSURFUiIsImlhdCI6MTc3NTUwMDMyMSwiZXhwIjoxNzc1NTAxMjIxfQ.T8qJ7NcAJv3WuN5gUYJ439YhFexTvMs0VsTX5U4ePfk, refreshToken: 465baf9a-bd7b-4fa5-bae5-60a3ee4de8b3, expiresIn: 900}}
2026-04-07 00:02:01.908 [INFO ] Frontend -  User profile successfully loaded for: rohan
2026-04-07 00:02:02.157 [WARN ] Frontend -  Primary geocoder failed (likely missing API key), trying fallback...
2026-04-07 00:02:02.292 [INFO ] Frontend -  User profile successfully loaded for: rohan
2026-04-07 00:03:45.536 [WARN ] Frontend -  Primary geocoder failed (likely missing API key), trying fallback...
2026-04-07 00:03:45.836 [INFO ] Frontend -  User profile successfully loaded for: rohan
2026-04-07 00:04:19.539 [INFO ] Frontend -  User profile successfully loaded for: rohan
2026-04-07 23:15:13.980 [INFO ] Frontend -  Attempting login for user: asr@gmail.com
2026-04-07 23:15:15.524 [INFO ] Frontend -  Login successful. Tokens securely stored.
2026-04-07 23:15:15.524 [WARN ] Frontend -  This is the second data : {success: true, data: {userId: USER-14A9EACA, token: eyJhbGciOiJIUzI1NiJ9.eyJzdWIiOiJVU0VSLTE0QTlFQUNBIiwicm9sZXMiOiJSSURFUiIsImlhdCI6MTc3NTU4MzkxNCwiZXhwIjoxNzc1NTg0ODE0fQ.y7BRQ1-PpD8Y805is-bHTSiCFvdLFntOgerrBGHxR_U, refreshToken: 536f3035-ce85-4a15-a0d3-230dbb211191, expiresIn: 900}}
2026-04-07 23:15:17.181 [INFO ] Frontend -  User profile successfully loaded for: amit
2026-04-07 23:15:17.449 [WARN ] Frontend -  Primary geocoder failed (likely missing API key), trying fallback...
2026-04-07 23:15:17.538 [INFO ] Frontend -  User profile successfully loaded for: amit
2026-04-07 23:20:55.361 [INFO ] Frontend -  User profile successfully loaded for: amit
2026-04-07 23:36:30.258 [INFO ] Frontend -  Initiating token refresh flow over ApiService due to 401 Unauthorized
2026-04-07 23:36:30.258 [INFO ] Frontend -  Attempting to refresh access token...
2026-04-07 23:36:32.435 [INFO ] Frontend -  Successfully received new tokens. Storing to secure storage.
2026-04-07 23:36:32.435 [INFO ] Frontend -  Token refreshed globally, retrying the failed 401 request
2026-04-07 23:36:32.834 [INFO ] Frontend -  User profile successfully loaded for: amit
2026-04-07 23:38:35.728 [INFO ] Frontend -  Attempting login for user: asr@gmail.com
2026-04-07 23:38:36.409 [WARN ] Frontend -  This is the second data : {success: true, data: {userId: USER-14A9EACA, token: eyJhbGciOiJIUzI1NiJ9.eyJzdWIiOiJVU0VSLTE0QTlFQUNBIiwicm9sZXMiOiJSSURFUiIsImlhdCI6MTc3NTU4NTMxNiwiZXhwIjoxNzc1NTg2MjE2fQ.p4Askg43EB_-46UfkRIC6FofczgiZY0ChHTwO83tnDE, refreshToken: 236f3f72-01cb-430c-808b-d3e04817055a, expiresIn: 900}}
2026-04-07 23:38:36.409 [INFO ] Frontend -  Login successful. Tokens securely stored.
2026-04-07 23:38:36.841 [INFO ] Frontend -  User profile successfully loaded for: amit
2026-04-07 23:38:37.176 [WARN ] Frontend -  Primary geocoder failed (likely missing API key), trying fallback...
2026-04-07 23:38:37.377 [INFO ] Frontend -  User profile successfully loaded for: amit
2026-04-07 23:50:16.498 [INFO ] Frontend -  Attempting login for user: asr@gmail.com
2026-04-07 23:50:17.356 [WARN ] Frontend -  This is the second data : {success: true, data: {userId: USER-14A9EACA, token: eyJhbGciOiJIUzI1NiJ9.eyJzdWIiOiJVU0VSLTE0QTlFQUNBIiwicm9sZXMiOiJSSURFUiIsImlhdCI6MTc3NTU4NjAxNywiZXhwIjoxNzc1NTg2OTE3fQ.HBZ1fjTKTFvHe3xqSg4QLaAEg5M5ZS2nFSs2YcgnBVE, refreshToken: 24fc999f-ab09-46f7-8b73-66f651ecba6a, expiresIn: 900}}
2026-04-07 23:50:17.356 [INFO ] Frontend -  Login successful. Tokens securely stored.
2026-04-07 23:50:18.129 [INFO ] Frontend -  User profile successfully loaded for: amit
2026-04-07 23:50:18.634 [WARN ] Frontend -  Primary geocoder failed (likely missing API key), trying fallback...
2026-04-07 23:50:18.982 [INFO ] Frontend -  User profile successfully loaded for: amit
2026-04-08 22:00:56.706 [INFO ] Frontend -  Attempting login for user: asr@gmail.com
2026-04-08 22:00:57.865 [WARN ] Frontend -  This is the second data : {success: true, data: {userId: USER-14A9EACA, token: eyJhbGciOiJIUzI1NiJ9.eyJzdWIiOiJVU0VSLTE0QTlFQUNBIiwicm9sZXMiOiJSSURFUiIsImlhdCI6MTc3NTY2NTg1NywiZXhwIjoxNzc1NjY2NzU3fQ._Q1h66tZ8rBU4xy_C8mrr1-6H2VZQTbxzhXmRhPqgII, refreshToken: 13e1b0c3-3c42-4ecd-a70b-bee4687cb291, expiresIn: 900}}
2026-04-08 22:00:57.865 [INFO ] Frontend -  Login successful. Tokens securely stored.
2026-04-08 22:00:59.341 [INFO ] Frontend -  User profile successfully loaded for: amit
2026-04-08 22:00:59.660 [WARN ] Frontend -  Primary geocoder failed (likely missing API key), trying fallback...
2026-04-08 22:00:59.684 [INFO ] Frontend -  User profile successfully loaded for: amit
2026-04-08 22:11:17.024 [WARN ] Frontend -  Primary geocoder failed (likely missing API key), trying fallback...
2026-04-08 22:11:17.487 [INFO ] Frontend -  User profile successfully loaded for: amit
2026-04-08 22:23:58.971 [INFO ] Frontend -  Attempting login for user: asr@gmail.com
2026-04-08 22:23:59.698 [INFO ] Frontend -  Login successful. Tokens securely stored.
2026-04-08 22:23:59.698 [WARN ] Frontend -  This is the second data : {success: true, data: {userId: USER-14A9EACA, token: eyJhbGciOiJIUzI1NiJ9.eyJzdWIiOiJVU0VSLTE0QTlFQUNBIiwicm9sZXMiOiJSSURFUiIsImlhdCI6MTc3NTY2NzIzOSwiZXhwIjoxNzc1NjY4MTM5fQ.UjHJF8Lzva-vLbAyC5zMWKxc3pRkPzZMkJIyl2wI7cI, refreshToken: 353994d5-68a1-4632-a00e-7d00bdefc38c, expiresIn: 900}}
2026-04-08 22:24:00.046 [INFO ] Frontend -  User profile successfully loaded for: amit
2026-04-08 22:24:00.375 [WARN ] Frontend -  Primary geocoder failed (likely missing API key), trying fallback...
2026-04-08 22:24:00.600 [INFO ] Frontend -  User profile successfully loaded for: amit
2026-04-08 22:37:59.535 [INFO ] Frontend -  Attempting login for user: asr@gmail.com
2026-04-08 22:38:02.360 [WARN ] Frontend -  This is the second data : {success: true, data: {userId: USER-14A9EACA, token: eyJhbGciOiJIUzI1NiJ9.eyJzdWIiOiJVU0VSLTE0QTlFQUNBIiwicm9sZXMiOiJSSURFUiIsImlhdCI6MTc3NTY2ODA4MSwiZXhwIjoxNzc1NjY4OTgxfQ.G7rbjQIOMFNViF5UQKjp6hwt06CQ1fVK5JV005GZ_yg, refreshToken: eecb41db-4756-426c-8d0b-41befb9fc798, expiresIn: 900}}
2026-04-08 22:38:02.360 [INFO ] Frontend -  Login successful. Tokens securely stored.
2026-04-08 22:38:03.971 [INFO ] Frontend -  User profile successfully loaded for: amit
2026-04-08 22:38:04.728 [INFO ] Frontend -  User profile successfully loaded for: amit
2026-04-08 22:38:04.842 [WARN ] Frontend -  Primary geocoder failed (likely missing API key), trying fallback...
2026-04-08 22:55:58.149 [INFO ] Frontend -  Attempting login for user: asr@gmail.com
2026-04-08 22:55:59.138 [INFO ] Frontend -  Login successful. Tokens securely stored.
2026-04-08 22:55:59.138 [WARN ] Frontend -  This is the second data : {success: true, data: {userId: USER-14A9EACA, token: eyJhbGciOiJIUzI1NiJ9.eyJzdWIiOiJVU0VSLTE0QTlFQUNBIiwicm9sZXMiOiJSSURFUiIsImlhdCI6MTc3NTY2OTE1OCwiZXhwIjoxNzc1NjcwMDU4fQ.yYQaDBui4cZfa2IPNKvGZjvlNcKVJNWxd5Jtiqs0xA8, refreshToken: 7e444ac8-e401-46fc-8a7c-c83038c12aa2, expiresIn: 900}}
2026-04-08 22:56:00.115 [INFO ] Frontend -  User profile successfully loaded for: amit
2026-04-08 22:56:00.583 [WARN ] Frontend -  Primary geocoder failed (likely missing API key), trying fallback...
2026-04-08 22:56:01.095 [INFO ] Frontend -  User profile successfully loaded for: amit
2026-04-08 22:56:10.255 [INFO ] Frontend -  User profile successfully loaded for: amit
2026-04-08 23:06:52.787 [WARN ] Frontend -  Primary geocoder failed (likely missing API key), trying fallback...
2026-04-08 23:06:53.199 [INFO ] Frontend -  User profile successfully loaded for: amit
2026-04-08 23:16:27.608 [INFO ] Frontend -  Attempting login for user: asr@gmail.com
2026-04-08 23:16:29.385 [WARN ] Frontend -  This is the second data : {success: true, data: {userId: USER-14A9EACA, token: eyJhbGciOiJIUzI1NiJ9.eyJzdWIiOiJVU0VSLTE0QTlFQUNBIiwicm9sZXMiOiJSSURFUiIsImlhdCI6MTc3NTY3MDM4OCwiZXhwIjoxNzc1NjcxMjg4fQ.SmW7lGUDrR7rnWvMPbeXWKu79iJCdjQYBpTJTfo1sns, refreshToken: 633efbe5-b8c9-424f-8c95-78f0de9171bb, expiresIn: 900}}
2026-04-08 23:16:29.386 [INFO ] Frontend -  Login successful. Tokens securely stored.
2026-04-08 23:16:30.036 [INFO ] Frontend -  User profile successfully loaded for: amit
2026-04-08 23:16:30.290 [WARN ] Frontend -  Primary geocoder failed (likely missing API key), trying fallback...
2026-04-08 23:16:30.524 [INFO ] Frontend -  User profile successfully loaded for: amit
2026-04-08 23:17:02.356 [WARN ] Frontend -  Primary geocoder failed (likely missing API key), trying fallback...
2026-04-08 23:17:02.551 [INFO ] Frontend -  User profile successfully loaded for: amit
2026-04-08 23:17:06.532 [INFO ] Frontend -  [FRIEND_SCREEN] action=load_data_start
2026-04-08 23:17:06.723 [INFO ] Frontend -  User profile successfully loaded for: amit
2026-04-08 23:17:06.740 [INFO ] Frontend -  [FRIEND_SCREEN] action=load_data_identity userId=USER-14A9EACA
2026-04-08 23:17:06.787 [INFO ] Frontend -  [FRIEND_API] action=get_friends_start userId=USER-14A9EACA traceId=friend-get-friends-1775670426745000
2026-04-08 23:17:06.788 [INFO ] Frontend -  [FRIEND_API] action=get_recommendations_start userId=USER-14A9EACA traceId=friend-get-recommendations-1775670426761000
2026-04-08 23:17:06.787 [INFO ] Frontend -  [FRIEND_API] action=get_pending_start traceId=friend-get-pending-1775670426754000
2026-04-08 23:17:07.002 [INFO ] Frontend -  [FRIEND_API] action=get_pending_success count=0 traceId=friend-get-pending-1775670426754000
2026-04-08 23:17:15.180 [INFO ] Frontend -  [FRIEND_API] action=get_friends_success userId=USER-14A9EACA count=1 traceId=friend-get-friends-1775670426745000
2026-04-08 23:17:15.180 [INFO ] Frontend -  [FRIEND_API] action=get_recommendations_success userId=USER-14A9EACA count=0 traceId=friend-get-recommendations-1775670426761000
2026-04-08 23:17:15.220 [INFO ] Frontend -  [FRIEND_SCREEN] action=load_data_success friends=0 pending=0 suggested=0
2026-04-08 23:17:15.494 [INFO ] Frontend -  [FRIEND_SCREEN] action=socket_connected userId=USER-14A9EACA
2026-04-08 23:17:30.478 [WARN ] Frontend -  Primary geocoder failed (likely missing API key), trying fallback...
2026-04-08 23:17:31.076 [INFO ] Frontend -  User profile successfully loaded for: amit
2026-04-08 23:17:34.523 [INFO ] Frontend -  User profile successfully loaded for: amit
2026-04-08 23:17:50.198 [WARN ] Frontend -  Primary geocoder failed (likely missing API key), trying fallback...
2026-04-08 23:17:50.471 [INFO ] Frontend -  User profile successfully loaded for: amit
2026-04-08 23:18:01.750 [INFO ] Frontend -  User profile successfully loaded for: amit
2026-04-08 23:18:11.660 [WARN ] Frontend -  Primary geocoder failed (likely missing API key), trying fallback...
2026-04-08 23:18:11.892 [INFO ] Frontend -  User profile successfully loaded for: amit
2026-04-08 23:18:29.788 [WARN ] Frontend -  Primary geocoder failed (likely missing API key), trying fallback...
2026-04-08 23:18:29.972 [INFO ] Frontend -  User profile successfully loaded for: amit
2026-04-08 23:25:24.625 [INFO ] Frontend -  Attempting login for user: asr@gmail.com
2026-04-08 23:25:25.522 [WARN ] Frontend -  This is the second data : {success: true, data: {userId: USER-14A9EACA, token: eyJhbGciOiJIUzI1NiJ9.eyJzdWIiOiJVU0VSLTE0QTlFQUNBIiwicm9sZXMiOiJSSURFUiIsImlhdCI6MTc3NTY3MDkyNSwiZXhwIjoxNzc1NjcxODI1fQ.Ov_vbF_sBdPs0JCF8-envKZQbFA4OgawhdbNiAFP2BI, refreshToken: 7c0b4c54-644f-4c6b-9b04-c16b09d7fef8, expiresIn: 900}}
2026-04-08 23:25:25.522 [INFO ] Frontend -  Login successful. Tokens securely stored.
2026-04-08 23:25:25.971 [INFO ] Frontend -  User profile successfully loaded for: amit
2026-04-08 23:25:26.171 [WARN ] Frontend -  Primary geocoder failed (likely missing API key), trying fallback...
2026-04-08 23:25:26.494 [INFO ] Frontend -  User profile successfully loaded for: amit
2026-04-08 23:25:58.407 [INFO ] Frontend -  User profile successfully loaded for: amit
2026-04-08 23:38:24.829 [WARN ] Frontend -  Primary geocoder failed (likely missing API key), trying fallback...
2026-04-08 23:38:25.504 [INFO ] Frontend -  User profile successfully loaded for: amit
2026-04-08 23:38:58.681 [WARN ] Frontend -  Primary geocoder failed (likely missing API key), trying fallback...
2026-04-08 23:38:58.874 [INFO ] Frontend -  User profile successfully loaded for: amit
2026-04-08 23:45:40.033 [INFO ] Frontend -  Attempting login for user: asr@gmail.com
2026-04-08 23:45:40.761 [INFO ] Frontend -  Login successful. Tokens securely stored.
2026-04-08 23:45:40.760 [WARN ] Frontend -  This is the second data : {success: true, data: {userId: USER-14A9EACA, token: eyJhbGciOiJIUzI1NiJ9.eyJzdWIiOiJVU0VSLTE0QTlFQUNBIiwicm9sZXMiOiJSSURFUiIsImlhdCI6MTc3NTY3MjE0MCwiZXhwIjoxNzc1NjczMDQwfQ.PngCg_7JO6GSW3W3tVs8dpM7meL2qr96r20WUbKoEfg, refreshToken: c508c8e7-7a1a-4ca3-97de-7e2a384d6c1b, expiresIn: 900}}
2026-04-08 23:45:41.677 [INFO ] Frontend -  User profile successfully loaded for: amit
2026-04-08 23:45:42.097 [WARN ] Frontend -  Primary geocoder failed (likely missing API key), trying fallback...
2026-04-08 23:45:42.480 [INFO ] Frontend -  User profile successfully loaded for: amit
2026-04-09 00:05:03.993 [INFO ] Frontend -  Attempting login for user: asr@gmail.com
2026-04-09 00:05:04.606 [INFO ] Frontend -  Login successful. Tokens securely stored.
2026-04-09 00:05:04.606 [WARN ] Frontend -  This is the second data : {success: true, data: {userId: USER-14A9EACA, token: eyJhbGciOiJIUzI1NiJ9.eyJzdWIiOiJVU0VSLTE0QTlFQUNBIiwicm9sZXMiOiJSSURFUiIsImlhdCI6MTc3NTY3MzMwNCwiZXhwIjoxNzc1Njc0MjA0fQ.Z9uTK9FJ1yp4YFMMG3cD1vRp_8X1RC7nAoW0Vh_JeCM, refreshToken: 03a93e90-15d8-4c54-bbf3-a18554c68e84, expiresIn: 900}}
2026-04-09 00:05:04.965 [INFO ] Frontend -  User profile successfully loaded for: amit
2026-04-09 00:05:05.269 [WARN ] Frontend -  Primary geocoder failed (likely missing API key), trying fallback...
2026-04-09 00:05:05.372 [INFO ] Frontend -  User profile successfully loaded for: amit
2026-04-09 00:16:59.416 [INFO ] Frontend -  Attempting login for user: asr@gmail.com
2026-04-09 00:17:00.396 [INFO ] Frontend -  Login successful. Tokens securely stored.
2026-04-09 00:17:00.396 [WARN ] Frontend -  This is the second data : {success: true, data: {userId: USER-14A9EACA, token: eyJhbGciOiJIUzI1NiJ9.eyJzdWIiOiJVU0VSLTE0QTlFQUNBIiwicm9sZXMiOiJSSURFUiIsImlhdCI6MTc3NTY3NDAyMCwiZXhwIjoxNzc1Njc0OTIwfQ.pYkii47z1tyuSsvqUHEfoPNtC7cGszzNAmZwGOzjnwg, refreshToken: 7a84d573-5ed5-4b3f-a4f3-a1e4c4f1669d, expiresIn: 900}}
2026-04-09 00:17:01.007 [INFO ] Frontend -  User profile successfully loaded for: amit
2026-04-09 00:17:01.535 [INFO ] Frontend -  User profile successfully loaded for: amit
2026-04-09 00:17:42.549 [WARN ] Frontend -  Primary geocoder failed (likely missing API key), trying fallback...
2026-04-09 00:19:08.439 [INFO ] Frontend -  Attempting login for user: asr@gmail.com
2026-04-09 00:19:09.699 [WARN ] Frontend -  This is the second data : {success: true, data: {userId: USER-14A9EACA, token: eyJhbGciOiJIUzI1NiJ9.eyJzdWIiOiJVU0VSLTE0QTlFQUNBIiwicm9sZXMiOiJSSURFUiIsImlhdCI6MTc3NTY3NDE0OSwiZXhwIjoxNzc1Njc1MDQ5fQ.3X0krczUZlRpnNFJoeNeKHrUIjT51kDnysGnpOSPZas, refreshToken: 8938b490-ab58-470a-bce8-f20f318a31d9, expiresIn: 900}}
2026-04-09 00:19:09.699 [INFO ] Frontend -  Login successful. Tokens securely stored.
2026-04-09 00:19:10.095 [INFO ] Frontend -  User profile successfully loaded for: amit
2026-04-09 00:19:10.409 [INFO ] Frontend -  User profile successfully loaded for: amit
2026-04-09 22:21:34.303 [INFO ] Frontend -  Attempting login for user: asr@gamil.com
2026-04-09 22:21:35.181 [WARN ] Frontend -  This is the second data : {success: false, message: Invalid credentials}
2026-04-09 22:21:35.181 [WARN ] Frontend -  Login failed with status 401
2026-04-09 22:21:43.814 [INFO ] Frontend -  Attempting login for user: asr@gmail.com
2026-04-09 22:21:44.834 [INFO ] Frontend -  Login successful. Tokens securely stored.
2026-04-09 22:21:44.836 [WARN ] Frontend -  This is the second data : {success: true, data: {userId: USER-14A9EACA, token: eyJhbGciOiJIUzI1NiJ9.eyJzdWIiOiJVU0VSLTE0QTlFQUNBIiwicm9sZXMiOiJSSURFUiIsImlhdCI6MTc3NTc1MzUwNCwiZXhwIjoxNzc1NzU0NDA0fQ.jmFa_4odi476mleJ__tWsercCSLER3-NUb3wfSWiUdw, refreshToken: 17b52226-a798-4a46-aaf6-98cb0d7ef6f8, expiresIn: 900}}
2026-04-09 22:21:47.060 [INFO ] Frontend -  User profile successfully loaded for: amit
2026-04-09 22:21:47.395 [WARN ] Frontend -  Primary geocoder failed (likely missing API key), trying fallback...
2026-04-09 22:21:47.704 [INFO ] Frontend -  User profile successfully loaded for: amit
2026-04-09 22:28:07.086 [INFO ] Frontend -  Attempting login for user: asr@gmail.com
2026-04-09 22:28:09.121 [INFO ] Frontend -  Login successful. Tokens securely stored.
2026-04-09 22:28:09.121 [WARN ] Frontend -  This is the second data : {success: true, data: {userId: USER-14A9EACA, token: eyJhbGciOiJIUzI1NiJ9.eyJzdWIiOiJVU0VSLTE0QTlFQUNBIiwicm9sZXMiOiJSSURFUiIsImlhdCI6MTc3NTc1Mzg4OCwiZXhwIjoxNzc1NzU0Nzg4fQ.uVRkcDhXDuB_Ql2d-jed1fufPBS68PSNCN6LYJabuww, refreshToken: ab63e525-b27d-49ea-b4fa-ba271a8281d5, expiresIn: 900}}
2026-04-09 22:28:11.524 [INFO ] Frontend -  User profile successfully loaded for: amit
2026-04-09 22:28:11.928 [WARN ] Frontend -  Primary geocoder failed (likely missing API key), trying fallback...
2026-04-09 22:28:12.064 [INFO ] Frontend -  User profile successfully loaded for: amit
2026-04-09 23:16:55.644 [INFO ] Frontend -  Attempting login for user: asr@gmail.com
2026-04-09 23:16:56.416 [INFO ] Frontend -  Login successful. Tokens securely stored.
2026-04-09 23:16:56.417 [WARN ] Frontend -  This is the second data : {success: true, data: {userId: USER-14A9EACA, token: eyJhbGciOiJIUzI1NiJ9.eyJzdWIiOiJVU0VSLTE0QTlFQUNBIiwicm9sZXMiOiJSSURFUiIsImlhdCI6MTc3NTc1NjgxNiwiZXhwIjoxNzc1NzU3NzE2fQ.FnWxLP9N6UFS_Qnxykw4EPDRxsb6U9Aga0L9dhardeU, refreshToken: 42a82b5b-903e-4a17-8d4b-85c24773942a, expiresIn: 900}}
2026-04-09 23:16:56.879 [INFO ] Frontend -  User profile successfully loaded for: amit
2026-04-09 23:16:57.122 [WARN ] Frontend -  Primary geocoder failed (likely missing API key), trying fallback...
2026-04-09 23:16:57.373 [INFO ] Frontend -  User profile successfully loaded for: amit
2026-04-09 23:34:35.496 [WARN ] Frontend -  Primary geocoder failed (likely missing API key), trying fallback...
2026-04-09 23:34:35.728 [INFO ] Frontend -  Attempting to refresh access token...
2026-04-09 23:34:35.732 [INFO ] Frontend -  Initiating token refresh flow over ApiService due to 401 Unauthorized
2026-04-09 23:34:35.744 [WARN ] Frontend -  Failed to fetch notifications: 401 {"status":401,"message":"Token expired"}
2026-04-09 23:34:36.474 [INFO ] Frontend -  Successfully received new tokens. Storing to secure storage.
2026-04-09 23:34:36.486 [INFO ] Frontend -  Token refreshed globally, retrying the failed 401 request
2026-04-09 23:34:36.806 [INFO ] Frontend -  User profile successfully loaded for: amit
2026-04-09 23:36:26.844 [INFO ] Frontend -  Attempting login for user: asr@gmail.com
2026-04-09 23:36:27.351 [WARN ] Frontend -  This is the second data : {success: true, data: {userId: USER-14A9EACA, token: eyJhbGciOiJIUzI1NiJ9.eyJzdWIiOiJVU0VSLTE0QTlFQUNBIiwicm9sZXMiOiJSSURFUiIsImlhdCI6MTc3NTc1Nzk4NywiZXhwIjoxNzc1NzU4ODg3fQ.pTFSqkaWPZwG0wbTTHmvXSsl1OsloU-rWR-Z4B3bmXg, refreshToken: 24bdbb6e-2cbc-4b80-b356-fd925ba2bc1e, expiresIn: 900}}
2026-04-09 23:36:27.351 [INFO ] Frontend -  Login successful. Tokens securely stored.
2026-04-09 23:36:27.689 [INFO ] Frontend -  User profile successfully loaded for: amit
2026-04-09 23:36:27.909 [WARN ] Frontend -  Primary geocoder failed (likely missing API key), trying fallback...
2026-04-09 23:36:28.153 [INFO ] Frontend -  User profile successfully loaded for: amit
2026-04-09 23:50:13.661 [WARN ] Frontend -  Primary geocoder failed (likely missing API key), trying fallback...
2026-04-09 23:50:14.543 [INFO ] Frontend -  User profile successfully loaded for: amit
2026-04-09 23:55:12.098 [INFO ] Frontend -  Attempting login for user: asr@gmail.com
2026-04-09 23:55:12.810 [INFO ] Frontend -  Login successful. Tokens securely stored.
2026-04-09 23:55:12.810 [WARN ] Frontend -  This is the second data : {success: true, data: {userId: USER-14A9EACA, token: eyJhbGciOiJIUzI1NiJ9.eyJzdWIiOiJVU0VSLTE0QTlFQUNBIiwicm9sZXMiOiJSSURFUiIsImlhdCI6MTc3NTc1OTExMiwiZXhwIjoxNzc1NzYwMDEyfQ.W_8gwTybV44vNGVZOWX0spNyK2K14sQ4LHO2WN3KMds, refreshToken: 8a37782e-ed49-474b-8ce6-de897553579f, expiresIn: 900}}
2026-04-09 23:55:13.216 [INFO ] Frontend -  User profile successfully loaded for: amit
2026-04-09 23:55:13.488 [WARN ] Frontend -  Primary geocoder failed (likely missing API key), trying fallback...
2026-04-09 23:55:13.679 [INFO ] Frontend -  User profile successfully loaded for: amit
2026-04-09 23:56:20.219 [WARN ] Frontend -  Primary geocoder failed (likely missing API key), trying fallback...
2026-04-09 23:56:20.670 [INFO ] Frontend -  User profile successfully loaded for: amit
2026-04-10 00:12:25.831 [INFO ] Frontend -  [FRIEND_SCREEN] action=load_data_start
2026-04-10 00:12:25.967 [INFO ] Frontend -  Attempting to refresh access token...
2026-04-10 00:12:25.969 [INFO ] Frontend -  Initiating token refresh flow over ApiService due to 401 Unauthorized
2026-04-10 00:12:26.479 [INFO ] Frontend -  Successfully received new tokens. Storing to secure storage.
2026-04-10 00:12:26.489 [INFO ] Frontend -  Token refreshed globally, retrying the failed 401 request
2026-04-10 00:12:26.722 [INFO ] Frontend -  User profile successfully loaded for: amit
2026-04-10 00:12:26.745 [INFO ] Frontend -  [FRIEND_SCREEN] action=load_data_identity userId=USER-14A9EACA
2026-04-10 00:12:26.771 [INFO ] Frontend -  [FRIEND_API] action=get_pending_start traceId=friend-get-pending-1775760146757000
2026-04-10 00:12:26.772 [INFO ] Frontend -  [FRIEND_API] action=get_friends_start userId=USER-14A9EACA traceId=friend-get-friends-1775760146751000
2026-04-10 00:12:26.776 [INFO ] Frontend -  [FRIEND_API] action=get_recommendations_start userId=USER-14A9EACA traceId=friend-get-recommendations-1775760146761000
2026-04-10 00:12:26.956 [INFO ] Frontend -  [FRIEND_API] action=get_pending_success count=0 traceId=friend-get-pending-1775760146757000
2026-04-10 00:12:29.492 [WARN ] Frontend -  Primary geocoder failed (likely missing API key), trying fallback...
2026-04-10 00:12:29.602 [WARN ] Frontend -  Failed to fetch notifications: 401 {"status":401,"message":"Token expired"}
2026-04-10 00:12:30.024 [INFO ] Frontend -  User profile successfully loaded for: amit
2026-04-10 00:12:34.660 [INFO ] Frontend -  [FRIEND_API] action=get_friends_success userId=USER-14A9EACA count=1 traceId=friend-get-friends-1775760146751000
2026-04-10 00:12:34.660 [INFO ] Frontend -  [FRIEND_API] action=get_recommendations_success userId=USER-14A9EACA count=0 traceId=friend-get-recommendations-1775760146761000
2026-04-10 00:12:34.680 [INFO ] Frontend -  [FRIEND_SCREEN] action=load_data_success friends=0 pending=0 suggested=0
2026-04-10 00:12:34.746 [INFO ] Frontend -  [FRIEND_SCREEN] action=socket_connected userId=USER-14A9EACA
2026-04-10 00:12:35.941 [INFO ] Frontend -  User profile successfully loaded for: amit
2026-04-10 00:22:41.302 [INFO ] Frontend -  Attempting login for user: asr@gmail.com
2026-04-10 00:22:46.379 [WARN ] Frontend -  This is the second data : {success: true, data: {userId: USER-14A9EACA, token: eyJhbGciOiJIUzI1NiJ9.eyJzdWIiOiJVU0VSLTE0QTlFQUNBIiwicm9sZXMiOiJSSURFUiIsImlhdCI6MTc3NTc2MDc2MywiZXhwIjoxNzc1NzYxNjYzfQ.sGsNMt8S67cxql418sviPgdjJ6ATVxyEc8zU1TGm_AA, refreshToken: 658cf8e0-790b-4f67-9535-a03d1b1f1e33, expiresIn: 900}}
2026-04-10 00:22:46.379 [INFO ] Frontend -  Login successful. Tokens securely stored.
2026-04-10 00:22:49.048 [INFO ] Frontend -  User profile successfully loaded for: amit
2026-04-10 00:22:51.484 [WARN ] Frontend -  Primary geocoder failed (likely missing API key), trying fallback...
2026-04-10 00:22:51.921 [INFO ] Frontend -  User profile successfully loaded for: amit
2026-04-10 00:23:26.239 [WARN ] Frontend -  Primary geocoder failed (likely missing API key), trying fallback...
2026-04-10 00:23:27.207 [INFO ] Frontend -  User profile successfully loaded for: amit
2026-04-11 23:36:15.157 [INFO ] Frontend -  Attempting login for user: asr@gmail.com
2026-04-11 23:36:18.350 [INFO ] Frontend -  Login successful. Tokens securely stored.
2026-04-11 23:36:18.351 [WARN ] Frontend -  This is the second data : {success: true, data: {userId: USER-14A9EACA, token: eyJhbGciOiJIUzI1NiJ9.eyJzdWIiOiJVU0VSLTE0QTlFQUNBIiwicm9sZXMiOiJSSURFUiIsImlhdCI6MTc3NTkzMDc3NiwiZXhwIjoxNzc1OTMxNjc2fQ.viPOZhkY6bjhBk1kMrBTfcbZBi-BHoyK0hgfADD3NbI, refreshToken: abf626f0-a854-4aa5-93a4-df17470a2742, expiresIn: 900}}
2026-04-11 23:36:22.776 [INFO ] Frontend -  User profile successfully loaded for: amit
2026-04-11 23:36:24.730 [WARN ] Frontend -  Primary geocoder failed (likely missing API key), trying fallback...
2026-04-11 23:36:24.730 [INFO ] Frontend -  User profile successfully loaded for: amit
2026-04-11 23:38:24.784 [WARN ] Frontend -  Primary geocoder failed (likely missing API key), trying fallback...
2026-04-11 23:38:26.336 [INFO ] Frontend -  User profile successfully loaded for: amit
2026-04-11 23:54:42.743 [INFO ] Frontend -  Attempting login for user: asr@gmial.com
2026-04-11 23:54:44.486 [WARN ] Frontend -  This is the second data : {success: false, message: Invalid credentials}
2026-04-11 23:54:44.486 [WARN ] Frontend -  Login failed with status 401
2026-04-11 23:54:51.736 [INFO ] Frontend -  Attempting login for user: asr@gmial.com
2026-04-11 23:54:52.194 [WARN ] Frontend -  This is the second data : {success: false, message: Invalid credentials}
2026-04-11 23:54:52.194 [WARN ] Frontend -  Login failed with status 401
2026-04-11 23:55:00.417 [INFO ] Frontend -  Attempting login for user: asr@gmail.com
2026-04-11 23:55:02.291 [INFO ] Frontend -  Login successful. Tokens securely stored.
2026-04-11 23:55:02.291 [WARN ] Frontend -  This is the second data : {success: true, data: {userId: USER-14A9EACA, token: eyJhbGciOiJIUzI1NiJ9.eyJzdWIiOiJVU0VSLTE0QTlFQUNBIiwicm9sZXMiOiJSSURFUiIsImlhdCI6MTc3NTkzMTkwMSwiZXhwIjoxNzc1OTMyODAxfQ.HzWhZ6TJ0jraK3P1S1QX099fXgJ8hXLkLR9-KgkJQFk, refreshToken: dada7143-e913-4840-874b-e9160163702f, expiresIn: 900}}
2026-04-11 23:55:03.380 [INFO ] Frontend -  User profile successfully loaded for: amit
2026-04-11 23:55:04.104 [WARN ] Frontend -  Primary geocoder failed (likely missing API key), trying fallback...
2026-04-11 23:55:04.301 [INFO ] Frontend -  User profile successfully loaded for: amit
2026-04-11 23:55:12.013 [INFO ] Frontend -  [FRIEND_SCREEN] action=load_data_start
2026-04-11 23:55:13.256 [INFO ] Frontend -  User profile successfully loaded for: amit
2026-04-11 23:55:13.291 [INFO ] Frontend -  [FRIEND_SCREEN] action=load_data_identity userId=USER-14A9EACA
2026-04-11 23:55:13.388 [INFO ] Frontend -  [FRIEND_API] action=get_pending_start traceId=friend-get-pending-1775931913311000
2026-04-11 23:55:13.388 [INFO ] Frontend -  [FRIEND_API] action=get_recommendations_start userId=USER-14A9EACA traceId=friend-get-recommendations-1775931913314000
2026-04-11 23:55:13.388 [INFO ] Frontend -  [FRIEND_API] action=get_friends_start userId=USER-14A9EACA traceId=friend-get-friends-1775931913306000
2026-04-11 23:55:16.110 [INFO ] Frontend -  [FRIEND_API] action=get_pending_success count=0 traceId=friend-get-pending-1775931913311000
2026-04-11 23:55:34.958 [WARN ] Frontend -  Primary geocoder failed (likely missing API key), trying fallback...
2026-04-11 23:55:35.642 [INFO ] Frontend -  User profile successfully loaded for: amit
2026-04-11 23:55:37.254 [INFO ] Frontend -  [FRIEND_API] action=get_recommendations_success userId=USER-14A9EACA count=0 traceId=friend-get-recommendations-1775931913314000
2026-04-11 23:55:37.258 [INFO ] Frontend -  [FRIEND_API] action=get_friends_success userId=USER-14A9EACA count=1 traceId=friend-get-friends-1775931913306000
2026-04-11 23:55:37.278 [INFO ] Frontend -  [FRIEND_SCREEN] action=load_data_success friends=0 pending=0 suggested=0
2026-04-11 23:55:37.356 [INFO ] Frontend -  [FRIEND_SCREEN] action=socket_connected userId=USER-14A9EACA
2026-04-11 23:55:47.137 [WARN ] Frontend -  Primary geocoder failed (likely missing API key), trying fallback...
2026-04-11 23:55:47.432 [INFO ] Frontend -  User profile successfully loaded for: amit
2026-04-12 00:06:08.797 [WARN ] Frontend -  Primary geocoder failed (likely missing API key), trying fallback...
2026-04-12 00:06:09.543 [INFO ] Frontend -  User profile successfully loaded for: amit
2026-04-12 00:11:08.877 [WARN ] Frontend -  Primary geocoder failed (likely missing API key), trying fallback...
2026-04-12 00:11:08.880 [INFO ] Frontend -  Initiating token refresh flow over ApiService due to 401 Unauthorized
2026-04-12 00:11:08.877 [INFO ] Frontend -  Attempting to refresh access token...
2026-04-12 00:11:08.890 [WARN ] Frontend -  Failed to fetch notifications: 401 {"status":401,"message":"Token expired"}
2026-04-12 00:11:11.791 [INFO ] Frontend -  Successfully received new tokens. Storing to secure storage.
2026-04-12 00:11:11.813 [INFO ] Frontend -  Token refreshed globally, retrying the failed 401 request
2026-04-12 00:11:12.025 [INFO ] Frontend -  User profile successfully loaded for: amit
2026-04-12 00:27:39.869 [INFO ] Frontend -  Initiating token refresh flow over ApiService due to 401 Unauthorized
2026-04-12 00:27:39.868 [WARN ] Frontend -  Primary geocoder failed (likely missing API key), trying fallback...
2026-04-12 00:27:39.869 [WARN ] Frontend -  Failed to fetch notifications: 401 {"status":401,"message":"Token expired"}
2026-04-12 00:27:39.868 [INFO ] Frontend -  Attempting to refresh access token...
2026-04-12 00:27:40.791 [INFO ] Frontend -  Token refreshed globally, retrying the failed 401 request
2026-04-12 00:27:40.791 [INFO ] Frontend -  Successfully received new tokens. Storing to secure storage.
2026-04-12 00:27:41.424 [INFO ] Frontend -  User profile successfully loaded for: amit
2026-04-12 00:27:41.693 [ERROR] Frontend -  Error fetching weather: ClientException: Failed to fetch, uri=https://api.open-meteo.com/v1/forecast?latitude=28.533135670191125&longitude=77.08826835355438&current_weather=true
2026-04-12 00:27:56.606 [INFO ] Frontend -  Attempting login for user: asr@gmail.com
2026-04-12 00:27:57.541 [WARN ] Frontend -  This is the second data : {success: true, data: {userId: USER-14A9EACA, token: eyJhbGciOiJIUzI1NiJ9.eyJzdWIiOiJVU0VSLTE0QTlFQUNBIiwicm9sZXMiOiJSSURFUiIsImlhdCI6MTc3NTkzMzg3NiwiZXhwIjoxNzc1OTM0Nzc2fQ.Z0qTxmzHpdO4HHNz58zaWNTdFJQB7bJPly_SIWiLHcc, refreshToken: 961732b5-f2d5-48be-8205-fa6139bd81c2, expiresIn: 900}}
2026-04-12 00:27:57.541 [INFO ] Frontend -  Login successful. Tokens securely stored.
2026-04-12 00:27:58.211 [INFO ] Frontend -  User profile successfully loaded for: amit
2026-04-12 00:27:58.625 [WARN ] Frontend -  Primary geocoder failed (likely missing API key), trying fallback...
2026-04-12 00:27:59.095 [INFO ] Frontend -  User profile successfully loaded for: amit
2026-04-12 00:38:23.063 [WARN ] Frontend -  Primary geocoder failed (likely missing API key), trying fallback...
2026-04-12 00:38:23.978 [INFO ] Frontend -  User profile successfully loaded for: amit
2026-04-12 00:38:45.737 [INFO ] Frontend -  [FRIEND_SCREEN] action=load_data_start
2026-04-12 00:38:46.246 [INFO ] Frontend -  User profile successfully loaded for: amit
2026-04-12 00:38:46.275 [INFO ] Frontend -  [FRIEND_SCREEN] action=load_data_identity userId=USER-14A9EACA
2026-04-12 00:38:46.325 [INFO ] Frontend -  [FRIEND_API] action=get_friends_start userId=USER-14A9EACA traceId=friend-get-friends-1775934526287000
2026-04-12 00:38:46.325 [INFO ] Frontend -  [FRIEND_API] action=get_recommendations_start userId=USER-14A9EACA traceId=friend-get-recommendations-1775934526305000
2026-04-12 00:38:46.325 [INFO ] Frontend -  [FRIEND_API] action=get_pending_start traceId=friend-get-pending-1775934526298000
2026-04-12 00:38:46.771 [INFO ] Frontend -  [FRIEND_API] action=get_pending_success count=0 traceId=friend-get-pending-1775934526298000
2026-04-12 00:38:48.417 [INFO ] Frontend -  [FRIEND_API] action=get_recommendations_success userId=USER-14A9EACA count=0 traceId=friend-get-recommendations-1775934526305000
2026-04-12 00:38:48.417 [INFO ] Frontend -  [FRIEND_API] action=get_friends_success userId=USER-14A9EACA count=1 traceId=friend-get-friends-1775934526287000
2026-04-12 00:38:48.438 [INFO ] Frontend -  [FRIEND_SCREEN] action=load_data_success friends=0 pending=0 suggested=0
2026-04-12 00:38:48.520 [INFO ] Frontend -  [FRIEND_SCREEN] action=socket_connected userId=USER-14A9EACA
2026-04-12 00:38:51.224 [WARN ] Frontend -  Primary geocoder failed (likely missing API key), trying fallback...
2026-04-12 00:38:51.618 [INFO ] Frontend -  User profile successfully loaded for: amit
2026-04-12 00:38:55.486 [WARN ] Frontend -  Primary geocoder failed (likely missing API key), trying fallback...
2026-04-12 00:38:55.958 [INFO ] Frontend -  User profile successfully loaded for: amit
2026-04-12 00:38:57.928 [WARN ] Frontend -  Primary geocoder failed (likely missing API key), trying fallback...
2026-04-12 00:38:58.399 [INFO ] Frontend -  User profile successfully loaded for: amit
2026-04-12 00:41:17.175 [INFO ] Frontend -  [FRIEND_SCREEN] action=load_data_start
2026-04-12 00:41:20.273 [INFO ] Frontend -  User profile successfully loaded for: amit
2026-04-12 00:41:20.333 [INFO ] Frontend -  [FRIEND_SCREEN] action=load_data_identity userId=USER-14A9EACA
2026-04-12 00:41:20.387 [INFO ] Frontend -  [FRIEND_API] action=get_recommendations_start userId=USER-14A9EACA traceId=friend-get-recommendations-1775934680368000
2026-04-12 00:41:20.388 [INFO ] Frontend -  [FRIEND_API] action=get_friends_start userId=USER-14A9EACA traceId=friend-get-friends-1775934680347000
2026-04-12 00:41:20.389 [INFO ] Frontend -  [FRIEND_API] action=get_pending_start traceId=friend-get-pending-1775934680358000
2026-04-12 00:41:20.817 [INFO ] Frontend -  [FRIEND_API] action=get_pending_success count=0 traceId=friend-get-pending-1775934680358000
2026-04-12 00:41:21.615 [INFO ] Frontend -  [FRIEND_API] action=get_friends_success userId=USER-14A9EACA count=1 traceId=friend-get-friends-1775934680347000
2026-04-12 00:41:21.615 [INFO ] Frontend -  [FRIEND_API] action=get_recommendations_success userId=USER-14A9EACA count=0 traceId=friend-get-recommendations-1775934680368000
2026-04-12 00:41:21.698 [INFO ] Frontend -  [FRIEND_SCREEN] action=load_data_success friends=1 pending=0 suggested=0
2026-04-12 00:41:21.862 [INFO ] Frontend -  [FRIEND_SCREEN] action=socket_connected userId=USER-14A9EACA
2026-04-12 00:41:27.122 [INFO ] Frontend -  [FRIEND_SCREEN] action=socket_disconnected userId=USER-14A9EACA
2026-04-12 00:41:41.106 [WARN ] Frontend -  Primary geocoder failed (likely missing API key), trying fallback...
2026-04-12 00:41:42.079 [INFO ] Frontend -  User profile successfully loaded for: amit
2026-04-12 00:41:57.296 [WARN ] Frontend -  Primary geocoder failed (likely missing API key), trying fallback...
2026-04-12 00:41:57.808 [INFO ] Frontend -  User profile successfully loaded for: amit
2026-04-12 00:42:40.535 [WARN ] Frontend -  Primary geocoder failed (likely missing API key), trying fallback...
2026-04-12 00:42:43.111 [INFO ] Frontend -  User profile successfully loaded for: amit
2026-04-12 00:53:14.135 [INFO ] Frontend -  [FRIEND_SCREEN] action=load_data_start
2026-04-12 00:53:14.357 [INFO ] Frontend -  Initiating token refresh flow over ApiService due to 401 Unauthorized
2026-04-12 00:53:14.363 [INFO ] Frontend -  Attempting to refresh access token...
2026-04-12 00:53:15.144 [INFO ] Frontend -  Successfully received new tokens. Storing to secure storage.
2026-04-12 00:53:15.143 [INFO ] Frontend -  Token refreshed globally, retrying the failed 401 request
2026-04-12 00:53:15.623 [INFO ] Frontend -  User profile successfully loaded for: amit
2026-04-12 00:53:15.650 [INFO ] Frontend -  [FRIEND_SCREEN] action=load_data_identity userId=USER-14A9EACA
2026-04-12 00:53:15.687 [INFO ] Frontend -  [FRIEND_API] action=get_recommendations_start userId=USER-14A9EACA traceId=friend-get-recommendations-1775935395674000
2026-04-12 00:53:15.688 [INFO ] Frontend -  [FRIEND_API] action=get_pending_start traceId=friend-get-pending-1775935395669000
2026-04-12 00:53:15.688 [INFO ] Frontend -  [FRIEND_API] action=get_friends_start userId=USER-14A9EACA traceId=friend-get-friends-1775935395664000
2026-04-12 00:53:15.850 [INFO ] Frontend -  [FRIEND_API] action=get_pending_success count=0 traceId=friend-get-pending-1775935395669000
2026-04-12 00:53:17.126 [INFO ] Frontend -  [FRIEND_API] action=get_friends_success userId=USER-14A9EACA count=1 traceId=friend-get-friends-1775935395664000
2026-04-12 00:53:17.125 [INFO ] Frontend -  [FRIEND_API] action=get_recommendations_success userId=USER-14A9EACA count=0 traceId=friend-get-recommendations-1775935395674000
2026-04-12 00:53:17.157 [INFO ] Frontend -  [FRIEND_SCREEN] action=load_data_success friends=1 pending=0 suggested=0
2026-04-12 00:53:17.396 [INFO ] Frontend -  [FRIEND_SCREEN] action=socket_connected userId=USER-14A9EACA
2026-04-12 00:53:22.543 [INFO ] Frontend -  [FRIEND_SCREEN] action=socket_disconnected userId=USER-14A9EACA
2026-04-12 00:53:52.775 [INFO ] Frontend -  Attempting login for user: asr@gmail.com
2026-04-12 00:53:53.793 [WARN ] Frontend -  This is the second data : {success: true, data: {userId: USER-14A9EACA, token: eyJhbGciOiJIUzI1NiJ9.eyJzdWIiOiJVU0VSLTE0QTlFQUNBIiwicm9sZXMiOiJSSURFUiIsImlhdCI6MTc3NTkzNTQzMywiZXhwIjoxNzc1OTM2MzMzfQ.tNGAgqSB6gz_gbe0epkqC3Coq_doKfKgGtTnEQQrOVs, refreshToken: 9e1e9375-4683-404b-9a9f-50e114f2c351, expiresIn: 900}}
2026-04-12 00:53:53.793 [INFO ] Frontend -  Login successful. Tokens securely stored.
2026-04-12 00:53:54.759 [INFO ] Frontend -  User profile successfully loaded for: amit
2026-04-12 00:53:55.371 [WARN ] Frontend -  Primary geocoder failed (likely missing API key), trying fallback...
2026-04-12 00:53:56.007 [INFO ] Frontend -  User profile successfully loaded for: amit
2026-04-12 00:54:27.574 [WARN ] Frontend -  Primary geocoder failed (likely missing API key), trying fallback...
2026-04-12 00:54:28.305 [INFO ] Frontend -  User profile successfully loaded for: amit
2026-04-12 00:55:22.549 [INFO ] Frontend -  [FRIEND_API] action=get_pending_start traceId=friend-get-pending-1775935522362000
2026-04-12 00:55:23.063 [INFO ] Frontend -  [FRIEND_API] action=get_pending_success count=0 traceId=friend-get-pending-1775935522362000
2026-04-12 00:57:23.405 [INFO ] Frontend -  [FRIEND_SCREEN] action=load_data_start
2026-04-12 00:57:24.514 [INFO ] Frontend -  User profile successfully loaded for: amit
2026-04-12 00:57:24.562 [INFO ] Frontend -  [FRIEND_SCREEN] action=load_data_identity userId=USER-14A9EACA
2026-04-12 00:57:24.607 [INFO ] Frontend -  [FRIEND_API] action=get_friends_start userId=USER-14A9EACA traceId=friend-get-friends-1775935644573000
2026-04-12 00:57:24.715 [INFO ] Frontend -  [FRIEND_API] action=get_recommendations_start userId=USER-14A9EACA traceId=friend-get-recommendations-1775935644586000
2026-04-12 00:57:24.714 [INFO ] Frontend -  [FRIEND_API] action=get_pending_start traceId=friend-get-pending-1775935644581000
2026-04-12 00:57:25.366 [INFO ] Frontend -  [FRIEND_API] action=get_pending_success count=0 traceId=friend-get-pending-1775935644581000
2026-04-12 00:57:26.634 [INFO ] Frontend -  [FRIEND_API] action=get_friends_success userId=USER-14A9EACA count=1 traceId=friend-get-friends-1775935644573000
2026-04-12 00:57:26.640 [INFO ] Frontend -  [FRIEND_API] action=get_recommendations_success userId=USER-14A9EACA count=0 traceId=friend-get-recommendations-1775935644586000
2026-04-12 00:57:26.690 [INFO ] Frontend -  [FRIEND_SCREEN] action=load_data_success friends=1 pending=0 suggested=0
2026-04-12 00:57:26.924 [INFO ] Frontend -  [FRIEND_SCREEN] action=socket_connected userId=USER-14A9EACA
2026-04-12 00:57:46.521 [INFO ] Frontend -  [PUBLIC_PROFILE] action=fetch_relationship target=USER-492444CE
2026-04-12 00:57:46.521 [INFO ] Frontend -  [PUBLIC_PROFILE] action=fetch_friend_count target=USER-492444CE
2026-04-12 00:57:46.521 [INFO ] Frontend -  [PUBLIC_PROFILE] action=fetch_mutual_count target=USER-492444CE
2026-04-12 00:57:46.546 [INFO ] Frontend -  [FRIEND_API] action=get_friends_start userId=USER-492444CE traceId=friend-get-friends-1775935666534000
2026-04-12 00:57:46.549 [INFO ] Frontend -  [FRIEND_API] action=get_relationship_start target=USER-492444CE traceId=friend-get-relationship-1775935666541000
2026-04-12 00:57:46.559 [INFO ] Frontend -  [FRIEND_API] action=get_mutual_count_start target=USER-492444CE traceId=friend-get-mutual-count-1775935666546000
2026-04-12 00:57:47.084 [INFO ] Frontend -  [FRIEND_API] action=get_mutual_count_success target=USER-492444CE count=0 traceId=friend-get-mutual-count-1775935666546000
2026-04-12 00:57:47.084 [INFO ] Frontend -  [FRIEND_API] action=get_friends_success userId=USER-492444CE count=1 traceId=friend-get-friends-1775935666534000
2026-04-12 00:57:47.246 [INFO ] Frontend -  [FRIEND_API] action=get_relationship_success target=USER-492444CE statusValue=friends traceId=friend-get-relationship-1775935666541000
2026-04-12 00:57:54.373 [INFO ] Frontend -  [FRIEND_SCREEN] action=socket_disconnected userId=USER-14A9EACA
2026-04-12 00:59:37.636 [WARN ] Frontend -  Primary geocoder failed (likely missing API key), trying fallback...
2026-04-12 00:59:38.013 [INFO ] Frontend -  User profile successfully loaded for: amit
2026-04-12 00:59:46.607 [INFO ] Frontend -  [FRIEND_SCREEN] action=load_data_start
2026-04-12 00:59:47.093 [INFO ] Frontend -  User profile successfully loaded for: amit
2026-04-12 00:59:47.118 [INFO ] Frontend -  [FRIEND_SCREEN] action=load_data_identity userId=USER-14A9EACA
2026-04-12 00:59:47.159 [INFO ] Frontend -  [FRIEND_API] action=get_recommendations_start userId=USER-14A9EACA traceId=friend-get-recommendations-1775935787135000
2026-04-12 00:59:47.161 [INFO ] Frontend -  [FRIEND_API] action=get_friends_start userId=USER-14A9EACA traceId=friend-get-friends-1775935787127000
2026-04-12 00:59:47.161 [INFO ] Frontend -  [FRIEND_API] action=get_pending_start traceId=friend-get-pending-1775935787130000
2026-04-12 00:59:47.419 [INFO ] Frontend -  [FRIEND_API] action=get_pending_success count=0 traceId=friend-get-pending-1775935787130000
2026-04-12 00:59:47.773 [INFO ] Frontend -  [FRIEND_API] action=get_friends_success userId=USER-14A9EACA count=1 traceId=friend-get-friends-1775935787127000
2026-04-12 00:59:47.795 [INFO ] Frontend -  [FRIEND_API] action=get_recommendations_success userId=USER-14A9EACA count=0 traceId=friend-get-recommendations-1775935787135000
2026-04-12 00:59:47.813 [INFO ] Frontend -  [FRIEND_SCREEN] action=load_data_success friends=1 pending=0 suggested=0
2026-04-12 00:59:47.929 [INFO ] Frontend -  [FRIEND_SCREEN] action=socket_connected userId=USER-14A9EACA
2026-04-12 01:00:59.439 [INFO ] Frontend -  [FRIEND_SCREEN] action=socket_disconnected userId=USER-14A9EACA
2026-04-12 01:01:08.218 [INFO ] Frontend -  [FRIEND_SCREEN] action=load_data_start
2026-04-12 01:01:08.866 [INFO ] Frontend -  User profile successfully loaded for: amit
2026-04-12 01:01:08.884 [INFO ] Frontend -  [FRIEND_SCREEN] action=load_data_identity userId=USER-14A9EACA
2026-04-12 01:01:08.938 [INFO ] Frontend -  [FRIEND_API] action=get_recommendations_start userId=USER-14A9EACA traceId=friend-get-recommendations-1775935868912000
2026-04-12 01:01:08.938 [INFO ] Frontend -  [FRIEND_API] action=get_friends_start userId=USER-14A9EACA traceId=friend-get-friends-1775935868895000
2026-04-12 01:01:08.942 [INFO ] Frontend -  [FRIEND_API] action=get_pending_start traceId=friend-get-pending-1775935868906000
2026-04-12 01:01:09.106 [INFO ] Frontend -  [FRIEND_API] action=get_pending_success count=0 traceId=friend-get-pending-1775935868906000
2026-04-12 01:01:09.580 [INFO ] Frontend -  [FRIEND_API] action=get_friends_success userId=USER-14A9EACA count=1 traceId=friend-get-friends-1775935868895000
2026-04-12 01:01:09.605 [INFO ] Frontend -  [FRIEND_API] action=get_recommendations_success userId=USER-14A9EACA count=0 traceId=friend-get-recommendations-1775935868912000
2026-04-12 01:01:09.639 [INFO ] Frontend -  [FRIEND_SCREEN] action=load_data_success friends=1 pending=0 suggested=0
2026-04-12 01:01:09.887 [INFO ] Frontend -  [FRIEND_SCREEN] action=socket_connected userId=USER-14A9EACA
2026-04-12 01:01:13.463 [INFO ] Frontend -  [FRIEND_SCREEN] action=socket_disconnected userId=USER-14A9EACA
2026-04-12 01:01:20.738 [INFO ] Frontend -  [FRIEND_SCREEN] action=load_data_start
2026-04-12 01:01:21.085 [INFO ] Frontend -  User profile successfully loaded for: amit
2026-04-12 01:01:21.122 [INFO ] Frontend -  [FRIEND_SCREEN] action=load_data_identity userId=USER-14A9EACA
2026-04-12 01:01:21.145 [INFO ] Frontend -  [FRIEND_API] action=get_friends_start userId=USER-14A9EACA traceId=friend-get-friends-1775935881130000
2026-04-12 01:01:21.145 [INFO ] Frontend -  [FRIEND_API] action=get_pending_start traceId=friend-get-pending-1775935881133000
2026-04-12 01:01:21.145 [INFO ] Frontend -  [FRIEND_API] action=get_recommendations_start userId=USER-14A9EACA traceId=friend-get-recommendations-1775935881135000
2026-04-12 01:01:21.361 [INFO ] Frontend -  [FRIEND_API] action=get_pending_success count=0 traceId=friend-get-pending-1775935881133000
2026-04-12 01:01:21.754 [INFO ] Frontend -  [FRIEND_API] action=get_friends_success userId=USER-14A9EACA count=1 traceId=friend-get-friends-1775935881130000
2026-04-12 01:01:21.766 [INFO ] Frontend -  [FRIEND_API] action=get_recommendations_success userId=USER-14A9EACA count=0 traceId=friend-get-recommendations-1775935881135000
2026-04-12 01:01:21.808 [INFO ] Frontend -  [FRIEND_SCREEN] action=load_data_success friends=1 pending=0 suggested=0
2026-04-12 01:01:21.924 [INFO ] Frontend -  [FRIEND_SCREEN] action=socket_connected userId=USER-14A9EACA
2026-04-12 01:01:24.482 [INFO ] Frontend -  [FRIEND_SCREEN] action=socket_disconnected userId=USER-14A9EACA
2026-04-12 01:01:31.858 [INFO ] Frontend -  [FRIEND_SCREEN] action=load_data_start
2026-04-12 01:01:32.310 [INFO ] Frontend -  User profile successfully loaded for: amit
2026-04-12 01:01:32.331 [INFO ] Frontend -  [FRIEND_SCREEN] action=load_data_identity userId=USER-14A9EACA
2026-04-12 01:01:32.357 [INFO ] Frontend -  [FRIEND_API] action=get_recommendations_start userId=USER-14A9EACA traceId=friend-get-recommendations-1775935892343000
2026-04-12 01:01:32.358 [INFO ] Frontend -  [FRIEND_API] action=get_pending_start traceId=friend-get-pending-1775935892340000
2026-04-12 01:01:32.359 [INFO ] Frontend -  [FRIEND_API] action=get_friends_start userId=USER-14A9EACA traceId=friend-get-friends-1775935892337000
2026-04-12 01:01:32.642 [INFO ] Frontend -  [FRIEND_API] action=get_pending_success count=0 traceId=friend-get-pending-1775935892340000
2026-04-12 01:01:32.879 [INFO ] Frontend -  [FRIEND_API] action=get_recommendations_success userId=USER-14A9EACA count=0 traceId=friend-get-recommendations-1775935892343000
2026-04-12 01:01:33.979 [INFO ] Frontend -  [FRIEND_API] action=get_friends_success userId=USER-14A9EACA count=1 traceId=friend-get-friends-1775935892337000
2026-04-12 01:01:34.047 [INFO ] Frontend -  [FRIEND_SCREEN] action=load_data_success friends=1 pending=0 suggested=0
2026-04-12 01:01:34.207 [INFO ] Frontend -  [FRIEND_SCREEN] action=socket_connected userId=USER-14A9EACA
2026-04-12 01:01:36.892 [INFO ] Frontend -  [FRIEND_SCREEN] action=socket_disconnected userId=USER-14A9EACA
2026-04-12 01:01:44.390 [INFO ] Frontend -  [FRIEND_SCREEN] action=load_data_start
2026-04-12 01:01:44.777 [INFO ] Frontend -  User profile successfully loaded for: amit
2026-04-12 01:01:44.800 [INFO ] Frontend -  [FRIEND_SCREEN] action=load_data_identity userId=USER-14A9EACA
2026-04-12 01:01:44.822 [INFO ] Frontend -  [FRIEND_API] action=get_recommendations_start userId=USER-14A9EACA traceId=friend-get-recommendations-1775935904812000
2026-04-12 01:01:44.822 [INFO ] Frontend -  [FRIEND_API] action=get_pending_start traceId=friend-get-pending-1775935904809000
2026-04-12 01:01:44.822 [INFO ] Frontend -  [FRIEND_API] action=get_friends_start userId=USER-14A9EACA traceId=friend-get-friends-1775935904806000
2026-04-12 01:01:44.996 [INFO ] Frontend -  [FRIEND_API] action=get_pending_success count=0 traceId=friend-get-pending-1775935904809000
2026-04-12 01:01:45.167 [INFO ] Frontend -  [FRIEND_API] action=get_friends_success userId=USER-14A9EACA count=1 traceId=friend-get-friends-1775935904806000
2026-04-12 01:01:45.192 [INFO ] Frontend -  [FRIEND_API] action=get_recommendations_success userId=USER-14A9EACA count=0 traceId=friend-get-recommendations-1775935904812000
2026-04-12 01:01:45.243 [INFO ] Frontend -  [FRIEND_SCREEN] action=load_data_success friends=1 pending=0 suggested=0
2026-04-12 01:01:45.407 [INFO ] Frontend -  [FRIEND_SCREEN] action=socket_connected userId=USER-14A9EACA
2026-04-12 01:01:47.367 [WARN ] Frontend -  Primary geocoder failed (likely missing API key), trying fallback...
2026-04-12 01:01:47.554 [INFO ] Frontend -  [FRIEND_SCREEN] action=socket_disconnected userId=USER-14A9EACA
2026-04-12 01:01:47.705 [INFO ] Frontend -  User profile successfully loaded for: amit
2026-04-12 01:01:52.474 [WARN ] Frontend -  Primary geocoder failed (likely missing API key), trying fallback...
2026-04-12 01:01:52.775 [INFO ] Frontend -  User profile successfully loaded for: amit
2026-04-12 01:13:30.327 [INFO ] Frontend -  Attempting login for user: asr@gmail.com
2026-04-12 01:13:33.260 [WARN ] Frontend -  This is the second data : {success: true, data: {userId: USER-14A9EACA, token: eyJhbGciOiJIUzI1NiJ9.eyJzdWIiOiJVU0VSLTE0QTlFQUNBIiwicm9sZXMiOiJSSURFUiIsImlhdCI6MTc3NTkzNjYxMSwiZXhwIjoxNzc1OTM3NTExfQ.rR0nqKeg-rpdibwKMcFmBundGKBfcsa72KxEz6-sd44, refreshToken: dac82bf0-c1cc-4692-b315-4e3b5fed2fdd, expiresIn: 900}}
2026-04-12 01:13:33.259 [INFO ] Frontend -  Login successful. Tokens securely stored.
2026-04-12 01:13:34.728 [INFO ] Frontend -  User profile successfully loaded for: amit
2026-04-12 01:13:35.925 [WARN ] Frontend -  Primary geocoder failed (likely missing API key), trying fallback...
2026-04-12 01:13:36.926 [INFO ] Frontend -  User profile successfully loaded for: amit
2026-04-12 01:14:19.397 [INFO ] Frontend -  [FRIEND_SCREEN] action=load_data_start
2026-04-12 01:14:19.757 [INFO ] Frontend -  User profile successfully loaded for: amit
2026-04-12 01:14:19.774 [INFO ] Frontend -  [FRIEND_SCREEN] action=load_data_identity userId=USER-14A9EACA
2026-04-12 01:14:19.817 [INFO ] Frontend -  [FRIEND_API] action=get_friends_start userId=USER-14A9EACA traceId=friend-get-friends-1775936659782000
2026-04-12 01:14:19.817 [INFO ] Frontend -  [FRIEND_API] action=get_pending_start traceId=friend-get-pending-1775936659786000
2026-04-12 01:14:19.818 [INFO ] Frontend -  [FRIEND_API] action=get_recommendations_start userId=USER-14A9EACA traceId=friend-get-recommendations-1775936659789000
2026-04-12 01:14:21.146 [INFO ] Frontend -  [FRIEND_API] action=get_pending_success count=0 traceId=friend-get-pending-1775936659786000
2026-04-12 01:14:24.392 [INFO ] Frontend -  [FRIEND_API] action=get_friends_success userId=USER-14A9EACA count=1 traceId=friend-get-friends-1775936659782000
2026-04-12 01:14:24.786 [INFO ] Frontend -  [FRIEND_API] action=get_recommendations_success userId=USER-14A9EACA count=0 traceId=friend-get-recommendations-1775936659789000
2026-04-12 01:14:24.827 [INFO ] Frontend -  [FRIEND_SCREEN] action=load_data_success friends=0 pending=0 suggested=0
2026-04-12 01:14:25.119 [INFO ] Frontend -  [FRIEND_SCREEN] action=socket_connected userId=USER-14A9EACA
2026-04-12 01:14:40.739 [WARN ] Frontend -  Primary geocoder failed (likely missing API key), trying fallback...
2026-04-12 01:14:41.177 [INFO ] Frontend -  User profile successfully loaded for: amit
2026-04-12 01:14:46.701 [INFO ] Frontend -  [FRIEND_SCREEN] action=load_data_start
2026-04-12 01:14:47.011 [INFO ] Frontend -  User profile successfully loaded for: amit
2026-04-12 01:14:47.040 [INFO ] Frontend -  [FRIEND_SCREEN] action=load_data_identity userId=USER-14A9EACA
2026-04-12 01:14:47.088 [INFO ] Frontend -  [FRIEND_API] action=get_recommendations_start userId=USER-14A9EACA traceId=friend-get-recommendations-1775936687059000
2026-04-12 01:14:47.089 [INFO ] Frontend -  [FRIEND_API] action=get_friends_start userId=USER-14A9EACA traceId=friend-get-friends-1775936687053000
2026-04-12 01:14:47.089 [INFO ] Frontend -  [FRIEND_API] action=get_pending_start traceId=friend-get-pending-1775936687056000
2026-04-12 01:14:47.199 [INFO ] Frontend -  [FRIEND_API] action=get_pending_success count=0 traceId=friend-get-pending-1775936687056000
2026-04-12 01:14:47.646 [INFO ] Frontend -  [FRIEND_API] action=get_friends_success userId=USER-14A9EACA count=1 traceId=friend-get-friends-1775936687053000
2026-04-12 01:14:47.673 [INFO ] Frontend -  [FRIEND_API] action=get_recommendations_success userId=USER-14A9EACA count=0 traceId=friend-get-recommendations-1775936687059000
2026-04-12 01:14:47.692 [INFO ] Frontend -  [FRIEND_SCREEN] action=load_data_success friends=1 pending=0 suggested=0
2026-04-12 01:14:47.828 [INFO ] Frontend -  [FRIEND_SCREEN] action=socket_connected userId=USER-14A9EACA
2026-04-12 01:14:50.026 [INFO ] Frontend -  [FRIEND_SCREEN] action=socket_disconnected userId=USER-14A9EACA
2026-04-12 01:14:55.991 [INFO ] Frontend -  [FRIEND_SCREEN] action=load_data_start
2026-04-12 01:14:56.479 [INFO ] Frontend -  User profile successfully loaded for: amit
2026-04-12 01:14:56.497 [INFO ] Frontend -  [FRIEND_SCREEN] action=load_data_identity userId=USER-14A9EACA
2026-04-12 01:14:56.525 [INFO ] Frontend -  [FRIEND_API] action=get_friends_start userId=USER-14A9EACA traceId=friend-get-friends-1775936696501000
2026-04-12 01:14:56.527 [INFO ] Frontend -  [FRIEND_API] action=get_recommendations_start userId=USER-14A9EACA traceId=friend-get-recommendations-1775936696508000
2026-04-12 01:14:56.527 [INFO ] Frontend -  [FRIEND_API] action=get_pending_start traceId=friend-get-pending-1775936696505000
2026-04-12 01:14:56.649 [INFO ] Frontend -  [FRIEND_API] action=get_pending_success count=0 traceId=friend-get-pending-1775936696505000
2026-04-12 01:14:56.854 [INFO ] Frontend -  [FRIEND_API] action=get_friends_success userId=USER-14A9EACA count=1 traceId=friend-get-friends-1775936696501000
2026-04-12 01:14:56.854 [INFO ] Frontend -  [FRIEND_API] action=get_recommendations_success userId=USER-14A9EACA count=0 traceId=friend-get-recommendations-1775936696508000
2026-04-12 01:14:56.911 [INFO ] Frontend -  [FRIEND_SCREEN] action=load_data_success friends=1 pending=0 suggested=0
2026-04-12 01:15:15.724 [WARN ] Frontend -  Primary geocoder failed (likely missing API key), trying fallback...
2026-04-12 01:15:16.141 [INFO ] Frontend -  User profile successfully loaded for: amit
2026-04-12 01:15:39.728 [INFO ] Frontend -  [FRIEND_SCREEN] action=load_data_start
2026-04-12 01:15:40.114 [INFO ] Frontend -  User profile successfully loaded for: amit
2026-04-12 01:15:40.144 [INFO ] Frontend -  [FRIEND_SCREEN] action=load_data_identity userId=USER-14A9EACA
2026-04-12 01:15:40.189 [INFO ] Frontend -  [FRIEND_API] action=get_recommendations_start userId=USER-14A9EACA traceId=friend-get-recommendations-1775936740165000
2026-04-12 01:15:40.189 [INFO ] Frontend -  [FRIEND_API] action=get_friends_start userId=USER-14A9EACA traceId=friend-get-friends-1775936740159000
2026-04-12 01:15:40.189 [INFO ] Frontend -  [FRIEND_API] action=get_pending_start traceId=friend-get-pending-1775936740162000
2026-04-12 01:15:40.378 [INFO ] Frontend -  [FRIEND_API] action=get_pending_success count=0 traceId=friend-get-pending-1775936740162000
2026-04-12 01:15:40.662 [INFO ] Frontend -  [FRIEND_API] action=get_friends_success userId=USER-14A9EACA count=1 traceId=friend-get-friends-1775936740159000
2026-04-12 01:15:40.678 [INFO ] Frontend -  [FRIEND_API] action=get_recommendations_success userId=USER-14A9EACA count=0 traceId=friend-get-recommendations-1775936740165000
2026-04-12 01:15:40.706 [INFO ] Frontend -  [FRIEND_SCREEN] action=load_data_success friends=1 pending=0 suggested=0
2026-04-12 01:15:40.835 [INFO ] Frontend -  [FRIEND_SCREEN] action=socket_connected userId=USER-14A9EACA
2026-04-12 01:15:44.251 [INFO ] Frontend -  [FRIEND_SCREEN] action=socket_disconnected userId=USER-14A9EACA
2026-04-12 01:15:55.341 [WARN ] Frontend -  Primary geocoder failed (likely missing API key), trying fallback...
2026-04-12 01:15:55.567 [INFO ] Frontend -  User profile successfully loaded for: amit
2026-04-12 01:15:56.236 [INFO ] Frontend -  [FRIEND_SCREEN] action=load_data_start
2026-04-12 01:15:56.664 [INFO ] Frontend -  User profile successfully loaded for: amit
2026-04-12 01:15:56.717 [INFO ] Frontend -  [FRIEND_SCREEN] action=load_data_identity userId=USER-14A9EACA
2026-04-12 01:15:56.793 [INFO ] Frontend -  [FRIEND_API] action=get_friends_start userId=USER-14A9EACA traceId=friend-get-friends-1775936756736000
2026-04-12 01:15:56.793 [INFO ] Frontend -  [FRIEND_API] action=get_pending_start traceId=friend-get-pending-1775936756739000
2026-04-12 01:15:56.797 [INFO ] Frontend -  [FRIEND_API] action=get_recommendations_start userId=USER-14A9EACA traceId=friend-get-recommendations-1775936756742000
2026-04-12 01:15:56.966 [INFO ] Frontend -  [FRIEND_API] action=get_pending_success count=0 traceId=friend-get-pending-1775936756739000
2026-04-12 01:15:57.217 [INFO ] Frontend -  [FRIEND_API] action=get_friends_success userId=USER-14A9EACA count=1 traceId=friend-get-friends-1775936756736000
2026-04-12 01:15:57.231 [INFO ] Frontend -  [FRIEND_API] action=get_recommendations_success userId=USER-14A9EACA count=0 traceId=friend-get-recommendations-1775936756742000
2026-04-12 01:15:57.280 [INFO ] Frontend -  [FRIEND_SCREEN] action=load_data_success friends=1 pending=0 suggested=0
2026-04-12 01:15:57.511 [WARN ] Frontend -  Primary geocoder failed (likely missing API key), trying fallback...
2026-04-12 01:15:57.524 [INFO ] Frontend -  [FRIEND_SCREEN] action=socket_connected userId=USER-14A9EACA
2026-04-12 01:15:57.646 [INFO ] Frontend -  User profile successfully loaded for: amit
2026-04-12 01:15:57.648 [INFO ] Frontend -  [FRIEND_SCREEN] action=socket_disconnected userId=USER-14A9EACA
2026-04-12 01:16:01.277 [INFO ] Frontend -  [FRIEND_SCREEN] action=load_data_start
2026-04-12 01:16:01.491 [INFO ] Frontend -  User profile successfully loaded for: amit
2026-04-12 01:16:01.512 [INFO ] Frontend -  [FRIEND_SCREEN] action=load_data_identity userId=USER-14A9EACA
2026-04-12 01:16:01.533 [INFO ] Frontend -  [FRIEND_API] action=get_friends_start userId=USER-14A9EACA traceId=friend-get-friends-1775936761520000
2026-04-12 01:16:01.534 [INFO ] Frontend -  [FRIEND_API] action=get_recommendations_start userId=USER-14A9EACA traceId=friend-get-recommendations-1775936761526000
2026-04-12 01:16:01.533 [INFO ] Frontend -  [FRIEND_API] action=get_pending_start traceId=friend-get-pending-1775936761524000
2026-04-12 01:16:01.598 [INFO ] Frontend -  [FRIEND_API] action=get_pending_success count=0 traceId=friend-get-pending-1775936761524000
2026-04-12 01:16:01.973 [INFO ] Frontend -  [FRIEND_API] action=get_friends_success userId=USER-14A9EACA count=1 traceId=friend-get-friends-1775936761520000
2026-04-12 01:16:01.976 [INFO ] Frontend -  [FRIEND_API] action=get_recommendations_success userId=USER-14A9EACA count=0 traceId=friend-get-recommendations-1775936761526000
2026-04-12 01:16:02.005 [INFO ] Frontend -  [FRIEND_SCREEN] action=load_data_success friends=1 pending=0 suggested=0
2026-04-12 01:16:02.157 [INFO ] Frontend -  [FRIEND_SCREEN] action=socket_connected userId=USER-14A9EACA
2026-04-12 01:16:03.208 [INFO ] Frontend -  [FRIEND_SCREEN] action=socket_disconnected userId=USER-14A9EACA
2026-04-12 01:16:06.511 [WARN ] Frontend -  Primary geocoder failed (likely missing API key), trying fallback...
2026-04-12 01:16:06.769 [INFO ] Frontend -  User profile successfully loaded for: amit
2026-04-12 01:23:28.170 [INFO ] Frontend -  User profile successfully loaded for: amit
2026-04-12 01:23:28.232 [INFO ] Frontend -  [FRIEND_API] action=get_friends_start userId=USER-14A9EACA traceId=friend-get-friends-1775937208186000
2026-04-12 01:23:29.315 [INFO ] Frontend -  [FRIEND_API] action=get_friends_success userId=USER-14A9EACA count=1 traceId=friend-get-friends-1775937208186000
2026-04-12 01:24:27.612 [WARN ] Frontend -  Primary geocoder failed (likely missing API key), trying fallback...
2026-04-12 01:24:28.718 [INFO ] Frontend -  User profile successfully loaded for: amit
2026-04-12 01:24:31.518 [WARN ] Frontend -  Primary geocoder failed (likely missing API key), trying fallback...
2026-04-12 01:24:31.906 [INFO ] Frontend -  User profile successfully loaded for: amit
2026-04-12 01:28:51.995 [INFO ] Frontend -  Initiating token refresh flow over ApiService due to 401 Unauthorized
2026-04-12 01:28:51.995 [INFO ] Frontend -  Attempting to refresh access token...
2026-04-12 01:28:53.128 [INFO ] Frontend -  Successfully received new tokens. Storing to secure storage.
2026-04-12 01:28:53.128 [INFO ] Frontend -  Token refreshed globally, retrying the failed 401 request
2026-04-12 01:28:53.476 [INFO ] Frontend -  User profile successfully loaded for: amit
2026-04-12 01:28:53.502 [INFO ] Frontend -  [FRIEND_API] action=get_friends_start userId=USER-14A9EACA traceId=friend-get-friends-1775937533488000
2026-04-12 01:28:54.756 [INFO ] Frontend -  [FRIEND_API] action=get_friends_success userId=USER-14A9EACA count=1 traceId=friend-get-friends-1775937533488000
2026-04-12 02:12:32.506 [INFO ] Frontend -  Attempting login for user: asr@gmail.com
2026-04-12 02:12:34.067 [INFO ] Frontend -  Login successful. Tokens securely stored.
2026-04-12 02:12:34.067 [WARN ] Frontend -  This is the second data : {success: true, data: {userId: USER-14A9EACA, token: eyJhbGciOiJIUzI1NiJ9.eyJzdWIiOiJVU0VSLTE0QTlFQUNBIiwicm9sZXMiOiJSSURFUiIsImlhdCI6MTc3NTk0MDE1MywiZXhwIjoxNzc1OTQxMDUzfQ.3OFj38fthVAa6ObchEwb6RjPXr5yez_F9psU3zRzIWI, refreshToken: 33dfc1d5-dc65-4519-9582-313bb4417232, expiresIn: 900}}
2026-04-12 02:12:34.884 [INFO ] Frontend -  User profile successfully loaded for: amit
2026-04-12 02:12:35.746 [WARN ] Frontend -  Primary geocoder failed (likely missing API key), trying fallback...
2026-04-12 02:12:36.052 [INFO ] Frontend -  User profile successfully loaded for: amit
2026-04-12 02:18:02.862 [INFO ] Frontend -  Attempting login for user: asr@gmail.com
2026-04-12 02:18:03.821 [INFO ] Frontend -  Login successful. Tokens securely stored.
2026-04-12 02:18:03.821 [WARN ] Frontend -  This is the second data : {success: true, data: {userId: USER-14A9EACA, token: eyJhbGciOiJIUzI1NiJ9.eyJzdWIiOiJVU0VSLTE0QTlFQUNBIiwicm9sZXMiOiJSSURFUiIsImlhdCI6MTc3NTk0MDQ4MywiZXhwIjoxNzc1OTQxMzgzfQ.WkcCQoJq7Rb6T6R3ENCP13IfX-Y7S4A3CYAu58yhjfo, refreshToken: 78fe08f9-c978-44c1-b478-3514a83fcc5b, expiresIn: 900}}
2026-04-12 02:18:04.403 [INFO ] Frontend -  User profile successfully loaded for: amit
2026-04-12 02:18:05.233 [WARN ] Frontend -  Primary geocoder failed (likely missing API key), trying fallback...
2026-04-12 02:18:05.278 [INFO ] Frontend -  User profile successfully loaded for: amit
2026-04-12 02:18:13.535 [INFO ] Frontend -  [FRIEND_SCREEN] action=load_data_start
2026-04-12 02:18:14.291 [INFO ] Frontend -  User profile successfully loaded for: amit
2026-04-12 02:18:14.316 [INFO ] Frontend -  [FRIEND_SCREEN] action=load_data_identity userId=USER-14A9EACA
2026-04-12 02:18:14.342 [INFO ] Frontend -  [FRIEND_API] action=get_friends_start userId=USER-14A9EACA traceId=friend-get-friends-1775940494326000
2026-04-12 02:18:14.342 [INFO ] Frontend -  [FRIEND_API] action=get_pending_start traceId=friend-get-pending-1775940494331000
2026-04-12 02:18:14.344 [INFO ] Frontend -  [FRIEND_API] action=get_recommendations_start userId=USER-14A9EACA traceId=friend-get-recommendations-1775940494334000
2026-04-12 02:18:14.985 [INFO ] Frontend -  [FRIEND_API] action=get_pending_success count=0 traceId=friend-get-pending-1775940494331000
2026-04-12 02:18:16.392 [INFO ] Frontend -  [FRIEND_API] action=get_recommendations_success userId=USER-14A9EACA count=0 traceId=friend-get-recommendations-1775940494334000
2026-04-12 02:18:16.392 [INFO ] Frontend -  [FRIEND_API] action=get_friends_success userId=USER-14A9EACA count=1 traceId=friend-get-friends-1775940494326000
2026-04-12 02:18:16.405 [INFO ] Frontend -  [FRIEND_SCREEN] action=load_data_success friends=0 pending=0 suggested=0
2026-04-12 02:18:16.462 [INFO ] Frontend -  [FRIEND_SCREEN] action=socket_connected userId=USER-14A9EACA
2026-04-12 02:18:23.004 [INFO ] Frontend -  Initiating secure logout...
2026-04-12 02:18:23.585 [INFO ] Frontend -  Clearing local secure storage tokens
2026-04-12 02:18:38.167 [INFO ] Frontend -  Attempting login for user: asr@gmail.com
2026-04-12 02:18:39.094 [INFO ] Frontend -  Login successful. Tokens securely stored.
2026-04-12 02:18:39.114 [WARN ] Frontend -  This is the second data : {success: true, data: {userId: USER-14A9EACA, token: eyJhbGciOiJIUzI1NiJ9.eyJzdWIiOiJVU0VSLTE0QTlFQUNBIiwicm9sZXMiOiJSSURFUiIsImlhdCI6MTc3NTk0MDUxOCwiZXhwIjoxNzc1OTQxNDE4fQ.TPS5oKh9ko7JUNR-RsnJ0dCCY_1-Z0YJ6-4WLGwh780, refreshToken: 01396ba8-c441-4e7d-8c65-5a7f03e6e97d, expiresIn: 900}}
2026-04-12 02:18:39.457 [INFO ] Frontend -  User profile successfully loaded for: amit
2026-04-12 02:18:39.960 [WARN ] Frontend -  Primary geocoder failed (likely missing API key), trying fallback...
2026-04-12 02:18:40.390 [INFO ] Frontend -  User profile successfully loaded for: amit
2026-04-12 02:18:58.561 [INFO ] Frontend -  [FRIEND_SCREEN] action=load_data_start
2026-04-12 02:18:58.866 [INFO ] Frontend -  User profile successfully loaded for: amit
2026-04-12 02:18:58.893 [INFO ] Frontend -  [FRIEND_SCREEN] action=load_data_identity userId=USER-14A9EACA
2026-04-12 02:18:58.922 [INFO ] Frontend -  [FRIEND_API] action=get_recommendations_start userId=USER-14A9EACA traceId=friend-get-recommendations-1775940538910000
2026-04-12 02:18:58.922 [INFO ] Frontend -  [FRIEND_API] action=get_pending_start traceId=friend-get-pending-1775940538907000
2026-04-12 02:18:58.922 [INFO ] Frontend -  [FRIEND_API] action=get_friends_start userId=USER-14A9EACA traceId=friend-get-friends-1775940538904000
2026-04-12 02:18:59.110 [INFO ] Frontend -  [FRIEND_API] action=get_pending_success count=0 traceId=friend-get-pending-1775940538907000
2026-04-12 02:18:59.530 [INFO ] Frontend -  [FRIEND_API] action=get_friends_success userId=USER-14A9EACA count=1 traceId=friend-get-friends-1775940538904000
2026-04-12 02:18:59.530 [INFO ] Frontend -  [FRIEND_API] action=get_recommendations_success userId=USER-14A9EACA count=0 traceId=friend-get-recommendations-1775940538910000
2026-04-12 02:18:59.549 [INFO ] Frontend -  [FRIEND_SCREEN] action=load_data_success friends=1 pending=0 suggested=0
2026-04-12 02:18:59.748 [INFO ] Frontend -  [FRIEND_SCREEN] action=socket_connected userId=USER-14A9EACA
2026-04-12 02:19:01.973 [INFO ] Frontend -  [PUBLIC_PROFILE] action=fetch_mutual_count target=USER-492444CE
2026-04-12 02:19:01.973 [INFO ] Frontend -  [PUBLIC_PROFILE] action=fetch_relationship target=USER-492444CE
2026-04-12 02:19:01.973 [INFO ] Frontend -  [PUBLIC_PROFILE] action=fetch_friend_count target=USER-492444CE
2026-04-12 02:19:02.048 [INFO ] Frontend -  [FRIEND_API] action=get_relationship_start target=USER-492444CE traceId=friend-get-relationship-1775940542037000
2026-04-12 02:19:02.052 [INFO ] Frontend -  [FRIEND_API] action=get_mutual_count_start target=USER-492444CE traceId=friend-get-mutual-count-1775940542032000
2026-04-12 02:19:02.060 [INFO ] Frontend -  [FRIEND_API] action=get_friends_start userId=USER-492444CE traceId=friend-get-friends-1775940542049000
2026-04-12 02:19:02.373 [INFO ] Frontend -  [FRIEND_API] action=get_relationship_success target=USER-492444CE statusValue=friends traceId=friend-get-relationship-1775940542037000
2026-04-12 02:19:02.455 [INFO ] Frontend -  [FRIEND_API] action=get_mutual_count_success target=USER-492444CE count=0 traceId=friend-get-mutual-count-1775940542032000
2026-04-12 02:19:02.579 [INFO ] Frontend -  [FRIEND_API] action=get_friends_success userId=USER-492444CE count=1 traceId=friend-get-friends-1775940542049000
2026-04-12 02:19:06.611 [WARN ] Frontend -  Primary geocoder failed (likely missing API key), trying fallback...
2026-04-12 02:19:06.732 [INFO ] Frontend -  [FRIEND_SCREEN] action=socket_disconnected userId=USER-14A9EACA
2026-04-12 02:19:06.824 [INFO ] Frontend -  User profile successfully loaded for: amit
2026-04-12 02:19:20.143 [WARN ] Frontend -  Primary geocoder failed (likely missing API key), trying fallback...
2026-04-12 02:19:20.586 [INFO ] Frontend -  User profile successfully loaded for: amit
2026-04-12 02:25:17.755 [INFO ] Frontend -  Attempting login for user: asr@gmail.com
2026-04-12 02:25:18.881 [INFO ] Frontend -  Login successful. Tokens securely stored.
2026-04-12 02:25:18.881 [WARN ] Frontend -  This is the second data : {success: true, data: {userId: USER-14A9EACA, token: eyJhbGciOiJIUzI1NiJ9.eyJzdWIiOiJVU0VSLTE0QTlFQUNBIiwicm9sZXMiOiJSSURFUiIsImlhdCI6MTc3NTk0MDkxOCwiZXhwIjoxNzc1OTQxODE4fQ.-xCQ2lu9cgJyF9myc8dl4q5ffvvwvDpq4FLJ0hrARMA, refreshToken: 8becb312-3461-448b-9e4e-4c432e0483db, expiresIn: 900}}
2026-04-12 02:25:19.406 [INFO ] Frontend -  User profile successfully loaded for: amit
2026-04-12 02:25:20.241 [WARN ] Frontend -  Primary geocoder failed (likely missing API key), trying fallback...
2026-04-12 02:25:20.403 [INFO ] Frontend -  User profile successfully loaded for: amit
2026-04-12 02:49:49.604 [INFO ] Frontend -  Attempting login for user: asr@gmail.com
2026-04-12 02:49:51.405 [WARN ] Frontend -  This is the second data : {success: true, data: {userId: USER-14A9EACA, token: eyJhbGciOiJIUzI1NiJ9.eyJzdWIiOiJVU0VSLTE0QTlFQUNBIiwicm9sZXMiOiJSSURFUiIsImlhdCI6MTc3NTk0MjM5MCwiZXhwIjoxNzc1OTQzMjkwfQ.cS82wWJU4254GDlJhJy1AJuYM3p-wyiPzVc40yOFsFo, refreshToken: 198b26df-b3f0-4c57-8179-40d35ab1397d, expiresIn: 900}}
2026-04-12 02:49:51.405 [INFO ] Frontend -  Login successful. Tokens securely stored.
2026-04-12 02:49:52.006 [INFO ] Frontend -  User profile successfully loaded for: amit
2026-04-12 02:49:52.448 [WARN ] Frontend -  Primary geocoder failed (likely missing API key), trying fallback...
2026-04-12 02:49:52.663 [INFO ] Frontend -  User profile successfully loaded for: amit
2026-04-12 02:50:12.638 [INFO ] Frontend -  [FRIEND_SCREEN] action=load_data_start
2026-04-12 02:50:12.908 [INFO ] Frontend -  User profile successfully loaded for: amit
2026-04-12 02:50:12.939 [INFO ] Frontend -  [FRIEND_SCREEN] action=load_data_identity userId=USER-14A9EACA
2026-04-12 02:50:12.981 [INFO ] Frontend -  [FRIEND_API] action=get_pending_start traceId=friend-get-pending-1775942412955000
2026-04-12 02:50:12.981 [INFO ] Frontend -  [FRIEND_API] action=get_friends_start userId=USER-14A9EACA traceId=friend-get-friends-1775942412946000
2026-04-12 02:50:12.982 [INFO ] Frontend -  [FRIEND_API] action=get_recommendations_start userId=USER-14A9EACA traceId=friend-get-recommendations-1775942412958000
2026-04-12 02:50:13.900 [INFO ] Frontend -  [FRIEND_API] action=get_pending_success count=0 traceId=friend-get-pending-1775942412955000
2026-04-12 02:50:16.394 [INFO ] Frontend -  [FRIEND_API] action=get_friends_success userId=USER-14A9EACA count=1 traceId=friend-get-friends-1775942412946000
2026-04-12 02:50:16.404 [INFO ] Frontend -  [FRIEND_API] action=get_recommendations_success userId=USER-14A9EACA count=0 traceId=friend-get-recommendations-1775942412958000
2026-04-12 02:50:16.438 [INFO ] Frontend -  [FRIEND_SCREEN] action=load_data_success friends=0 pending=0 suggested=0
2026-04-12 02:50:16.586 [INFO ] Frontend -  [FRIEND_SCREEN] action=socket_connected userId=USER-14A9EACA
2026-04-12 02:50:24.691 [WARN ] Frontend -  Primary geocoder failed (likely missing API key), trying fallback...
2026-04-12 02:50:25.310 [INFO ] Frontend -  User profile successfully loaded for: amit
2026-04-12 14:28:50.875 [INFO ] Frontend -  Attempting login for user: asr@gmail.com
2026-04-12 14:28:54.693 [INFO ] Frontend -  Login successful. Tokens securely stored.
2026-04-12 14:28:54.693 [WARN ] Frontend -  This is the second data : {success: true, data: {userId: USER-14A9EACA, token: eyJhbGciOiJIUzI1NiJ9.eyJzdWIiOiJVU0VSLTE0QTlFQUNBIiwicm9sZXMiOiJSSURFUiIsImlhdCI6MTc3NTk4NDMzMiwiZXhwIjoxNzc1OTg1MjMyfQ.USevxMtFzvaumq6wf3KuwYUoSSVzoN5Ev-mUf2XWHEQ, refreshToken: dfd293b2-6df3-40f7-add9-773d6a9bac78, expiresIn: 900}}
2026-04-12 14:28:59.726 [INFO ] Frontend -  User profile successfully loaded for: amit
2026-04-12 14:29:00.514 [WARN ] Frontend -  Primary geocoder failed (likely missing API key), trying fallback...
2026-04-12 14:29:01.017 [INFO ] Frontend -  User profile successfully loaded for: amit
2026-04-12 14:29:32.549 [WARN ] Frontend -  Primary geocoder failed (likely missing API key), trying fallback...
2026-04-12 14:29:33.349 [INFO ] Frontend -  User profile successfully loaded for: amit
2026-04-12 14:53:06.804 [INFO ] Frontend -  Attempting login for user: asr@gmail.com
2026-04-12 14:53:09.356 [WARN ] Frontend -  This is the second data : {success: true, data: {userId: USER-14A9EACA, token: eyJhbGciOiJIUzI1NiJ9.eyJzdWIiOiJVU0VSLTE0QTlFQUNBIiwicm9sZXMiOiJSSURFUiIsImlhdCI6MTc3NTk4NTc4OCwiZXhwIjoxNzc1OTg2Njg4fQ.dhJNclmTFDDNJ8278u4CrCFpYk5RsjVXDcssmfsYGiU, refreshToken: 63f8e53e-1d0c-40c9-b3c5-0707c4d83b2e, expiresIn: 900}}
2026-04-12 14:53:09.356 [INFO ] Frontend -  Login successful. Tokens securely stored.
2026-04-12 14:53:10.162 [INFO ] Frontend -  User profile successfully loaded for: amit
2026-04-12 14:53:10.889 [WARN ] Frontend -  Primary geocoder failed (likely missing API key), trying fallback...
2026-04-12 14:53:11.653 [INFO ] Frontend -  User profile successfully loaded for: amit
2026-04-12 14:53:36.141 [INFO ] Frontend -  User profile successfully loaded for: amit
2026-04-12 14:53:36.172 [INFO ] Frontend -  [FRIEND_API] action=get_friends_start userId=USER-14A9EACA traceId=friend-get-friends-1775985816155000
2026-04-12 14:54:00.175 [INFO ] Frontend -  [FRIEND_API] action=get_friends_success userId=USER-14A9EACA count=1 traceId=friend-get-friends-1775985816155000
2026-04-12 14:59:24.738 [WARN ] Frontend -  Primary geocoder failed (likely missing API key), trying fallback...
2026-04-12 14:59:25.768 [INFO ] Frontend -  User profile successfully loaded for: amit
2026-04-12 15:04:55.341 [WARN ] Frontend -  Primary geocoder failed (likely missing API key), trying fallback...
2026-04-12 15:04:56.826 [INFO ] Frontend -  User profile successfully loaded for: amit
2026-04-12 15:11:04.489 [WARN ] Frontend -  Primary geocoder failed (likely missing API key), trying fallback...
2026-04-12 15:11:07.341 [WARN ] Frontend -  Failed to fetch notifications: 401 {"status":401,"message":"Token expired"}
2026-04-12 15:11:07.339 [INFO ] Frontend -  Initiating token refresh flow over ApiService due to 401 Unauthorized
2026-04-12 15:11:07.341 [INFO ] Frontend -  Attempting to refresh access token...
2026-04-12 15:11:08.906 [INFO ] Frontend -  Successfully received new tokens. Storing to secure storage.
2026-04-12 15:11:08.921 [INFO ] Frontend -  Token refreshed globally, retrying the failed 401 request
2026-04-12 15:11:09.279 [INFO ] Frontend -  User profile successfully loaded for: amit
2026-04-12 15:23:17.077 [WARN ] Frontend -  Primary geocoder failed (likely missing API key), trying fallback...
2026-04-12 15:23:17.075 [WARN ] Frontend -  Failed to fetch notifications: 401 {"status":401,"message":"Token expired"}
2026-04-12 15:23:19.192 [INFO ] Frontend -  User profile successfully loaded for: amit
2026-04-12 15:34:28.116 [WARN ] Frontend -  Primary geocoder failed (likely missing API key), trying fallback...
2026-04-12 15:34:28.176 [INFO ] Frontend -  Attempting to refresh access token...
2026-04-12 15:34:28.191 [INFO ] Frontend -  Initiating token refresh flow over ApiService due to 401 Unauthorized
2026-04-12 15:34:28.268 [WARN ] Frontend -  Failed to fetch notifications: 401 {"status":401,"message":"Token expired"}
2026-04-12 15:34:29.139 [INFO ] Frontend -  Successfully received new tokens. Storing to secure storage.
2026-04-12 15:34:29.139 [INFO ] Frontend -  Token refreshed globally, retrying the failed 401 request
2026-04-12 15:34:29.685 [INFO ] Frontend -  User profile successfully loaded for: amit
2026-04-12 15:40:03.759 [WARN ] Frontend -  Primary geocoder failed (likely missing API key), trying fallback...
2026-04-12 15:40:03.902 [WARN ] Frontend -  Failed to fetch notifications: 401 {"status":401,"message":"Token expired"}
2026-04-12 15:40:04.594 [INFO ] Frontend -  User profile successfully loaded for: amit
2026-04-12 15:40:28.796 [INFO ] Frontend -  User profile successfully loaded for: amit
2026-04-12 15:40:51.371 [INFO ] Frontend -  Attempting login for user: asr@gmail.com
2026-04-12 15:40:52.121 [WARN ] Frontend -  This is the second data : {success: true, data: {userId: USER-14A9EACA, token: eyJhbGciOiJIUzI1NiJ9.eyJzdWIiOiJVU0VSLTE0QTlFQUNBIiwicm9sZXMiOiJSSURFUiIsImlhdCI6MTc3NTk4ODY1MSwiZXhwIjoxNzc1OTg5NTUxfQ._Q8Ad68vRtquWj1Qqkz2hM3RZr1DOYrPUzFUMBGDnto, refreshToken: 8c9fc0c8-de58-4985-b63f-09f42e9206cd, expiresIn: 900}}
2026-04-12 15:40:52.121 [INFO ] Frontend -  Login successful. Tokens securely stored.
2026-04-12 15:40:52.635 [INFO ] Frontend -  User profile successfully loaded for: amit
2026-04-12 15:40:53.319 [WARN ] Frontend -  Primary geocoder failed (likely missing API key), trying fallback...
2026-04-12 15:40:53.909 [INFO ] Frontend -  User profile successfully loaded for: amit
2026-04-12 15:41:57.264 [INFO ] Frontend -  [FRIEND_SCREEN] action=load_data_start
2026-04-12 15:41:57.734 [INFO ] Frontend -  User profile successfully loaded for: amit
2026-04-12 15:41:57.753 [INFO ] Frontend -  [FRIEND_SCREEN] action=load_data_identity userId=USER-14A9EACA
2026-04-12 15:41:57.782 [INFO ] Frontend -  [FRIEND_API] action=get_friends_start userId=USER-14A9EACA traceId=friend-get-friends-1775988717761000
2026-04-12 15:41:57.782 [INFO ] Frontend -  [FRIEND_API] action=get_pending_start traceId=friend-get-pending-1775988717766000
2026-04-12 15:41:57.782 [INFO ] Frontend -  [FRIEND_API] action=get_recommendations_start userId=USER-14A9EACA traceId=friend-get-recommendations-1775988717770000
2026-04-12 15:41:58.128 [INFO ] Frontend -  [FRIEND_API] action=get_pending_success count=0 traceId=friend-get-pending-1775988717766000
2026-04-12 15:41:59.596 [INFO ] Frontend -  [FRIEND_API] action=get_friends_success userId=USER-14A9EACA count=1 traceId=friend-get-friends-1775988717761000
2026-04-12 15:42:02.912 [INFO ] Frontend -  [FRIEND_API] action=get_recommendations_success userId=USER-14A9EACA count=0 traceId=friend-get-recommendations-1775988717770000
2026-04-12 15:42:02.948 [INFO ] Frontend -  [FRIEND_SCREEN] action=load_data_success friends=1 pending=0 suggested=0
2026-04-12 15:42:03.097 [INFO ] Frontend -  [FRIEND_SCREEN] action=socket_connected userId=USER-14A9EACA
2026-04-12 15:42:06.310 [INFO ] Frontend -  [FRIEND_SCREEN] action=socket_disconnected userId=USER-14A9EACA
2026-04-12 15:47:47.256 [WARN ] Frontend -  Primary geocoder failed (likely missing API key), trying fallback...
2026-04-12 15:47:47.661 [INFO ] Frontend -  User profile successfully loaded for: amit
2026-04-12 15:47:51.393 [INFO ] Frontend -  [FRIEND_SCREEN] action=load_data_start
2026-04-12 15:47:51.664 [INFO ] Frontend -  User profile successfully loaded for: amit
2026-04-12 15:47:51.676 [INFO ] Frontend -  [FRIEND_SCREEN] action=load_data_identity userId=USER-14A9EACA
2026-04-12 15:47:51.696 [INFO ] Frontend -  [FRIEND_API] action=get_recommendations_start userId=USER-14A9EACA traceId=friend-get-recommendations-1775989071686000
2026-04-12 15:47:51.696 [INFO ] Frontend -  [FRIEND_API] action=get_pending_start traceId=friend-get-pending-1775989071683000
2026-04-12 15:47:51.696 [INFO ] Frontend -  [FRIEND_API] action=get_friends_start userId=USER-14A9EACA traceId=friend-get-friends-1775989071678000
2026-04-12 15:47:51.797 [INFO ] Frontend -  [FRIEND_API] action=get_pending_success count=0 traceId=friend-get-pending-1775989071683000
2026-04-12 15:47:52.328 [INFO ] Frontend -  [FRIEND_API] action=get_friends_success userId=USER-14A9EACA count=1 traceId=friend-get-friends-1775989071678000
2026-04-12 15:47:52.330 [INFO ] Frontend -  [FRIEND_API] action=get_recommendations_success userId=USER-14A9EACA count=0 traceId=friend-get-recommendations-1775989071686000
2026-04-12 15:47:52.366 [INFO ] Frontend -  [FRIEND_SCREEN] action=load_data_success friends=1 pending=0 suggested=0
2026-04-12 15:48:01.045 [WARN ] Frontend -  Primary geocoder failed (likely missing API key), trying fallback...
2026-04-12 15:48:01.291 [INFO ] Frontend -  User profile successfully loaded for: amit
2026-04-12 15:48:03.210 [WARN ] Frontend -  Primary geocoder failed (likely missing API key), trying fallback...
2026-04-12 15:48:03.309 [INFO ] Frontend -  User profile successfully loaded for: amit
2026-04-12 15:53:24.183 [INFO ] Frontend -  [FRIEND_SCREEN] action=load_data_start
2026-04-12 15:53:26.755 [INFO ] Frontend -  User profile successfully loaded for: amit
2026-04-12 15:53:26.850 [INFO ] Frontend -  [FRIEND_SCREEN] action=load_data_identity userId=USER-14A9EACA
2026-04-12 15:53:26.883 [INFO ] Frontend -  [FRIEND_API] action=get_friends_start userId=USER-14A9EACA traceId=friend-get-friends-1775989406861000
2026-04-12 15:53:26.900 [INFO ] Frontend -  [FRIEND_API] action=get_pending_start traceId=friend-get-pending-1775989406866000
2026-04-12 15:53:26.996 [INFO ] Frontend -  [FRIEND_API] action=get_recommendations_start userId=USER-14A9EACA traceId=friend-get-recommendations-1775989406870000
2026-04-12 15:53:27.265 [INFO ] Frontend -  [FRIEND_API] action=get_pending_success count=0 traceId=friend-get-pending-1775989406866000
2026-04-12 15:53:28.649 [INFO ] Frontend -  [FRIEND_API] action=get_recommendations_success userId=USER-14A9EACA count=0 traceId=friend-get-recommendations-1775989406870000
2026-04-12 15:53:28.650 [INFO ] Frontend -  [FRIEND_API] action=get_friends_success userId=USER-14A9EACA count=1 traceId=friend-get-friends-1775989406861000
2026-04-12 15:53:28.753 [INFO ] Frontend -  [FRIEND_SCREEN] action=load_data_success friends=0 pending=0 suggested=0
2026-04-12 15:53:29.047 [INFO ] Frontend -  [FRIEND_SCREEN] action=socket_connected userId=USER-14A9EACA
2026-04-12 15:54:34.118 [WARN ] Frontend -  Primary geocoder failed (likely missing API key), trying fallback...
2026-04-12 15:54:34.611 [INFO ] Frontend -  User profile successfully loaded for: amit
2026-04-12 16:02:27.113 [WARN ] Frontend -  Primary geocoder failed (likely missing API key), trying fallback...
2026-04-12 16:02:27.248 [WARN ] Frontend -  Failed to fetch notifications: 401 {"status":401,"message":"Token expired"}
2026-04-12 16:02:27.264 [INFO ] Frontend -  Initiating token refresh flow over ApiService due to 401 Unauthorized
2026-04-12 16:02:27.263 [INFO ] Frontend -  Attempting to refresh access token...
2026-04-12 16:02:27.846 [INFO ] Frontend -  Successfully received new tokens. Storing to secure storage.
2026-04-12 16:02:27.850 [INFO ] Frontend -  Token refreshed globally, retrying the failed 401 request
2026-04-12 16:02:28.245 [INFO ] Frontend -  User profile successfully loaded for: amit
2026-04-12 16:32:21.261 [WARN ] Frontend -  Primary geocoder failed (likely missing API key), trying fallback...
2026-04-12 16:32:21.375 [WARN ] Frontend -  Failed to fetch notifications: 401 {"status":401,"message":"Token expired"}
2026-04-12 16:32:21.376 [INFO ] Frontend -  Attempting to refresh access token...
2026-04-12 16:32:21.375 [INFO ] Frontend -  Initiating token refresh flow over ApiService due to 401 Unauthorized
2026-04-12 16:32:21.885 [INFO ] Frontend -  Successfully received new tokens. Storing to secure storage.
2026-04-12 16:32:21.888 [INFO ] Frontend -  Token refreshed globally, retrying the failed 401 request
2026-04-12 16:32:22.172 [INFO ] Frontend -  User profile successfully loaded for: amit
2026-04-12 16:32:25.018 [WARN ] Frontend -  Primary geocoder failed (likely missing API key), trying fallback...
2026-04-12 16:32:25.049 [WARN ] Frontend -  Failed to fetch notifications: 401 {"status":401,"message":"Token expired"}
2026-04-12 16:32:25.284 [INFO ] Frontend -  User profile successfully loaded for: amit
2026-04-12 16:32:49.175 [INFO ] Frontend -  Attempting login for user: asr@gmail.com
2026-04-12 16:32:49.592 [INFO ] Frontend -  Login successful. Tokens securely stored.
2026-04-12 16:32:49.592 [WARN ] Frontend -  This is the second data : {success: true, data: {userId: USER-14A9EACA, token: eyJhbGciOiJIUzI1NiJ9.eyJzdWIiOiJVU0VSLTE0QTlFQUNBIiwicm9sZXMiOiJSSURFUiIsImlhdCI6MTc3NTk5MTc2OSwiZXhwIjoxNzc1OTkyNjY5fQ.yQ1hQL1_rXJStfuP1iyiF7j5t7nHvtJtCF8aIYxKdmo, refreshToken: 34da90bf-d4eb-4e76-b118-6f58faca3a21, expiresIn: 900}}
2026-04-12 16:32:49.895 [INFO ] Frontend -  User profile successfully loaded for: amit
2026-04-12 16:32:50.212 [WARN ] Frontend -  Primary geocoder failed (likely missing API key), trying fallback...
2026-04-12 16:32:50.393 [INFO ] Frontend -  User profile successfully loaded for: amit
2026-04-12 17:17:08.563 [INFO ] Frontend -  Attempting login for user: asr@gmail.com
2026-04-12 17:17:09.592 [INFO ] Frontend -  Login successful. Tokens securely stored.
2026-04-12 17:17:09.592 [WARN ] Frontend -  This is the second data : {success: true, data: {userId: USER-14A9EACA, token: eyJhbGciOiJIUzI1NiJ9.eyJzdWIiOiJVU0VSLTE0QTlFQUNBIiwicm9sZXMiOiJSSURFUiIsImlhdCI6MTc3NTk5NDQyOSwiZXhwIjoxNzc1OTk1MzI5fQ.Yi5lkxgWmCqoSxgClouCv0VRnbaWvCTwozsokSpipUg, refreshToken: 1f4c5497-287c-4a91-9445-90156615b27e, expiresIn: 900}}
2026-04-12 17:17:11.143 [INFO ] Frontend -  User profile successfully loaded for: amit
2026-04-12 17:17:11.523 [WARN ] Frontend -  Primary geocoder failed (likely missing API key), trying fallback...
2026-04-12 17:17:11.600 [INFO ] Frontend -  User profile successfully loaded for: amit
2026-04-12 17:45:40.599 [INFO ] Frontend -  Attempting login for user: asr@gmail.com
2026-04-12 17:45:41.504 [INFO ] Frontend -  Login successful. Tokens securely stored.
2026-04-12 17:45:41.504 [WARN ] Frontend -  This is the second data : {success: true, data: {userId: USER-14A9EACA, token: eyJhbGciOiJIUzI1NiJ9.eyJzdWIiOiJVU0VSLTE0QTlFQUNBIiwicm9sZXMiOiJSSURFUiIsImlhdCI6MTc3NTk5NjE0MSwiZXhwIjoxNzc1OTk3MDQxfQ.8dRmwJtsP7BT781Aggi2YMMn4BDREVN84D784lyTKU8, refreshToken: 2b6142da-a254-4204-b506-66f8b9a3002f, expiresIn: 900}}
2026-04-12 17:45:41.864 [INFO ] Frontend -  User profile successfully loaded for: amit
2026-04-12 17:45:42.197 [WARN ] Frontend -  Primary geocoder failed (likely missing API key), trying fallback...
2026-04-12 17:45:42.255 [INFO ] Frontend -  User profile successfully loaded for: amit
2026-04-12 18:15:23.973 [WARN ] Frontend -  Primary geocoder failed (likely missing API key), trying fallback...
2026-04-12 18:15:24.191 [INFO ] Frontend -  Attempting to refresh access token...
2026-04-12 18:15:24.191 [INFO ] Frontend -  Initiating token refresh flow over ApiService due to 401 Unauthorized
2026-04-12 18:15:24.191 [WARN ] Frontend -  Failed to fetch notifications: 401 {"status":401,"message":"Token expired"}
2026-04-12 18:15:24.719 [INFO ] Frontend -  Token refreshed globally, retrying the failed 401 request
2026-04-12 18:15:24.727 [INFO ] Frontend -  Successfully received new tokens. Storing to secure storage.
2026-04-12 18:15:25.009 [INFO ] Frontend -  User profile successfully loaded for: amit
2026-04-12 18:24:57.089 [INFO ] Frontend -  Attempting login for user: asr@gmail.com
2026-04-12 18:24:59.612 [WARN ] Frontend -  This is the second data : {success: true, data: {userId: USER-14A9EACA, token: eyJhbGciOiJIUzI1NiJ9.eyJzdWIiOiJVU0VSLTE0QTlFQUNBIiwicm9sZXMiOiJSSURFUiIsImlhdCI6MTc3NTk5ODQ5OCwiZXhwIjoxNzc1OTk5Mzk4fQ.rdlElkPDzW7HSPLkXmhWraNeaFl7FPq-BMoaBQiQtMg, refreshToken: caad44a4-7924-4d6b-8c00-685530b69666, expiresIn: 900}}
2026-04-12 18:24:59.612 [INFO ] Frontend -  Login successful. Tokens securely stored.
2026-04-12 18:25:01.575 [INFO ] Frontend -  User profile successfully loaded for: amit
2026-04-12 18:25:01.986 [WARN ] Frontend -  Primary geocoder failed (likely missing API key), trying fallback...
2026-04-12 18:25:02.195 [INFO ] Frontend -  User profile successfully loaded for: amit
2026-04-12 18:25:32.156 [WARN ] Frontend -  Primary geocoder failed (likely missing API key), trying fallback...
2026-04-12 18:25:32.427 [INFO ] Frontend -  User profile successfully loaded for: amit
2026-04-12 18:25:41.194 [WARN ] Frontend -  Primary geocoder failed (likely missing API key), trying fallback...
2026-04-12 18:25:41.462 [INFO ] Frontend -  User profile successfully loaded for: amit
2026-04-12 18:25:48.143 [WARN ] Frontend -  Primary geocoder failed (likely missing API key), trying fallback...
2026-04-12 18:25:48.401 [INFO ] Frontend -  User profile successfully loaded for: amit
2026-04-12 18:25:49.203 [INFO ] Frontend -  [FRIEND_SCREEN] action=load_data_start
2026-04-12 18:25:49.552 [INFO ] Frontend -  User profile successfully loaded for: amit
2026-04-12 18:25:49.571 [INFO ] Frontend -  [FRIEND_SCREEN] action=load_data_identity userId=USER-14A9EACA
2026-04-12 18:25:49.591 [INFO ] Frontend -  [FRIEND_API] action=get_pending_start traceId=friend-get-pending-1775998549581000
2026-04-12 18:25:49.591 [INFO ] Frontend -  [FRIEND_API] action=get_friends_start userId=USER-14A9EACA traceId=friend-get-friends-1775998549578000
2026-04-12 18:25:49.591 [INFO ] Frontend -  [FRIEND_API] action=get_recommendations_start userId=USER-14A9EACA traceId=friend-get-recommendations-1775998549584000
2026-04-12 18:25:49.804 [INFO ] Frontend -  [FRIEND_API] action=get_pending_success count=0 traceId=friend-get-pending-1775998549581000
2026-04-12 18:25:50.890 [INFO ] Frontend -  [FRIEND_API] action=get_recommendations_success userId=USER-14A9EACA count=0 traceId=friend-get-recommendations-1775998549584000
2026-04-12 18:25:50.890 [INFO ] Frontend -  [FRIEND_SCREEN] action=load_data_start
2026-04-12 18:25:50.890 [INFO ] Frontend -  [FRIEND_API] action=get_friends_success userId=USER-14A9EACA count=1 traceId=friend-get-friends-1775998549578000
2026-04-12 18:25:50.932 [INFO ] Frontend -  [FRIEND_SCREEN] action=load_data_success friends=0 pending=0 suggested=0
2026-04-12 18:25:51.020 [INFO ] Frontend -  [FRIEND_SCREEN] action=socket_connected userId=USER-14A9EACA
2026-04-12 18:25:51.106 [INFO ] Frontend -  User profile successfully loaded for: amit
2026-04-12 18:25:51.138 [INFO ] Frontend -  [FRIEND_SCREEN] action=load_data_identity userId=USER-14A9EACA
2026-04-12 18:25:51.161 [INFO ] Frontend -  [FRIEND_API] action=get_recommendations_start userId=USER-14A9EACA traceId=friend-get-recommendations-1775998551154000
2026-04-12 18:25:51.161 [INFO ] Frontend -  [FRIEND_API] action=get_pending_start traceId=friend-get-pending-1775998551152000
2026-04-12 18:25:51.161 [INFO ] Frontend -  [FRIEND_API] action=get_friends_start userId=USER-14A9EACA traceId=friend-get-friends-1775998551149000
2026-04-12 18:25:51.242 [INFO ] Frontend -  [FRIEND_API] action=get_pending_success count=0 traceId=friend-get-pending-1775998551152000
2026-04-12 18:25:51.352 [INFO ] Frontend -  [FRIEND_API] action=get_friends_success userId=USER-14A9EACA count=1 traceId=friend-get-friends-1775998551149000
2026-04-12 18:25:51.352 [INFO ] Frontend -  [FRIEND_API] action=get_recommendations_success userId=USER-14A9EACA count=0 traceId=friend-get-recommendations-1775998551154000
2026-04-12 18:25:51.376 [INFO ] Frontend -  [FRIEND_SCREEN] action=load_data_success friends=1 pending=0 suggested=0
2026-04-12 18:25:51.437 [INFO ] Frontend -  [FRIEND_SCREEN] action=socket_connected userId=USER-14A9EACA
2026-04-12 18:25:54.591 [INFO ] Frontend -  [PUBLIC_PROFILE] action=fetch_relationship target=USER-492444CE
2026-04-12 18:25:54.591 [INFO ] Frontend -  [PUBLIC_PROFILE] action=fetch_friend_count target=USER-492444CE
2026-04-12 18:25:54.591 [INFO ] Frontend -  [PUBLIC_PROFILE] action=fetch_mutual_count target=USER-492444CE
2026-04-12 18:25:54.661 [INFO ] Frontend -  [FRIEND_API] action=get_mutual_count_start target=USER-492444CE traceId=friend-get-mutual-count-1775998554610000
2026-04-12 18:25:54.666 [INFO ] Frontend -  [FRIEND_API] action=get_friends_start userId=USER-492444CE traceId=friend-get-friends-1775998554616000
2026-04-12 18:25:54.667 [INFO ] Frontend -  [FRIEND_API] action=get_relationship_start target=USER-492444CE traceId=friend-get-relationship-1775998554620000
2026-04-12 18:25:54.980 [INFO ] Frontend -  [FRIEND_API] action=get_friends_success userId=USER-492444CE count=1 traceId=friend-get-friends-1775998554616000
2026-04-12 18:25:54.997 [INFO ] Frontend -  [FRIEND_API] action=get_mutual_count_success target=USER-492444CE count=0 traceId=friend-get-mutual-count-1775998554610000
2026-04-12 18:25:55.036 [INFO ] Frontend -  [FRIEND_API] action=get_relationship_success target=USER-492444CE statusValue=friends traceId=friend-get-relationship-1775998554620000
2026-04-12 18:45:28.430 [INFO ] Frontend -  Attempting login for user: asr@gmail.com
2026-04-12 18:45:29.537 [INFO ] Frontend -  Login successful. Tokens securely stored.
2026-04-12 18:45:29.537 [WARN ] Frontend -  This is the second data : {success: true, data: {userId: USER-14A9EACA, token: eyJhbGciOiJIUzI1NiJ9.eyJzdWIiOiJVU0VSLTE0QTlFQUNBIiwicm9sZXMiOiJSSURFUiIsImlhdCI6MTc3NTk5OTcyOCwiZXhwIjoxNzc2MDAwNjI4fQ.BPUpXMNLSnSkWH7AtVDQY6P8agK_0NnMBfwgVstc0PA, refreshToken: b1b46af5-df5a-4e75-91b0-a0fda01c5452, expiresIn: 900}}
2026-04-12 18:45:30.846 [INFO ] Frontend -  User profile successfully loaded for: amit
2026-04-12 18:45:31.118 [WARN ] Frontend -  Primary geocoder failed (likely missing API key), trying fallback...
2026-04-12 18:45:31.258 [INFO ] Frontend -  User profile successfully loaded for: amit
2026-04-12 18:45:55.483 [INFO ] Frontend -  [FRIEND_SCREEN] action=load_data_start
2026-04-12 18:45:55.729 [INFO ] Frontend -  User profile successfully loaded for: amit
2026-04-12 18:45:55.758 [INFO ] Frontend -  [FRIEND_SCREEN] action=load_data_identity userId=USER-14A9EACA
2026-04-12 18:45:55.788 [INFO ] Frontend -  [FRIEND_API] action=get_friends_start userId=USER-14A9EACA traceId=friend-get-friends-1775999755766000
2026-04-12 18:45:55.788 [INFO ] Frontend -  [FRIEND_API] action=get_pending_start traceId=friend-get-pending-1775999755769000
2026-04-12 18:45:55.788 [INFO ] Frontend -  [FRIEND_API] action=get_recommendations_start userId=USER-14A9EACA traceId=friend-get-recommendations-1775999755772000
2026-04-12 18:45:55.937 [INFO ] Frontend -  [FRIEND_API] action=get_pending_success count=0 traceId=friend-get-pending-1775999755769000
2026-04-12 18:45:56.919 [INFO ] Frontend -  [FRIEND_API] action=get_recommendations_success userId=USER-14A9EACA count=0 traceId=friend-get-recommendations-1775999755772000
2026-04-12 18:45:56.919 [INFO ] Frontend -  [FRIEND_API] action=get_friends_success userId=USER-14A9EACA count=1 traceId=friend-get-friends-1775999755766000
2026-04-12 18:45:56.933 [INFO ] Frontend -  [FRIEND_SCREEN] action=load_data_success friends=1 pending=0 suggested=0
2026-04-12 18:45:57.006 [INFO ] Frontend -  [FRIEND_SCREEN] action=socket_connected userId=USER-14A9EACA
2026-04-12 18:46:01.476 [WARN ] Frontend -  Primary geocoder failed (likely missing API key), trying fallback...
2026-04-12 18:46:01.714 [INFO ] Frontend -  [FRIEND_SCREEN] action=socket_disconnected userId=USER-14A9EACA
2026-04-12 18:46:01.732 [INFO ] Frontend -  User profile successfully loaded for: amit
2026-04-12 18:46:04.941 [INFO ] Frontend -  [FRIEND_SCREEN] action=load_data_start
2026-04-12 18:46:05.223 [INFO ] Frontend -  User profile successfully loaded for: amit
2026-04-12 18:46:05.246 [INFO ] Frontend -  [FRIEND_SCREEN] action=load_data_identity userId=USER-14A9EACA
2026-04-12 18:46:05.268 [INFO ] Frontend -  [FRIEND_API] action=get_recommendations_start userId=USER-14A9EACA traceId=friend-get-recommendations-1775999765255000
2026-04-12 18:46:05.268 [INFO ] Frontend -  [FRIEND_API] action=get_pending_start traceId=friend-get-pending-1775999765253000
2026-04-12 18:46:05.268 [INFO ] Frontend -  [FRIEND_API] action=get_friends_start userId=USER-14A9EACA traceId=friend-get-friends-1775999765250000
2026-04-12 18:46:05.608 [INFO ] Frontend -  [FRIEND_API] action=get_pending_success count=0 traceId=friend-get-pending-1775999765253000
2026-04-12 18:46:05.760 [INFO ] Frontend -  [FRIEND_API] action=get_friends_success userId=USER-14A9EACA count=1 traceId=friend-get-friends-1775999765250000
2026-04-12 18:46:05.774 [INFO ] Frontend -  [FRIEND_API] action=get_recommendations_success userId=USER-14A9EACA count=0 traceId=friend-get-recommendations-1775999765255000
2026-04-12 18:46:05.796 [INFO ] Frontend -  [FRIEND_SCREEN] action=load_data_success friends=1 pending=0 suggested=0
2026-04-12 18:46:05.880 [INFO ] Frontend -  [FRIEND_SCREEN] action=socket_connected userId=USER-14A9EACA
2026-04-12 18:46:06.668 [INFO ] Frontend -  [FRIEND_SCREEN] action=socket_disconnected userId=USER-14A9EACA
2026-04-12 18:46:07.874 [INFO ] Frontend -  [FRIEND_SCREEN] action=load_data_start
2026-04-12 18:46:08.039 [INFO ] Frontend -  User profile successfully loaded for: amit
2026-04-12 18:46:08.054 [INFO ] Frontend -  [FRIEND_SCREEN] action=load_data_identity userId=USER-14A9EACA
2026-04-12 18:46:08.088 [INFO ] Frontend -  [FRIEND_API] action=get_recommendations_start userId=USER-14A9EACA traceId=friend-get-recommendations-1775999768078000
2026-04-12 18:46:08.088 [INFO ] Frontend -  [FRIEND_API] action=get_friends_start userId=USER-14A9EACA traceId=friend-get-friends-1775999768073000
2026-04-12 18:46:08.088 [INFO ] Frontend -  [FRIEND_API] action=get_pending_start traceId=friend-get-pending-1775999768075000
2026-04-12 18:46:08.166 [INFO ] Frontend -  [FRIEND_API] action=get_pending_success count=0 traceId=friend-get-pending-1775999768075000
2026-04-12 18:46:08.306 [INFO ] Frontend -  [FRIEND_API] action=get_recommendations_success userId=USER-14A9EACA count=0 traceId=friend-get-recommendations-1775999768078000
2026-04-12 18:46:08.784 [INFO ] Frontend -  [FRIEND_API] action=get_friends_success userId=USER-14A9EACA count=1 traceId=friend-get-friends-1775999768073000
2026-04-12 18:46:08.806 [INFO ] Frontend -  [FRIEND_SCREEN] action=load_data_success friends=1 pending=0 suggested=0
2026-04-12 18:46:08.977 [INFO ] Frontend -  [FRIEND_SCREEN] action=socket_connected userId=USER-14A9EACA
2026-04-12 18:46:09.150 [INFO ] Frontend -  [FRIEND_SCREEN] action=socket_disconnected userId=USER-14A9EACA
2026-04-12 18:46:15.472 [INFO ] Frontend -  [FRIEND_SCREEN] action=load_data_start
2026-04-12 18:46:15.639 [INFO ] Frontend -  User profile successfully loaded for: amit
2026-04-12 18:46:15.655 [INFO ] Frontend -  [FRIEND_SCREEN] action=load_data_identity userId=USER-14A9EACA
2026-04-12 18:46:15.675 [INFO ] Frontend -  [FRIEND_API] action=get_pending_start traceId=friend-get-pending-1775999775663000
2026-04-12 18:46:15.675 [INFO ] Frontend -  [FRIEND_API] action=get_friends_start userId=USER-14A9EACA traceId=friend-get-friends-1775999775660000
2026-04-12 18:46:15.676 [INFO ] Frontend -  [FRIEND_API] action=get_recommendations_start userId=USER-14A9EACA traceId=friend-get-recommendations-1775999775666000
2026-04-12 18:46:15.787 [INFO ] Frontend -  [FRIEND_API] action=get_pending_success count=0 traceId=friend-get-pending-1775999775663000
2026-04-12 18:46:15.889 [INFO ] Frontend -  [FRIEND_API] action=get_friends_success userId=USER-14A9EACA count=1 traceId=friend-get-friends-1775999775660000
2026-04-12 18:46:15.891 [INFO ] Frontend -  [FRIEND_API] action=get_recommendations_success userId=USER-14A9EACA count=0 traceId=friend-get-recommendations-1775999775666000
2026-04-12 18:46:15.902 [INFO ] Frontend -  [FRIEND_SCREEN] action=load_data_success friends=1 pending=0 suggested=0
2026-04-12 18:46:15.958 [INFO ] Frontend -  [FRIEND_SCREEN] action=socket_connected userId=USER-14A9EACA
2026-04-12 18:46:19.233 [INFO ] Frontend -  [FRIEND_SCREEN] action=socket_disconnected userId=USER-14A9EACA
2026-04-12 19:11:21.627 [INFO ] Frontend -  Attempting login for user: asr@gmail.com
2026-04-12 19:11:22.831 [WARN ] Frontend -  This is the second data : {success: true, data: {userId: USER-14A9EACA, token: eyJhbGciOiJIUzI1NiJ9.eyJzdWIiOiJVU0VSLTE0QTlFQUNBIiwicm9sZXMiOiJSSURFUiIsImlhdCI6MTc3NjAwMTI4MiwiZXhwIjoxNzc2MDAyMTgyfQ.Cb_jMK97M5gn3mrTkA0MDt_Yhn7Lk8oLF8e4-qzYXuk, refreshToken: ba8ac838-0ec8-4bcd-9782-8512861f281e, expiresIn: 900}}
2026-04-12 19:11:22.831 [INFO ] Frontend -  Login successful. Tokens securely stored.
2026-04-12 19:11:24.097 [INFO ] Frontend -  User profile successfully loaded for: amit
2026-04-12 19:11:24.421 [WARN ] Frontend -  Primary geocoder failed (likely missing API key), trying fallback...
2026-04-12 19:11:24.585 [INFO ] Frontend -  User profile successfully loaded for: amit
2026-04-12 19:21:56.684 [INFO ] Frontend -  Attempting login for user: asr@gmail.com
2026-04-12 19:21:57.211 [WARN ] Frontend -  This is the second data : {success: true, data: {userId: USER-14A9EACA, token: eyJhbGciOiJIUzI1NiJ9.eyJzdWIiOiJVU0VSLTE0QTlFQUNBIiwicm9sZXMiOiJSSURFUiIsImlhdCI6MTc3NjAwMTkxNywiZXhwIjoxNzc2MDAyODE3fQ.gZ4UsqdLUuPnKvfqH4Tz3DuChURSpoN-i_CI5QtD2jk, refreshToken: 99ed54e0-59dd-4815-b02f-330c6ed990d9, expiresIn: 900}}
2026-04-12 19:21:57.209 [INFO ] Frontend -  Login successful. Tokens securely stored.
2026-04-12 19:21:57.550 [INFO ] Frontend -  User profile successfully loaded for: amit
2026-04-12 19:21:58.780 [WARN ] Frontend -  Primary geocoder failed (likely missing API key), trying fallback...
2026-04-12 19:21:58.906 [INFO ] Frontend -  User profile successfully loaded for: amit
2026-04-12 19:44:50.793 [INFO ] Frontend -  Attempting login for user: asr@gmail.com
2026-04-12 19:44:51.323 [WARN ] Frontend -  This is the second data : {success: false, message: Invalid credentials}
2026-04-12 19:44:51.323 [WARN ] Frontend -  Login failed with status 401
2026-04-12 19:44:57.291 [INFO ] Frontend -  Attempting login for user: asr@gmail.com
2026-04-12 19:44:57.689 [INFO ] Frontend -  Login successful. Tokens securely stored.
2026-04-12 19:44:57.689 [WARN ] Frontend -  This is the second data : {success: true, data: {userId: USER-14A9EACA, token: eyJhbGciOiJIUzI1NiJ9.eyJzdWIiOiJVU0VSLTE0QTlFQUNBIiwicm9sZXMiOiJSSURFUiIsImlhdCI6MTc3NjAwMzI5NywiZXhwIjoxNzc2MDA0MTk3fQ.KqsEwqKg3j8TKizlycHLCgjNjOqdb2sE3LTX71Jaic0, refreshToken: 1fd8abc7-36c5-4758-94f7-06601b782156, expiresIn: 900}}
2026-04-12 19:44:57.945 [INFO ] Frontend -  User profile successfully loaded for: amit
2026-04-12 19:44:58.251 [WARN ] Frontend -  Primary geocoder failed (likely missing API key), trying fallback...
2026-04-12 19:44:58.335 [INFO ] Frontend -  User profile successfully loaded for: amit
2026-04-12 20:05:05.717 [INFO ] Frontend -  Attempting login for user: asr@gmail.com
2026-04-12 20:05:06.215 [WARN ] Frontend -  This is the second data : {success: true, data: {userId: USER-14A9EACA, token: eyJhbGciOiJIUzI1NiJ9.eyJzdWIiOiJVU0VSLTE0QTlFQUNBIiwicm9sZXMiOiJSSURFUiIsImlhdCI6MTc3NjAwNDUwNiwiZXhwIjoxNzc2MDA1NDA2fQ.C6i--rnwnzvd_xJarTy0gNcupnqxSbn6tLDPCwTwJFE, refreshToken: 67d0486a-99c0-4c21-87ea-8b230826bc51, expiresIn: 900}}
2026-04-12 20:05:06.215 [INFO ] Frontend -  Login successful. Tokens securely stored.
2026-04-12 20:05:06.476 [INFO ] Frontend -  User profile successfully loaded for: amit
2026-04-12 20:05:06.734 [WARN ] Frontend -  Primary geocoder failed (likely missing API key), trying fallback...
2026-04-12 20:05:06.875 [INFO ] Frontend -  User profile successfully loaded for: amit
2026-04-12 21:44:15.304 [INFO ] Frontend -  Attempting login for user: asr@gmail.com
2026-04-12 21:44:16.354 [INFO ] Frontend -  Login successful. Tokens securely stored.
2026-04-12 21:44:16.353 [WARN ] Frontend -  This is the second data : {success: true, data: {userId: USER-14A9EACA, token: eyJhbGciOiJIUzI1NiJ9.eyJzdWIiOiJVU0VSLTE0QTlFQUNBIiwicm9sZXMiOiJSSURFUiIsImlhdCI6MTc3NjAxMDQ1NSwiZXhwIjoxNzc2MDExMzU1fQ.NkkReqeOH5QrUTV3CByTcN3gHMckepqfq_2vE4XX2hg, refreshToken: f55fbb84-6993-4b56-a8d2-7a74354584c7, expiresIn: 900}}
2026-04-12 21:44:17.872 [INFO ] Frontend -  User profile successfully loaded for: amit
2026-04-12 21:44:18.168 [WARN ] Frontend -  Primary geocoder failed (likely missing API key), trying fallback...
2026-04-12 21:44:18.411 [INFO ] Frontend -  User profile successfully loaded for: amit
2026-04-12 21:53:04.178 [INFO ] Frontend -  Attempting login for user: asr@gmail.com
2026-04-12 21:53:04.681 [INFO ] Frontend -  Login successful. Tokens securely stored.
2026-04-12 21:53:04.681 [WARN ] Frontend -  This is the second data : {success: true, data: {userId: USER-14A9EACA, token: eyJhbGciOiJIUzI1NiJ9.eyJzdWIiOiJVU0VSLTE0QTlFQUNBIiwicm9sZXMiOiJSSURFUiIsImlhdCI6MTc3NjAxMDk4NCwiZXhwIjoxNzc2MDExODg0fQ.5sJcOvkDmGrpQSbtgXKNVT50s3rjf9WCPp8Xdumjd4M, refreshToken: ec4a23a6-917f-484d-b04c-f1867fcf2d92, expiresIn: 900}}
2026-04-12 21:53:04.988 [INFO ] Frontend -  User profile successfully loaded for: amit
2026-04-12 21:53:05.324 [WARN ] Frontend -  Primary geocoder failed (likely missing API key), trying fallback...
2026-04-12 21:53:05.417 [INFO ] Frontend -  User profile successfully loaded for: amit
2026-04-12 22:05:49.462 [INFO ] Frontend -  Attempting login for user: asr@gmail.com
2026-04-12 22:05:49.887 [INFO ] Frontend -  Login successful. Tokens securely stored.
2026-04-12 22:05:49.887 [WARN ] Frontend -  This is the second data : {success: true, data: {userId: USER-14A9EACA, token: eyJhbGciOiJIUzI1NiJ9.eyJzdWIiOiJVU0VSLTE0QTlFQUNBIiwicm9sZXMiOiJSSURFUiIsImlhdCI6MTc3NjAxMTc0OSwiZXhwIjoxNzc2MDEyNjQ5fQ.MaTBTLoImASgvECLsA1bzDPPJGM0lYK7pMLJIZwbopY, refreshToken: 9734d766-5839-4f57-869c-8bf2b0be7295, expiresIn: 900}}
2026-04-12 22:05:50.140 [INFO ] Frontend -  User profile successfully loaded for: amit
2026-04-12 22:05:50.519 [WARN ] Frontend -  Primary geocoder failed (likely missing API key), trying fallback...
2026-04-12 22:05:50.665 [INFO ] Frontend -  User profile successfully loaded for: amit
2026-04-12 22:24:42.925 [WARN ] Frontend -  Primary geocoder failed (likely missing API key), trying fallback...
2026-04-12 22:24:44.051 [INFO ] Frontend -  Attempting to refresh access token...
2026-04-12 22:24:44.051 [INFO ] Frontend -  Initiating token refresh flow over ApiService due to 401 Unauthorized
2026-04-12 22:24:44.052 [WARN ] Frontend -  Failed to fetch notifications: 401 {"status":401,"message":"Token expired"}
2026-04-12 22:24:44.794 [INFO ] Frontend -  Successfully received new tokens. Storing to secure storage.
2026-04-12 22:24:44.794 [INFO ] Frontend -  Token refreshed globally, retrying the failed 401 request
2026-04-12 22:24:44.923 [INFO ] Frontend -  User profile successfully loaded for: amit
2026-04-12 22:24:58.921 [INFO ] Frontend -  Attempting login for user: asr@gmail.com
2026-04-12 22:24:59.211 [INFO ] Frontend -  Login successful. Tokens securely stored.
2026-04-12 22:24:59.211 [WARN ] Frontend -  This is the second data : {success: true, data: {userId: USER-14A9EACA, token: eyJhbGciOiJIUzI1NiJ9.eyJzdWIiOiJVU0VSLTE0QTlFQUNBIiwicm9sZXMiOiJSSURFUiIsImlhdCI6MTc3NjAxMjg5OSwiZXhwIjoxNzc2MDEzNzk5fQ.CkSRvrx6nikskw0s0STnLRp6L23649XzKQHRwRaq7WE, refreshToken: fc024fc2-9da8-442b-8adc-6f5ba9f46fcb, expiresIn: 900}}
2026-04-12 22:24:59.421 [INFO ] Frontend -  User profile successfully loaded for: amit
2026-04-12 22:24:59.615 [WARN ] Frontend -  Primary geocoder failed (likely missing API key), trying fallback...
2026-04-12 22:24:59.873 [INFO ] Frontend -  User profile successfully loaded for: amit
2026-04-12 22:30:22.641 [WARN ] Frontend -  Primary geocoder failed (likely missing API key), trying fallback...
2026-04-12 22:30:22.764 [INFO ] Frontend -  User profile successfully loaded for: amit
2026-04-12 22:30:24.379 [INFO ] Frontend -  [FRIEND_SCREEN] action=load_data_start
2026-04-12 22:30:24.517 [INFO ] Frontend -  User profile successfully loaded for: amit
2026-04-12 22:30:24.542 [INFO ] Frontend -  [FRIEND_SCREEN] action=load_data_identity userId=USER-14A9EACA
2026-04-12 22:30:24.575 [INFO ] Frontend -  [FRIEND_API] action=get_pending_start traceId=friend-get-pending-1776013224558000
2026-04-12 22:30:24.576 [INFO ] Frontend -  [FRIEND_API] action=get_friends_start userId=USER-14A9EACA traceId=friend-get-friends-1776013224554000
2026-04-12 22:30:24.575 [INFO ] Frontend -  [FRIEND_API] action=get_recommendations_start userId=USER-14A9EACA traceId=friend-get-recommendations-1776013224562000
2026-04-12 22:30:24.782 [INFO ] Frontend -  [FRIEND_API] action=get_pending_success count=0 traceId=friend-get-pending-1776013224558000
2026-04-12 22:30:26.733 [INFO ] Frontend -  [FRIEND_API] action=get_friends_success userId=USER-14A9EACA count=1 traceId=friend-get-friends-1776013224554000
2026-04-12 22:30:26.734 [INFO ] Frontend -  [FRIEND_API] action=get_recommendations_success userId=USER-14A9EACA count=0 traceId=friend-get-recommendations-1776013224562000
2026-04-12 22:30:26.748 [INFO ] Frontend -  [FRIEND_SCREEN] action=load_data_success friends=0 pending=0 suggested=0
2026-04-12 22:30:26.795 [INFO ] Frontend -  [FRIEND_SCREEN] action=socket_connected userId=USER-14A9EACA
2026-04-12 22:31:55.645 [INFO ] Frontend -  [FRIEND_SCREEN] action=load_data_start
2026-04-12 22:31:55.989 [INFO ] Frontend -  User profile successfully loaded for: amit
2026-04-12 22:31:56.005 [INFO ] Frontend -  [FRIEND_SCREEN] action=load_data_identity userId=USER-14A9EACA
2026-04-12 22:31:56.045 [INFO ] Frontend -  [FRIEND_API] action=get_friends_start userId=USER-14A9EACA traceId=friend-get-friends-1776013316013000
2026-04-12 22:31:56.045 [INFO ] Frontend -  [FRIEND_API] action=get_recommendations_start userId=USER-14A9EACA traceId=friend-get-recommendations-1776013316020000
2026-04-12 22:31:56.046 [INFO ] Frontend -  [FRIEND_API] action=get_pending_start traceId=friend-get-pending-1776013316017000
2026-04-12 22:31:56.234 [INFO ] Frontend -  [FRIEND_API] action=get_pending_success count=0 traceId=friend-get-pending-1776013316017000
2026-04-12 22:31:56.433 [INFO ] Frontend -  [FRIEND_API] action=get_friends_success userId=USER-14A9EACA count=1 traceId=friend-get-friends-1776013316013000
2026-04-12 22:31:56.933 [INFO ] Frontend -  [FRIEND_API] action=get_recommendations_success userId=USER-14A9EACA count=0 traceId=friend-get-recommendations-1776013316020000
2026-04-12 22:31:56.950 [INFO ] Frontend -  [FRIEND_SCREEN] action=load_data_success friends=1 pending=0 suggested=0
2026-04-12 22:31:57.088 [INFO ] Frontend -  [FRIEND_SCREEN] action=socket_connected userId=USER-14A9EACA
2026-04-12 22:31:58.293 [INFO ] Frontend -  [PUBLIC_PROFILE] action=fetch_mutual_count target=USER-492444CE
2026-04-12 22:31:58.293 [INFO ] Frontend -  [PUBLIC_PROFILE] action=fetch_relationship target=USER-492444CE
2026-04-12 22:31:58.293 [INFO ] Frontend -  [PUBLIC_PROFILE] action=fetch_friend_count target=USER-492444CE
2026-04-12 22:31:58.330 [INFO ] Frontend -  [FRIEND_API] action=get_mutual_count_start target=USER-492444CE traceId=friend-get-mutual-count-1776013318310000
2026-04-12 22:31:58.343 [INFO ] Frontend -  [FRIEND_API] action=get_relationship_start target=USER-492444CE traceId=friend-get-relationship-1776013318315000
2026-04-12 22:31:58.345 [INFO ] Frontend -  [FRIEND_API] action=get_friends_start userId=USER-492444CE traceId=friend-get-friends-1776013318319000
2026-04-12 22:31:58.864 [INFO ] Frontend -  [FRIEND_API] action=get_mutual_count_success target=USER-492444CE count=0 traceId=friend-get-mutual-count-1776013318310000
2026-04-12 22:31:58.864 [INFO ] Frontend -  [FRIEND_API] action=get_friends_success userId=USER-492444CE count=1 traceId=friend-get-friends-1776013318319000
2026-04-12 22:31:59.009 [INFO ] Frontend -  [FRIEND_API] action=get_relationship_success target=USER-492444CE statusValue=friends traceId=friend-get-relationship-1776013318315000
2026-04-12 22:32:03.744 [INFO ] Frontend -  [FRIEND_SCREEN] action=socket_disconnected userId=USER-14A9EACA
2026-04-12 22:48:22.676 [INFO ] Frontend -  Attempting login for user: asr@gmail.com
2026-04-12 22:48:23.421 [INFO ] Frontend -  Login successful. Tokens securely stored.
2026-04-12 22:48:23.421 [WARN ] Frontend -  This is the second data : {success: true, data: {userId: USER-14A9EACA, token: eyJhbGciOiJIUzI1NiJ9.eyJzdWIiOiJVU0VSLTE0QTlFQUNBIiwicm9sZXMiOiJSSURFUiIsImlhdCI6MTc3NjAxNDMwMywiZXhwIjoxNzc2MDE1MjAzfQ.3G5aep89P7fYIvGxDNAM1S49uq0yOwVuQOyHmXsPBi4, refreshToken: 7b130db6-45e5-4e60-b436-ab17b718110e, expiresIn: 900}}
2026-04-12 22:48:23.697 [INFO ] Frontend -  User profile successfully loaded for: amit
2026-04-12 22:48:23.944 [WARN ] Frontend -  Primary geocoder failed (likely missing API key), trying fallback...
2026-04-12 22:48:24.222 [INFO ] Frontend -  User profile successfully loaded for: amit
2026-04-12 23:07:43.072 [INFO ] Frontend -  Attempting login for user: asr@gmail.com
2026-04-12 23:07:43.800 [INFO ] Frontend -  Login successful. Tokens securely stored.
2026-04-12 23:07:43.800 [WARN ] Frontend -  This is the second data : {success: true, data: {userId: USER-14A9EACA, token: eyJhbGciOiJIUzI1NiJ9.eyJzdWIiOiJVU0VSLTE0QTlFQUNBIiwicm9sZXMiOiJSSURFUiIsImlhdCI6MTc3NjAxNTQ2MywiZXhwIjoxNzc2MDE2MzYzfQ.jNWsSRh5iV9yuXZQtkZIoa7sdiG4-Vp2P6VPck-1gWU, refreshToken: 8eb76d97-f595-4119-bd53-d292ac63327e, expiresIn: 900}}
2026-04-12 23:07:44.039 [INFO ] Frontend -  User profile successfully loaded for: amit
2026-04-12 23:07:44.429 [WARN ] Frontend -  Primary geocoder failed (likely missing API key), trying fallback...
2026-04-12 23:07:44.564 [INFO ] Frontend -  User profile successfully loaded for: amit
2026-04-12 23:08:40.288 [INFO ] Frontend -  Attempting login for user: rs@gmail.com
2026-04-12 23:08:40.671 [INFO ] Frontend -  Login successful. Tokens securely stored.
2026-04-12 23:08:40.688 [WARN ] Frontend -  This is the second data : {success: true, data: {userId: USER-492444CE, token: eyJhbGciOiJIUzI1NiJ9.eyJzdWIiOiJVU0VSLTQ5MjQ0NENFIiwicm9sZXMiOiJSSURFUiIsImlhdCI6MTc3NjAxNTUyMCwiZXhwIjoxNzc2MDE2NDIwfQ.fn9sBaL_KkjxZaulbW-EDjtXxX4S4HQ0vPZkZ6wT8HM, refreshToken: d2854d8e-f612-4fbc-99d7-fe45046547ad, expiresIn: 900}}
2026-04-12 23:08:40.906 [INFO ] Frontend -  User profile successfully loaded for: rohan
2026-04-12 23:08:41.619 [INFO ] Frontend -  User profile successfully loaded for: rohan
2026-04-12 23:08:43.084 [WARN ] Frontend -  Primary geocoder failed (likely missing API key), trying fallback...
2026-04-12 23:28:07.798 [INFO ] Frontend -  Attempting login for user: asr@gmail.com
2026-04-12 23:28:08.292 [WARN ] Frontend -  This is the second data : {success: true, data: {userId: USER-14A9EACA, token: eyJhbGciOiJIUzI1NiJ9.eyJzdWIiOiJVU0VSLTE0QTlFQUNBIiwicm9sZXMiOiJSSURFUiIsImlhdCI6MTc3NjAxNjY4OCwiZXhwIjoxNzc2MDE3NTg4fQ.bSyQJtpbX1vv0Srf1_sIJD49YMwCjzHLhhxp_Hc3SUQ, refreshToken: 6678f7ca-0049-4f2f-929f-3015fdb89c79, expiresIn: 900}}
2026-04-12 23:28:08.292 [INFO ] Frontend -  Login successful. Tokens securely stored.
2026-04-12 23:28:08.550 [INFO ] Frontend -  User profile successfully loaded for: amit
2026-04-12 23:28:08.953 [WARN ] Frontend -  Primary geocoder failed (likely missing API key), trying fallback...
2026-04-12 23:28:09.036 [INFO ] Frontend -  User profile successfully loaded for: amit
2026-04-13 19:52:28.737 [INFO ] Frontend -  Attempting login for user: asr@gmail.com
2026-04-13 19:52:30.766 [INFO ] Frontend -  Login successful. Tokens securely stored.
2026-04-13 19:52:30.766 [WARN ] Frontend -  This is the second data : {success: true, data: {userId: USER-14A9EACA, token: eyJhbGciOiJIUzI1NiJ9.eyJzdWIiOiJVU0VSLTE0QTlFQUNBIiwicm9sZXMiOiJSSURFUiIsImlhdCI6MTc3NjA5MDE0OSwiZXhwIjoxNzc2MDkxMDQ5fQ.rXzLBfZpD9uJ0u0bTLdlVPOtqZkdt_qkIAUnHnXtFWA, refreshToken: c84ba7bc-7270-4682-bb8e-42605078cbc4, expiresIn: 900}}
2026-04-13 19:52:32.195 [INFO ] Frontend -  User profile successfully loaded for: amit
2026-04-13 19:52:32.548 [WARN ] Frontend -  Primary geocoder failed (likely missing API key), trying fallback...
2026-04-13 19:52:32.744 [INFO ] Frontend -  User profile successfully loaded for: amit
2026-04-13 19:53:06.377 [INFO ] Frontend -  Attempting login for user: rs@gmail.com
2026-04-13 19:53:06.799 [WARN ] Frontend -  This is the second data : {success: true, data: {userId: USER-492444CE, token: eyJhbGciOiJIUzI1NiJ9.eyJzdWIiOiJVU0VSLTQ5MjQ0NENFIiwicm9sZXMiOiJSSURFUiIsImlhdCI6MTc3NjA5MDE4NiwiZXhwIjoxNzc2MDkxMDg2fQ.NvB0mbVTIErqVGKzj3wlH60U1IKePtFsTZ-ofWFQres, refreshToken: 74b602de-7e85-4384-95ea-927843390607, expiresIn: 900}}
2026-04-13 19:53:06.800 [INFO ] Frontend -  Login successful. Tokens securely stored.
2026-04-13 19:53:06.981 [INFO ] Frontend -  User profile successfully loaded for: rohan
2026-04-13 19:53:07.452 [INFO ] Frontend -  User profile successfully loaded for: rohan
2026-04-13 19:53:45.836 [INFO ] Frontend -  User profile successfully loaded for: amit
2026-04-13 19:53:45.884 [INFO ] Frontend -  [FRIEND_API] action=get_friends_start userId=USER-14A9EACA traceId=friend-get-friends-1776090225857000
2026-04-13 19:53:49.966 [WARN ] Frontend -  Primary geocoder failed (likely missing API key), trying fallback...
2026-04-13 19:53:56.000 [INFO ] Frontend -  [FRIEND_API] action=get_friends_success userId=USER-14A9EACA count=1 traceId=friend-get-friends-1776090225857000
2026-04-13 19:54:10.237 [WARN ] Frontend -  Primary geocoder failed (likely missing API key), trying fallback...
2026-04-13 19:54:11.334 [INFO ] Frontend -  User profile successfully loaded for: amit
2026-04-13 19:54:32.846 [WARN ] Frontend -  Primary geocoder failed (likely missing API key), trying fallback...
2026-04-13 19:54:33.028 [INFO ] Frontend -  User profile successfully loaded for: rohan
2026-04-13 19:55:15.870 [WARN ] Frontend -  Primary geocoder failed (likely missing API key), trying fallback...
2026-04-13 19:55:16.034 [INFO ] Frontend -  User profile successfully loaded for: rohan
2026-04-13 19:55:19.244 [WARN ] Frontend -  Primary geocoder failed (likely missing API key), trying fallback...
2026-04-13 19:55:19.486 [INFO ] Frontend -  User profile successfully loaded for: amit
2026-04-13 20:31:03.554 [INFO ] Frontend -  Attempting login for user: asr@gmail.com
2026-04-13 20:31:04.722 [WARN ] Frontend -  This is the second data : {success: true, data: {userId: USER-14A9EACA, token: eyJhbGciOiJIUzI1NiJ9.eyJzdWIiOiJVU0VSLTE0QTlFQUNBIiwicm9sZXMiOiJSSURFUiIsImlhdCI6MTc3NjA5MjQ2NCwiZXhwIjoxNzc2MDkzMzY0fQ.-ZUMBPaZxAeDy5gqIXwlvERqaOaSMpcKgpJMDS4_Hi0, refreshToken: 2943326d-7a0c-43d7-aa6c-ca5539802620, expiresIn: 900}}
2026-04-13 20:31:04.721 [INFO ] Frontend -  Login successful. Tokens securely stored.
2026-04-13 20:31:06.100 [INFO ] Frontend -  User profile successfully loaded for: amit
2026-04-13 20:31:06.436 [WARN ] Frontend -  Primary geocoder failed (likely missing API key), trying fallback...
2026-04-13 20:31:06.796 [INFO ] Frontend -  User profile successfully loaded for: amit
2026-04-13 20:43:17.328 [INFO ] Frontend -  Attempting login for user: rs@gmail.com
2026-04-13 20:43:18.165 [WARN ] Frontend -  This is the second data : {success: true, data: {userId: USER-492444CE, token: eyJhbGciOiJIUzI1NiJ9.eyJzdWIiOiJVU0VSLTQ5MjQ0NENFIiwicm9sZXMiOiJSSURFUiIsImlhdCI6MTc3NjA5MzE5NywiZXhwIjoxNzc2MDk0MDk3fQ.xIcnziqSdpr7g73Hq_oDMmrSfVD8NekO8gUoI_CXovY, refreshToken: d857afa2-f528-496f-8ca9-07029a3de141, expiresIn: 900}}
2026-04-13 20:43:18.166 [INFO ] Frontend -  Login successful. Tokens securely stored.
2026-04-13 20:43:18.499 [INFO ] Frontend -  User profile successfully loaded for: rohan
2026-04-13 20:43:18.870 [INFO ] Frontend -  User profile successfully loaded for: rohan
2026-04-13 20:43:23.151 [INFO ] Frontend -  User profile successfully loaded for: amit
2026-04-13 20:43:23.193 [INFO ] Frontend -  [FRIEND_API] action=get_friends_start userId=USER-14A9EACA traceId=friend-get-friends-1776093203161000
2026-04-13 20:43:25.525 [INFO ] Frontend -  [FRIEND_API] action=get_friends_success userId=USER-14A9EACA count=1 traceId=friend-get-friends-1776093203161000
2026-04-13 20:43:30.626 [WARN ] Frontend -  Primary geocoder failed (likely missing API key), trying fallback...
2026-04-13 20:43:36.039 [WARN ] Frontend -  Primary geocoder failed (likely missing API key), trying fallback...
2026-04-13 20:43:36.250 [INFO ] Frontend -  User profile successfully loaded for: amit
2026-04-13 22:48:38.759 [INFO ] Frontend -  Attempting login for user: asr@gmail.com
2026-04-13 22:48:41.203 [INFO ] Frontend -  Login successful. Tokens securely stored.
2026-04-13 22:48:41.203 [WARN ] Frontend -  This is the second data : {success: true, data: {userId: USER-14A9EACA, token: eyJhbGciOiJIUzI1NiJ9.eyJzdWIiOiJVU0VSLTE0QTlFQUNBIiwicm9sZXMiOiJSSURFUiIsImlhdCI6MTc3NjEwMDcyMCwiZXhwIjoxNzc2MTAxNjIwfQ.L2-FR8vjAf05z9QxXcg2896h9-74xOjivejPvZ68qOs, refreshToken: 602b7261-79e2-4259-bc27-33a73418ab10, expiresIn: 900}}
2026-04-13 22:48:43.341 [INFO ] Frontend -  User profile successfully loaded for: amit
2026-04-13 22:48:43.742 [WARN ] Frontend -  Primary geocoder failed (likely missing API key), trying fallback...
2026-04-13 22:48:44.130 [INFO ] Frontend -  User profile successfully loaded for: amit
2026-04-13 22:49:00.833 [INFO ] Frontend -  Attempting login for user: rs@gmail.com
2026-04-13 22:49:01.218 [WARN ] Frontend -  This is the second data : {success: true, data: {userId: USER-492444CE, token: eyJhbGciOiJIUzI1NiJ9.eyJzdWIiOiJVU0VSLTQ5MjQ0NENFIiwicm9sZXMiOiJSSURFUiIsImlhdCI6MTc3NjEwMDc0MSwiZXhwIjoxNzc2MTAxNjQxfQ.sqhu9D8kMbt5ukK1lywKKWkmzTvhyMZOM6tZakREymM, refreshToken: d06b4c30-4cee-4bbd-bc23-c0871415d9ce, expiresIn: 900}}
2026-04-13 22:49:01.219 [INFO ] Frontend -  Login successful. Tokens securely stored.
2026-04-13 22:49:01.440 [INFO ] Frontend -  User profile successfully loaded for: rohan
2026-04-13 22:49:01.746 [INFO ] Frontend -  User profile successfully loaded for: rohan
2026-04-13 22:49:26.304 [INFO ] Frontend -  User profile successfully loaded for: amit
2026-04-13 22:49:26.331 [INFO ] Frontend -  [FRIEND_API] action=get_friends_start userId=USER-14A9EACA traceId=friend-get-friends-1776100766311000
2026-04-13 22:49:28.376 [INFO ] Frontend -  [FRIEND_API] action=get_friends_success userId=USER-14A9EACA count=1 traceId=friend-get-friends-1776100766311000
2026-04-13 22:49:51.642 [WARN ] Frontend -  Primary geocoder failed (likely missing API key), trying fallback...
2026-04-13 22:58:52.796 [INFO ] Frontend -  User profile successfully loaded for: amit
2026-04-13 22:58:52.813 [INFO ] Frontend -  [FRIEND_API] action=get_friends_start userId=USER-14A9EACA traceId=friend-get-friends-1776101332801000
2026-04-13 22:58:53.290 [INFO ] Frontend -  [FRIEND_API] action=get_friends_success userId=USER-14A9EACA count=1 traceId=friend-get-friends-1776101332801000
2026-04-13 22:59:13.343 [WARN ] Frontend -  Primary geocoder failed (likely missing API key), trying fallback...
2026-04-13 22:59:14.034 [INFO ] Frontend -  User profile successfully loaded for: amit
2026-04-14 00:22:36.554 [INFO ] Frontend -  Attempting login for user: asr@gmail.com
2026-04-14 00:22:38.351 [WARN ] Frontend -  This is the second data : {success: true, data: {userId: USER-14A9EACA, token: eyJhbGciOiJIUzI1NiJ9.eyJzdWIiOiJVU0VSLTE0QTlFQUNBIiwicm9sZXMiOiJSSURFUiIsImlhdCI6MTc3NjEwNjM1NywiZXhwIjoxNzc2MTA3MjU3fQ.o0Yn5CJcXd4ik9vk9ORO_heGkUDlW32bAY80rudDkTE, refreshToken: a8f428ef-a184-4681-b418-f32d8f18a10f, expiresIn: 900}}
2026-04-14 00:22:38.351 [INFO ] Frontend -  Login successful. Tokens securely stored.
2026-04-14 00:22:40.196 [INFO ] Frontend -  User profile successfully loaded for: amit
2026-04-14 00:22:40.598 [WARN ] Frontend -  Primary geocoder failed (likely missing API key), trying fallback...
2026-04-14 00:22:40.798 [INFO ] Frontend -  User profile successfully loaded for: amit
2026-04-14 00:22:50.200 [INFO ] Frontend -  User profile successfully loaded for: amit
2026-04-14 00:22:58.868 [INFO ] Frontend -  User profile successfully loaded for: amit
2026-04-14 00:23:42.706 [INFO ] Frontend -  User profile successfully loaded for: amit
2026-04-14 00:23:51.317 [WARN ] Frontend -  Primary geocoder failed (likely missing API key), trying fallback...
2026-04-14 00:23:51.617 [INFO ] Frontend -  User profile successfully loaded for: amit
2026-04-14 00:24:26.066 [WARN ] Frontend -  Primary geocoder failed (likely missing API key), trying fallback...
2026-04-14 00:24:26.357 [INFO ] Frontend -  User profile successfully loaded for: amit
2026-04-14 00:25:11.088 [INFO ] Frontend -  Attempting login for user: asr@gmail.com
2026-04-14 00:25:11.640 [INFO ] Frontend -  Login successful. Tokens securely stored.
2026-04-14 00:25:11.640 [WARN ] Frontend -  This is the second data : {success: true, data: {userId: USER-14A9EACA, token: eyJhbGciOiJIUzI1NiJ9.eyJzdWIiOiJVU0VSLTE0QTlFQUNBIiwicm9sZXMiOiJSSURFUiIsImlhdCI6MTc3NjEwNjUxMSwiZXhwIjoxNzc2MTA3NDExfQ.JccYQE_HON2MQvu_IZal7RlFlIXgSEvgQ_51SsOfAKg, refreshToken: bb11aa96-7370-40bb-a989-0f0733dc79f3, expiresIn: 900}}
2026-04-14 00:25:11.894 [INFO ] Frontend -  User profile successfully loaded for: amit
2026-04-14 00:25:12.441 [INFO ] Frontend -  User profile successfully loaded for: amit
2026-04-14 00:25:26.554 [INFO ] Frontend -  User profile successfully loaded for: amit
2026-04-14 00:25:41.757 [WARN ] Frontend -  Primary geocoder failed (likely missing API key), trying fallback...
2026-04-14 00:31:51.509 [WARN ] Frontend -  Primary geocoder failed (likely missing API key), trying fallback...
2026-04-14 00:31:52.063 [INFO ] Frontend -  User profile successfully loaded for: amit
2026-04-14 00:32:05.670 [WARN ] Frontend -  Primary geocoder failed (likely missing API key), trying fallback...
2026-04-14 00:32:05.943 [INFO ] Frontend -  User profile successfully loaded for: amit
2026-04-14 00:32:08.535 [INFO ] Frontend -  User profile successfully loaded for: amit
2026-04-14 00:35:03.211 [INFO ] Frontend -  Attempting login for user: asr@gmail.com
2026-04-14 00:35:04.362 [INFO ] Frontend -  Login successful. Tokens securely stored.
2026-04-14 00:35:04.362 [WARN ] Frontend -  This is the second data : {success: true, data: {userId: USER-14A9EACA, token: eyJhbGciOiJIUzI1NiJ9.eyJzdWIiOiJVU0VSLTE0QTlFQUNBIiwicm9sZXMiOiJSSURFUiIsImlhdCI6MTc3NjEwNzEwNCwiZXhwIjoxNzc2MTA4MDA0fQ.wd0C6V9tpAVRfBmb834FIhHgBBlq5Vk6jicKlfgP32M, refreshToken: 814e2623-5bba-4e50-ae18-ea7c9294a4c5, expiresIn: 900}}
2026-04-14 00:35:05.686 [INFO ] Frontend -  User profile successfully loaded for: amit
2026-04-14 00:35:06.422 [WARN ] Frontend -  Primary geocoder failed (likely missing API key), trying fallback...
2026-04-14 00:35:06.621 [INFO ] Frontend -  User profile successfully loaded for: amit
2026-04-14 00:35:11.362 [INFO ] Frontend -  Attempting login for user: rs@gmail.com
2026-04-14 00:35:11.821 [WARN ] Frontend -  This is the second data : {success: true, data: {userId: USER-492444CE, token: eyJhbGciOiJIUzI1NiJ9.eyJzdWIiOiJVU0VSLTQ5MjQ0NENFIiwicm9sZXMiOiJSSURFUiIsImlhdCI6MTc3NjEwNzExMSwiZXhwIjoxNzc2MTA4MDExfQ.64-nb6bLOR9xXKNG541NjMaJcEimDWUwAQXPsZ6p71Q, refreshToken: de571b62-6216-487e-b488-79fbacc7f640, expiresIn: 900}}
2026-04-14 00:35:11.821 [INFO ] Frontend -  Login successful. Tokens securely stored.
2026-04-14 00:35:12.079 [INFO ] Frontend -  User profile successfully loaded for: rohan
2026-04-14 00:35:12.404 [WARN ] Frontend -  Primary geocoder failed (likely missing API key), trying fallback...
2026-04-14 00:35:12.628 [INFO ] Frontend -  User profile successfully loaded for: rohan
2026-04-14 00:35:49.122 [INFO ] Frontend -  Attempting login for user: rs@gmail.com
2026-04-14 00:35:50.142 [WARN ] Frontend -  This is the second data : {success: true, data: {userId: USER-492444CE, token: eyJhbGciOiJIUzI1NiJ9.eyJzdWIiOiJVU0VSLTQ5MjQ0NENFIiwicm9sZXMiOiJSSURFUiIsImlhdCI6MTc3NjEwNzE0OSwiZXhwIjoxNzc2MTA4MDQ5fQ.j3ybfo5OYeTDAhsbS8keK8Z-u5lRDtOnQkgz3MilRGI, refreshToken: c0303cda-67f0-471b-a003-622bb0822de0, expiresIn: 900}}
2026-04-14 00:35:50.142 [INFO ] Frontend -  Login successful. Tokens securely stored.
2026-04-14 00:35:51.150 [INFO ] Frontend -  User profile successfully loaded for: rohan
2026-04-14 00:35:56.003 [WARN ] Frontend -  Primary geocoder failed (likely missing API key), trying fallback...
2026-04-14 00:35:56.286 [INFO ] Frontend -  User profile successfully loaded for: rohan
2026-04-14 00:36:31.891 [WARN ] Frontend -  Primary geocoder failed (likely missing API key), trying fallback...
2026-04-14 00:36:32.085 [INFO ] Frontend -  User profile successfully loaded for: amit
2026-04-14 00:38:31.718 [INFO ] Frontend -  User profile successfully loaded for: amit
2026-04-14 00:38:34.431 [INFO ] Frontend -  User profile successfully loaded for: amit
2026-04-14 00:42:22.791 [INFO ] Frontend -  Attempting login for user: asr@gmail.com
2026-04-14 00:42:23.390 [WARN ] Frontend -  This is the second data : {success: true, data: {userId: USER-14A9EACA, token: eyJhbGciOiJIUzI1NiJ9.eyJzdWIiOiJVU0VSLTE0QTlFQUNBIiwicm9sZXMiOiJSSURFUiIsImlhdCI6MTc3NjEwNzU0MywiZXhwIjoxNzc2MTA4NDQzfQ.MdXUX2yOZ2k142-UGpx8Nxac5Yy6nhOkYxDpDTKc4DM, refreshToken: 817de9c9-21bf-4bf9-873f-86dc84b8886b, expiresIn: 900}}
2026-04-14 00:42:23.392 [INFO ] Frontend -  Login successful. Tokens securely stored.
2026-04-14 00:42:23.722 [INFO ] Frontend -  User profile successfully loaded for: amit
2026-04-14 00:42:24.030 [WARN ] Frontend -  Primary geocoder failed (likely missing API key), trying fallback...
2026-04-14 00:42:24.203 [INFO ] Frontend -  User profile successfully loaded for: amit
2026-04-14 01:06:10.487 [INFO ] Frontend -  Attempting login for user: asr@gmail.com
2026-04-14 01:06:11.385 [WARN ] Frontend -  This is the second data : {success: true, data: {userId: USER-14A9EACA, token: eyJhbGciOiJIUzI1NiJ9.eyJzdWIiOiJVU0VSLTE0QTlFQUNBIiwicm9sZXMiOiJSSURFUiIsImlhdCI6MTc3NjEwODk3MSwiZXhwIjoxNzc2MTA5ODcxfQ.JjSE0hzQsHGSu0DDpGxNTP34LZbktYHzHB8VJbTeVwc, refreshToken: 2fa77a24-91fc-4413-b0ea-15434aef2661, expiresIn: 900}}
2026-04-14 01:06:11.385 [INFO ] Frontend -  Login successful. Tokens securely stored.
2026-04-14 01:06:11.886 [INFO ] Frontend -  User profile successfully loaded for: amit
2026-04-14 01:06:12.169 [WARN ] Frontend -  Primary geocoder failed (likely missing API key), trying fallback...
2026-04-14 01:06:12.265 [INFO ] Frontend -  User profile successfully loaded for: amit
2026-04-14 21:58:11.508 [INFO ] Frontend -  Attempting login for user: asr@gmail.com
2026-04-14 21:58:13.210 [WARN ] Frontend -  This is the second data : {success: true, data: {userId: USER-14A9EACA, token: eyJhbGciOiJIUzI1NiJ9.eyJzdWIiOiJVU0VSLTE0QTlFQUNBIiwicm9sZXMiOiJSSURFUiIsImlhdCI6MTc3NjE4NDA5MiwiZXhwIjoxNzc2MTg0OTkyfQ.zYnqGylpU3X6mgwwLRZZovLOdHrB-6C3ZMvGVw4fVL0, refreshToken: 4161db1e-33a0-431d-a8b3-5fea55df1064, expiresIn: 900}}
2026-04-14 21:58:13.209 [INFO ] Frontend -  Login successful. Tokens securely stored.
2026-04-14 21:58:15.551 [INFO ] Frontend -  User profile successfully loaded for: amit
2026-04-14 21:58:16.087 [INFO ] Frontend -  User profile successfully loaded for: amit
2026-04-14 21:58:16.105 [WARN ] Frontend -  Primary geocoder failed (likely missing API key), trying fallback...
2026-04-14 22:07:27.807 [INFO ] Frontend -  [FRIEND_SCREEN] action=load_data_start
2026-04-14 22:07:28.469 [INFO ] Frontend -  User profile successfully loaded for: amit
2026-04-14 22:07:28.576 [INFO ] Frontend -  [FRIEND_SCREEN] action=load_data_identity userId=USER-14A9EACA
2026-04-14 22:07:28.657 [INFO ] Frontend -  [FRIEND_API] action=get_pending_start traceId=friend-get-pending-1776184648608000
2026-04-14 22:07:28.657 [INFO ] Frontend -  [FRIEND_API] action=get_friends_start userId=USER-14A9EACA traceId=friend-get-friends-1776184648603000
2026-04-14 22:07:28.657 [INFO ] Frontend -  [FRIEND_API] action=get_recommendations_start userId=USER-14A9EACA traceId=friend-get-recommendations-1776184648613000
2026-04-14 22:07:30.007 [INFO ] Frontend -  [FRIEND_API] action=get_pending_success count=0 traceId=friend-get-pending-1776184648608000
2026-04-14 22:07:37.850 [INFO ] Frontend -  [FRIEND_API] action=get_recommendations_success userId=USER-14A9EACA count=0 traceId=friend-get-recommendations-1776184648613000
2026-04-14 22:07:37.849 [INFO ] Frontend -  [FRIEND_API] action=get_friends_success userId=USER-14A9EACA count=1 traceId=friend-get-friends-1776184648603000
2026-04-14 22:07:37.883 [INFO ] Frontend -  [FRIEND_SCREEN] action=load_data_success friends=1 pending=0 suggested=0
2026-04-14 22:07:38.120 [INFO ] Frontend -  [FRIEND_SCREEN] action=socket_connected userId=USER-14A9EACA
2026-04-14 22:07:40.860 [INFO ] Frontend -  [PUBLIC_PROFILE] action=fetch_relationship target=USER-492444CE
2026-04-14 22:07:40.860 [INFO ] Frontend -  [PUBLIC_PROFILE] action=fetch_mutual_count target=USER-492444CE
2026-04-14 22:07:40.860 [INFO ] Frontend -  [PUBLIC_PROFILE] action=fetch_friend_count target=USER-492444CE
2026-04-14 22:07:40.905 [INFO ] Frontend -  [FRIEND_API] action=get_friends_start userId=USER-492444CE traceId=friend-get-friends-1776184660892000
2026-04-14 22:07:40.905 [INFO ] Frontend -  [FRIEND_API] action=get_mutual_count_start target=USER-492444CE traceId=friend-get-mutual-count-1776184660887000
2026-04-14 22:07:40.930 [INFO ] Frontend -  [FRIEND_API] action=get_relationship_start target=USER-492444CE traceId=friend-get-relationship-1776184660897000
2026-04-14 22:07:41.237 [INFO ] Frontend -  [FRIEND_API] action=get_relationship_success target=USER-492444CE statusValue=friends traceId=friend-get-relationship-1776184660897000
2026-04-14 22:07:41.306 [INFO ] Frontend -  [FRIEND_API] action=get_friends_success userId=USER-492444CE count=1 traceId=friend-get-friends-1776184660892000
2026-04-14 22:07:41.306 [INFO ] Frontend -  [FRIEND_API] action=get_mutual_count_success target=USER-492444CE count=0 traceId=friend-get-mutual-count-1776184660887000
2026-04-14 22:07:44.418 [INFO ] Frontend -  [FRIEND_SCREEN] action=socket_disconnected userId=USER-14A9EACA
2026-04-14 22:08:09.017 [WARN ] Frontend -  Primary geocoder failed (likely missing API key), trying fallback...
2026-04-14 22:08:09.250 [INFO ] Frontend -  User profile successfully loaded for: amit
2026-04-14 22:11:40.445 [INFO ] Frontend -  Attempting login for user: asr@gmail.com
2026-04-14 22:11:40.940 [WARN ] Frontend -  This is the second data : {success: true, data: {userId: USER-14A9EACA, token: eyJhbGciOiJIUzI1NiJ9.eyJzdWIiOiJVU0VSLTE0QTlFQUNBIiwicm9sZXMiOiJSSURFUiIsImlhdCI6MTc3NjE4NDkwMCwiZXhwIjoxNzc2MTg1ODAwfQ.M5ku7GZm1E9c5Haxd0vAi0CTI8Ip8Td-rWFkZEfyZqg, refreshToken: a2f541d9-be4b-4e2a-878e-5e5d7c76c9ce, expiresIn: 900}}
2026-04-14 22:11:40.940 [INFO ] Frontend -  Login successful. Tokens securely stored.
2026-04-14 22:11:41.199 [INFO ] Frontend -  User profile successfully loaded for: amit
2026-04-14 22:11:41.448 [WARN ] Frontend -  Primary geocoder failed (likely missing API key), trying fallback...
2026-04-14 22:11:41.504 [INFO ] Frontend -  User profile successfully loaded for: amit
2026-04-14 22:12:45.031 [WARN ] Frontend -  Primary geocoder failed (likely missing API key), trying fallback...
2026-04-14 22:12:45.266 [INFO ] Frontend -  User profile successfully loaded for: amit
2026-04-14 22:13:52.595 [INFO ] Frontend -  Attempting login for user: asr@gmail.com
2026-04-14 22:13:52.909 [WARN ] Frontend -  This is the second data : {success: true, data: {userId: USER-14A9EACA, token: eyJhbGciOiJIUzI1NiJ9.eyJzdWIiOiJVU0VSLTE0QTlFQUNBIiwicm9sZXMiOiJSSURFUiIsImlhdCI6MTc3NjE4NTAzMiwiZXhwIjoxNzc2MTg1OTMyfQ.WZRNmT9CQy4ylDK70JMmmNqBnAtJXVfi25UEIJzXZZA, refreshToken: cdba5449-cd21-464a-a489-8b2ac70b68f0, expiresIn: 900}}
2026-04-14 22:13:52.909 [INFO ] Frontend -  Login successful. Tokens securely stored.
2026-04-14 22:13:53.128 [INFO ] Frontend -  User profile successfully loaded for: amit
2026-04-14 22:13:53.370 [WARN ] Frontend -  Primary geocoder failed (likely missing API key), trying fallback...
2026-04-14 22:13:53.619 [INFO ] Frontend -  User profile successfully loaded for: amit
2026-04-14 22:17:35.463 [WARN ] Frontend -  Primary geocoder failed (likely missing API key), trying fallback...
2026-04-14 22:17:35.810 [INFO ] Frontend -  User profile successfully loaded for: amit
2026-04-14 23:12:18.219 [INFO ] Frontend -  Attempting login for user: asr@gmail.com
2026-04-14 23:12:19.441 [INFO ] Frontend -  Login successful. Tokens securely stored.
2026-04-14 23:12:19.441 [WARN ] Frontend -  This is the second data : {success: true, data: {userId: USER-14A9EACA, token: eyJhbGciOiJIUzI1NiJ9.eyJzdWIiOiJVU0VSLTE0QTlFQUNBIiwicm9sZXMiOiJSSURFUiIsImlhdCI6MTc3NjE4ODUzOCwiZXhwIjoxNzc2MTg5NDM4fQ.VyvBc3-LGnsu36jZy7urmVELyDkWhinwjrHcUnfKfgU, refreshToken: 523d7bc1-bfe2-463a-a7b1-e401ca28dfa6, expiresIn: 900}}
2026-04-14 23:12:21.043 [INFO ] Frontend -  User profile successfully loaded for: amit
2026-04-14 23:12:21.497 [WARN ] Frontend -  Primary geocoder failed (likely missing API key), trying fallback...
2026-04-14 23:12:21.840 [INFO ] Frontend -  User profile successfully loaded for: amit
2026-04-14 23:31:44.399 [INFO ] Frontend -  Attempting login for user: asr@gmail.com
2026-04-14 23:31:44.975 [INFO ] Frontend -  Login successful. Tokens securely stored.
2026-04-14 23:31:44.975 [WARN ] Frontend -  This is the second data : {success: true, data: {userId: USER-14A9EACA, token: eyJhbGciOiJIUzI1NiJ9.eyJzdWIiOiJVU0VSLTE0QTlFQUNBIiwicm9sZXMiOiJSSURFUiIsImlhdCI6MTc3NjE4OTcwNCwiZXhwIjoxNzc2MTkwNjA0fQ.uWLpUVKcqyhvJpsR9pxuvQcDgVj95bG-D0kNkxT0qJA, refreshToken: ac6d875d-c9ed-4a67-acff-601f89fec7f9, expiresIn: 900}}
2026-04-14 23:31:45.371 [INFO ] Frontend -  User profile successfully loaded for: amit
2026-04-14 23:31:45.770 [WARN ] Frontend -  Primary geocoder failed (likely missing API key), trying fallback...
2026-04-14 23:31:45.927 [INFO ] Frontend -  User profile successfully loaded for: amit
2026-04-14 23:49:51.664 [INFO ] Frontend -  Attempting login for user: asr@gmail.com
2026-04-14 23:49:52.117 [INFO ] Frontend -  Login successful. Tokens securely stored.
2026-04-14 23:49:52.117 [WARN ] Frontend -  This is the second data : {success: true, data: {userId: USER-14A9EACA, token: eyJhbGciOiJIUzI1NiJ9.eyJzdWIiOiJVU0VSLTE0QTlFQUNBIiwicm9sZXMiOiJSSURFUiIsImlhdCI6MTc3NjE5MDc5MSwiZXhwIjoxNzc2MTkxNjkxfQ.JiLUNfzfZtqTzWkagdsGxZ5mvyJwtV0E3N50Dr14nCg, refreshToken: 1720fc9e-9e80-4483-a6f2-20a69318b430, expiresIn: 900}}
2026-04-14 23:49:52.388 [INFO ] Frontend -  User profile successfully loaded for: amit
2026-04-14 23:49:52.654 [WARN ] Frontend -  Primary geocoder failed (likely missing API key), trying fallback...
2026-04-14 23:49:52.825 [INFO ] Frontend -  User profile successfully loaded for: amit
2026-04-16 23:35:18.347 [INFO ] Frontend -  Attempting login for user: asr@gmail.com
2026-04-16 23:35:19.113 [INFO ] Frontend -  Login successful. Tokens securely stored.
2026-04-16 23:35:19.115 [WARN ] Frontend -  This is the second data : {success: true, data: {userId: USER-14A9EACA, token: eyJhbGciOiJIUzI1NiJ9.eyJzdWIiOiJVU0VSLTE0QTlFQUNBIiwicm9sZXMiOiJSSURFUiIsImlhdCI6MTc3NjM2MjcxOCwiZXhwIjoxNzc2MzYzNjE4fQ.BQQkoDPtZ8HBQfLklBqHqGdc7KRd2Ojy5A7fNsknrpg, refreshToken: c189c5ed-144c-4204-bccb-84955a54ce58, expiresIn: 900}}
2026-04-16 23:35:19.948 [INFO ] Frontend -  User profile successfully loaded for: amit
2026-04-16 23:35:20.268 [WARN ] Frontend -  Primary geocoder failed (likely missing API key), trying fallback...
2026-04-16 23:35:20.342 [WARN ] Frontend -  Failed to fetch notifications: 500 {"data":null,"error":{},"message":"A runtime error occurred","status":"FAILED"}
2026-04-16 23:35:20.366 [INFO ] Frontend -  User profile successfully loaded for: amit
2026-04-16 23:43:22.810 [INFO ] Frontend -  Attempting login for user: asr@gmail.com
2026-04-16 23:43:23.026 [INFO ] Frontend -  Login successful. Tokens securely stored.
2026-04-16 23:43:23.026 [WARN ] Frontend -  This is the second data : {success: true, data: {userId: USER-14A9EACA, token: eyJhbGciOiJIUzI1NiJ9.eyJzdWIiOiJVU0VSLTE0QTlFQUNBIiwicm9sZXMiOiJSSURFUiIsImlhdCI6MTc3NjM2MzIwMiwiZXhwIjoxNzc2MzY0MTAyfQ.nHCco4MLA0Da1b0D-4WTupyGKPnABXu4VOWj1-GD9wQ, refreshToken: 09e5f090-5222-4de6-9f92-da48e4b39f57, expiresIn: 900}}
2026-04-16 23:43:23.220 [INFO ] Frontend -  User profile successfully loaded for: amit
2026-04-16 23:43:23.375 [WARN ] Frontend -  Primary geocoder failed (likely missing API key), trying fallback...
2026-04-16 23:43:23.433 [WARN ] Frontend -  Failed to fetch notifications: 500 {"data":null,"error":{},"message":"A runtime error occurred","status":"FAILED"}
2026-04-16 23:43:23.442 [INFO ] Frontend -  User profile successfully loaded for: amit
2026-04-16 23:43:26.900 [WARN ] Frontend -  Primary geocoder failed (likely missing API key), trying fallback...
2026-04-16 23:43:26.936 [WARN ] Frontend -  Failed to fetch notifications: 500 {"data":null,"error":{},"message":"A runtime error occurred","status":"FAILED"}
2026-04-16 23:43:26.961 [INFO ] Frontend -  User profile successfully loaded for: amit
2026-04-16 23:44:48.654 [WARN ] Frontend -  Primary geocoder failed (likely missing API key), trying fallback...
2026-04-16 23:44:48.737 [WARN ] Frontend -  Failed to fetch notifications: 500 {"data":null,"error":{},"message":"A runtime error occurred","status":"FAILED"}
2026-04-16 23:44:48.774 [INFO ] Frontend -  User profile successfully loaded for: amit
2026-04-16 23:48:37.169 [WARN ] Frontend -  Primary geocoder failed (likely missing API key), trying fallback...
2026-04-16 23:48:37.328 [WARN ] Frontend -  Failed to fetch notifications: 500 {"data":null,"error":{},"message":"A runtime error occurred","status":"FAILED"}
2026-04-16 23:48:37.328 [INFO ] Frontend -  User profile successfully loaded for: amit
2026-04-16 23:49:27.437 [WARN ] Frontend -  Primary geocoder failed (likely missing API key), trying fallback...
2026-04-16 23:49:27.524 [WARN ] Frontend -  Failed to fetch notifications: 500 {"data":null,"error":{},"message":"A runtime error occurred","status":"FAILED"}
2026-04-16 23:49:27.575 [INFO ] Frontend -  User profile successfully loaded for: amit
2026-04-16 23:54:21.703 [WARN ] Frontend -  Primary geocoder failed (likely missing API key), trying fallback...
2026-04-16 23:54:21.893 [WARN ] Frontend -  Failed to fetch notifications: 500 {"data":null,"error":{},"message":"A runtime error occurred","status":"FAILED"}
2026-04-16 23:54:21.911 [INFO ] Frontend -  User profile successfully loaded for: amit
2026-04-18 01:41:35.804 [INFO ] Frontend -  Attempting login for user: asr@gmail.com
2026-04-18 01:41:37.288 [INFO ] Frontend -  Login successful. Tokens securely stored.
2026-04-18 01:41:37.288 [WARN ] Frontend -  This is the second data : {success: true, data: {userId: USER-14A9EACA, token: eyJhbGciOiJIUzI1NiJ9.eyJzdWIiOiJVU0VSLTE0QTlFQUNBIiwicm9sZXMiOiJSSURFUiIsImlhdCI6MTc3NjQ1NjY5NiwiZXhwIjoxNzc2NDU3NTk2fQ.CXwS3Io7fK8-utYhqtDIh6cN0OZc06vHQnQZ7LtZv5Y, refreshToken: 309ee25b-88ee-4d2a-afd0-a62ee09c8e5b, expiresIn: 900}}
2026-04-18 01:41:39.072 [INFO ] Frontend -  User profile successfully loaded for: amit
2026-04-18 01:41:39.564 [WARN ] Frontend -  Primary geocoder failed (likely missing API key), trying fallback...
2026-04-18 01:41:39.823 [INFO ] Frontend -  User profile successfully loaded for: amit
2026-04-18 01:41:39.942 [WARN ] Frontend -  Failed to fetch notifications: 500 {"data":null,"error":{},"message":"A runtime error occurred","status":"FAILED"}
2026-04-18 01:42:25.771 [WARN ] Frontend -  Primary geocoder failed (likely missing API key), trying fallback...
2026-04-18 01:42:25.817 [WARN ] Frontend -  Failed to fetch notifications: 500 {"data":null,"error":{},"message":"A runtime error occurred","status":"FAILED"}
2026-04-18 01:42:25.889 [INFO ] Frontend -  User profile successfully loaded for: amit
2026-04-18 01:42:45.624 [WARN ] Frontend -  Primary geocoder failed (likely missing API key), trying fallback...
2026-04-18 01:42:45.742 [WARN ] Frontend -  Failed to fetch notifications: 500 {"data":null,"error":{},"message":"A runtime error occurred","status":"FAILED"}
2026-04-18 01:42:45.793 [INFO ] Frontend -  User profile successfully loaded for: amit
2026-04-18 01:43:58.202 [WARN ] Frontend -  Failed to fetch notifications: 500 {"data":null,"error":{},"message":"A runtime error occurred","status":"FAILED"}
2026-04-18 01:44:01.158 [WARN ] Frontend -  Primary geocoder failed (likely missing API key), trying fallback...
2026-04-18 01:44:01.225 [WARN ] Frontend -  Failed to fetch notifications: 500 {"data":null,"error":{},"message":"A runtime error occurred","status":"FAILED"}
2026-04-18 01:44:01.379 [INFO ] Frontend -  User profile successfully loaded for: amit
2026-04-18 01:45:22.700 [WARN ] Frontend -  Primary geocoder failed (likely missing API key), trying fallback...
2026-04-18 01:45:22.809 [WARN ] Frontend -  Failed to fetch notifications: 500 {"data":null,"error":{},"message":"A runtime error occurred","status":"FAILED"}
2026-04-18 01:45:22.851 [INFO ] Frontend -  User profile successfully loaded for: amit
2026-04-18 01:45:25.731 [WARN ] Frontend -  Failed to fetch notifications: 500 {"data":null,"error":{},"message":"A runtime error occurred","status":"FAILED"}
2026-04-18 01:45:25.731 [WARN ] Frontend -  Primary geocoder failed (likely missing API key), trying fallback...
2026-04-18 01:45:25.764 [INFO ] Frontend -  User profile successfully loaded for: amit
2026-04-18 01:45:40.275 [WARN ] Frontend -  Primary geocoder failed (likely missing API key), trying fallback...
2026-04-18 01:45:40.350 [WARN ] Frontend -  Failed to fetch notifications: 500 {"data":null,"error":{},"message":"A runtime error occurred","status":"FAILED"}
2026-04-18 01:45:40.389 [INFO ] Frontend -  User profile successfully loaded for: amit
2026-04-18 01:46:18.167 [WARN ] Frontend -  Failed to fetch notifications: 500 {"data":null,"error":{},"message":"A runtime error occurred","status":"FAILED"}
2026-04-18 01:46:20.943 [WARN ] Frontend -  Primary geocoder failed (likely missing API key), trying fallback...
2026-04-18 01:46:21.020 [WARN ] Frontend -  Failed to fetch notifications: 500 {"data":null,"error":{},"message":"A runtime error occurred","status":"FAILED"}
2026-04-18 01:46:21.079 [INFO ] Frontend -  User profile successfully loaded for: amit
2026-04-18 01:47:47.806 [INFO ] Frontend -  User profile successfully loaded for: amit
2026-04-18 01:48:10.598 [WARN ] Frontend -  Primary geocoder failed (likely missing API key), trying fallback...
2026-04-18 01:48:10.645 [WARN ] Frontend -  Failed to fetch notifications: 500 {"data":null,"error":{},"message":"A runtime error occurred","status":"FAILED"}
2026-04-18 01:48:10.684 [INFO ] Frontend -  User profile successfully loaded for: amit
2026-04-18 01:51:43.682 [INFO ] Frontend -  User profile successfully loaded for: amit
2026-04-18 01:53:09.613 [INFO ] Frontend -  User profile successfully loaded for: amit
2026-04-18 01:53:19.670 [INFO ] Frontend -  User profile successfully loaded for: amit
2026-04-18 01:53:35.939 [INFO ] Frontend -  User profile successfully loaded for: amit
2026-04-18 01:54:49.590 [INFO ] Frontend -  Attempting login for user: rs@gmail.com
2026-04-18 01:54:49.951 [INFO ] Frontend -  Login successful. Tokens securely stored.
2026-04-18 01:54:49.951 [WARN ] Frontend -  This is the second data : {success: true, data: {userId: USER-492444CE, token: eyJhbGciOiJIUzI1NiJ9.eyJzdWIiOiJVU0VSLTQ5MjQ0NENFIiwicm9sZXMiOiJSSURFUiIsImlhdCI6MTc3NjQ1NzQ4OSwiZXhwIjoxNzc2NDU4Mzg5fQ.8zuoMClsnPanpyXqjIszWoUwfHW0WKyoz-wuWpEwpKQ, refreshToken: 5b36a1e2-3d86-41b2-b77f-3ee04f242078, expiresIn: 900}}
2026-04-18 01:54:50.255 [INFO ] Frontend -  User profile successfully loaded for: rohan
2026-04-18 01:54:50.615 [WARN ] Frontend -  Failed to fetch notifications: 500 {"data":null,"error":{},"message":"A runtime error occurred","status":"FAILED"}
2026-04-18 01:54:50.688 [INFO ] Frontend -  User profile successfully loaded for: rohan
2026-04-18 01:55:00.139 [WARN ] Frontend -  Failed to fetch notifications: 500 {"data":null,"error":{},"message":"A runtime error occurred","status":"FAILED"}
2026-04-18 01:55:00.171 [INFO ] Frontend -  User profile successfully loaded for: rohan
2026-04-18 01:55:09.291 [INFO ] Frontend -  User profile successfully loaded for: amit
2026-04-18 01:55:15.689 [INFO ] Frontend -  User profile successfully loaded for: amit
2026-04-18 01:55:58.791 [INFO ] Frontend -  User profile successfully loaded for: amit
2026-04-18 01:55:58.827 [INFO ] Frontend -  [FRIEND_API] action=get_friends_start userId=USER-14A9EACA traceId=friend-get-friends-1776457558809000
2026-04-18 01:56:03.629 [INFO ] Frontend -  [FRIEND_API] action=get_friends_success userId=USER-14A9EACA count=1 traceId=friend-get-friends-1776457558809000
2026-04-18 01:56:36.048 [WARN ] Frontend -  Failed to fetch notifications: 500 {"data":null,"error":{},"message":"A runtime error occurred","status":"FAILED"}
2026-04-18 01:59:05.163 [INFO ] Frontend -  Attempting login for user: asr@gmail.com
2026-04-18 01:59:05.491 [INFO ] Frontend -  Login successful. Tokens securely stored.
2026-04-18 01:59:05.492 [WARN ] Frontend -  This is the second data : {success: true, data: {userId: USER-14A9EACA, token: eyJhbGciOiJIUzI1NiJ9.eyJzdWIiOiJVU0VSLTE0QTlFQUNBIiwicm9sZXMiOiJSSURFUiIsImlhdCI6MTc3NjQ1Nzc0NSwiZXhwIjoxNzc2NDU4NjQ1fQ.hGRu_-n3_MnADiH4-u6AfZyDqU5KCtMHAy3jAe0-GZQ, refreshToken: 82041f92-36d9-4978-a1fd-92385f96cddd, expiresIn: 900}}
2026-04-18 01:59:05.730 [INFO ] Frontend -  User profile successfully loaded for: amit
2026-04-18 01:59:06.001 [WARN ] Frontend -  Primary geocoder failed (likely missing API key), trying fallback...
2026-04-18 01:59:06.129 [WARN ] Frontend -  Failed to fetch notifications: 500 {"data":null,"error":{},"message":"A runtime error occurred","status":"FAILED"}
2026-04-18 01:59:06.172 [INFO ] Frontend -  User profile successfully loaded for: amit
2026-04-18 01:59:20.094 [INFO ] Frontend -  User profile successfully loaded for: amit
2026-04-18 01:59:22.912 [WARN ] Frontend -  Primary geocoder failed (likely missing API key), trying fallback...
2026-04-18 01:59:22.952 [WARN ] Frontend -  Failed to fetch notifications: 500 {"data":null,"error":{},"message":"A runtime error occurred","status":"FAILED"}
2026-04-18 01:59:23.055 [INFO ] Frontend -  User profile successfully loaded for: amit
2026-04-18 01:59:33.814 [WARN ] Frontend -  Failed to fetch notifications: 500 {"data":null,"error":{},"message":"A runtime error occurred","status":"FAILED"}
2026-04-18 01:59:42.867 [WARN ] Frontend -  Failed to fetch notifications: 500 {"data":null,"error":{},"message":"A runtime error occurred","status":"FAILED"}
2026-04-18 01:59:42.887 [INFO ] Frontend -  User profile successfully loaded for: rohan
2026-04-18 02:01:01.956 [WARN ] Frontend -  Primary geocoder failed (likely missing API key), trying fallback...
2026-04-18 02:01:02.110 [WARN ] Frontend -  Failed to fetch notifications: 500 {"data":null,"error":{},"message":"A runtime error occurred","status":"FAILED"}
2026-04-18 02:01:02.301 [INFO ] Frontend -  User profile successfully loaded for: amit
2026-04-18 02:01:07.535 [INFO ] Frontend -  User profile successfully loaded for: amit
2026-04-18 02:02:38.761 [WARN ] Frontend -  Primary geocoder failed (likely missing API key), trying fallback...
2026-04-18 02:02:38.958 [WARN ] Frontend -  Failed to fetch notifications: 500 {"data":null,"error":{},"message":"A runtime error occurred","status":"FAILED"}
2026-04-18 02:02:39.046 [INFO ] Frontend -  User profile successfully loaded for: amit
2026-04-18 02:03:20.050 [WARN ] Frontend -  Primary geocoder failed (likely missing API key), trying fallback...
2026-04-18 02:03:20.125 [WARN ] Frontend -  Failed to fetch notifications: 500 {"data":null,"error":{},"message":"A runtime error occurred","status":"FAILED"}
2026-04-18 02:03:20.160 [INFO ] Frontend -  User profile successfully loaded for: amit
2026-04-18 02:03:35.868 [INFO ] Frontend -  User profile successfully loaded for: amit
2026-04-18 02:03:38.638 [WARN ] Frontend -  Failed to fetch notifications: 500 {"data":null,"error":{},"message":"A runtime error occurred","status":"FAILED"}
2026-04-18 02:03:38.667 [INFO ] Frontend -  User profile successfully loaded for: rohan
2026-04-18 02:07:12.140 [INFO ] Frontend -  User profile successfully loaded for: amit
2026-04-18 02:07:12.442 [WARN ] Frontend -  Primary geocoder failed (likely missing API key), trying fallback...
2026-04-18 02:07:12.490 [INFO ] Frontend -  User profile successfully loaded for: amit
2026-04-18 02:07:20.739 [WARN ] Frontend -  Primary geocoder failed (likely missing API key), trying fallback...
2026-04-18 02:07:20.892 [INFO ] Frontend -  User profile successfully loaded for: amit
2026-04-18 02:08:48.096 [INFO ] Frontend -  User profile successfully loaded for: rohan
2026-04-18 02:08:48.319 [INFO ] Frontend -  User profile successfully loaded for: rohan
2026-04-18 02:08:53.258 [INFO ] Frontend -  [FRIEND_SCREEN] action=load_data_start
2026-04-18 02:08:53.447 [INFO ] Frontend -  User profile successfully loaded for: rohan
2026-04-18 02:08:53.456 [INFO ] Frontend -  [FRIEND_SCREEN] action=load_data_identity userId=USER-62617398
2026-04-18 02:08:53.486 [INFO ] Frontend -  [FRIEND_API] action=get_pending_start traceId=friend-get-pending-1776458333465000
2026-04-18 02:08:53.487 [INFO ] Frontend -  [FRIEND_API] action=get_recommendations_start userId=USER-62617398 traceId=friend-get-recommendations-1776458333467000
2026-04-18 02:08:53.497 [INFO ] Frontend -  [FRIEND_API] action=get_friends_start userId=USER-62617398 traceId=friend-get-friends-1776458333463000
2026-04-18 02:08:53.660 [INFO ] Frontend -  [FRIEND_API] action=get_pending_success count=0 traceId=friend-get-pending-1776458333465000
2026-04-18 02:08:53.686 [INFO ] Frontend -  [FRIEND_API] action=get_friends_success userId=USER-62617398 count=0 traceId=friend-get-friends-1776458333463000
2026-04-18 02:08:55.047 [INFO ] Frontend -  [FRIEND_API] action=get_recommendations_success userId=USER-62617398 count=1 traceId=friend-get-recommendations-1776458333467000
2026-04-18 02:08:55.060 [INFO ] Frontend -  [FRIEND_SCREEN] action=load_data_success friends=0 pending=0 suggested=1
2026-04-18 02:08:55.109 [INFO ] Frontend -  [FRIEND_SCREEN] action=socket_connected userId=USER-62617398
2026-04-18 02:08:59.659 [INFO ] Frontend -  [FRIEND_SCREEN] action=tap_send_request target=USER-8EB2BB33
2026-04-18 02:08:59.673 [INFO ] Frontend -  [FRIEND_API] action=send_request_start target=USER-8EB2BB33 traceId=friend-send-request-1776458339664000
2026-04-18 02:08:59.928 [INFO ] Frontend -  [FRIEND_SCREEN] action=socket_refresh userId=USER-62617398
2026-04-18 02:08:59.928 [INFO ] Frontend -  [FRIEND_SCREEN] action=load_data_start
2026-04-18 02:08:59.930 [INFO ] Frontend -  [FRIEND_API] action=send_request_success target=USER-8EB2BB33 traceId=friend-send-request-1776458339664000
2026-04-18 02:08:59.965 [INFO ] Frontend -  [FRIEND_SCREEN] action=load_data_start
2026-04-18 02:09:00.024 [INFO ] Frontend -  User profile successfully loaded for: rohan
2026-04-18 02:09:00.036 [INFO ] Frontend -  [FRIEND_SCREEN] action=load_data_identity userId=USER-62617398
2026-04-18 02:09:00.060 [INFO ] Frontend -  [FRIEND_API] action=get_friends_start userId=USER-62617398 traceId=friend-get-friends-1776458340043000
2026-04-18 02:09:00.059 [INFO ] Frontend -  [FRIEND_API] action=get_pending_start traceId=friend-get-pending-1776458340048000
2026-04-18 02:09:00.063 [INFO ] Frontend -  [FRIEND_API] action=get_recommendations_start userId=USER-62617398 traceId=friend-get-recommendations-1776458340050000
2026-04-18 02:09:00.080 [INFO ] Frontend -  User profile successfully loaded for: rohan
2026-04-18 02:09:00.095 [INFO ] Frontend -  [FRIEND_SCREEN] action=load_data_identity userId=USER-62617398
2026-04-18 02:09:00.124 [INFO ] Frontend -  [FRIEND_API] action=get_friends_start userId=USER-62617398 traceId=friend-get-friends-1776458340100000
2026-04-18 02:09:00.130 [INFO ] Frontend -  [FRIEND_API] action=get_recommendations_start userId=USER-62617398 traceId=friend-get-recommendations-1776458340104000
2026-04-18 02:09:00.130 [INFO ] Frontend -  [FRIEND_API] action=get_pending_start traceId=friend-get-pending-1776458340102000
2026-04-18 02:09:00.151 [INFO ] Frontend -  [FRIEND_API] action=get_pending_success count=0 traceId=friend-get-pending-1776458340048000
2026-04-18 02:09:00.157 [INFO ] Frontend -  [FRIEND_API] action=get_friends_success userId=USER-62617398 count=0 traceId=friend-get-friends-1776458340043000
2026-04-18 02:09:00.182 [INFO ] Frontend -  [FRIEND_API] action=get_friends_success userId=USER-62617398 count=0 traceId=friend-get-friends-1776458340100000
2026-04-18 02:09:00.192 [INFO ] Frontend -  [FRIEND_API] action=get_pending_success count=0 traceId=friend-get-pending-1776458340102000
2026-04-18 02:09:00.262 [INFO ] Frontend -  [FRIEND_API] action=get_recommendations_success userId=USER-62617398 count=1 traceId=friend-get-recommendations-1776458340050000
2026-04-18 02:09:00.271 [INFO ] Frontend -  [FRIEND_SCREEN] action=load_data_success friends=0 pending=0 suggested=1
2026-04-18 02:09:00.332 [INFO ] Frontend -  [FRIEND_API] action=get_recommendations_success userId=USER-62617398 count=1 traceId=friend-get-recommendations-1776458340104000
2026-04-18 02:09:00.339 [INFO ] Frontend -  [FRIEND_SCREEN] action=load_data_success friends=0 pending=0 suggested=1
2026-04-18 02:09:03.770 [INFO ] Frontend -  User profile successfully loaded for: rohan
2026-04-18 02:09:03.832 [INFO ] Frontend -  [FRIEND_SCREEN] action=socket_disconnected userId=USER-62617398
2026-04-18 02:09:19.188 [INFO ] Frontend -  [FRIEND_API] action=get_pending_start traceId=friend-get-pending-1776458358993000
2026-04-18 02:09:19.734 [INFO ] Frontend -  [FRIEND_API] action=get_pending_success count=1 traceId=friend-get-pending-1776458358993000
2026-04-18 02:09:21.767 [INFO ] Frontend -  [FRIEND_API] action=accept_request_start requestId=1 traceId=friend-accept-request-1776458361754000
2026-04-18 02:09:23.451 [INFO ] Frontend -  [FRIEND_API] action=accept_request_success requestId=1 traceId=friend-accept-request-1776458361754000
2026-04-18 02:09:36.996 [INFO ] Frontend -  Attempting login for user: asr@gmail.com
2026-04-18 02:09:37.268 [INFO ] Frontend -  Login successful. Tokens securely stored.
2026-04-18 02:09:37.270 [WARN ] Frontend -  This is the second data : {success: true, data: {userId: USER-8EB2BB33, token: eyJhbGciOiJIUzI1NiJ9.eyJzdWIiOiJVU0VSLThFQjJCQjMzIiwicm9sZXMiOiJSSURFUiIsImlhdCI6MTc3NjQ1ODM3NywiZXhwIjoxNzc2NDU5Mjc3fQ.CAAAocLCEplvSVxN_bHM3LJqgg3lZqqmyHdLnCERfkg, refreshToken: 7d86bc6a-895d-4e9b-af3f-4739a8cc5905, expiresIn: 900}}
2026-04-18 02:09:37.464 [INFO ] Frontend -  User profile successfully loaded for: amit
2026-04-18 02:09:37.586 [WARN ] Frontend -  Primary geocoder failed (likely missing API key), trying fallback...
2026-04-18 02:09:37.669 [INFO ] Frontend -  User profile successfully loaded for: amit
2026-04-18 02:09:57.444 [WARN ] Frontend -  Primary geocoder failed (likely missing API key), trying fallback...
2026-04-18 02:09:57.444 [WARN ] Frontend -  Primary geocoder failed (likely missing API key), trying fallback...
2026-04-18 02:10:32.734 [WARN ] Frontend -  Primary geocoder failed (likely missing API key), trying fallback...
2026-04-18 02:10:32.907 [INFO ] Frontend -  User profile successfully loaded for: rohan
2026-04-18 02:12:01.866 [INFO ] Frontend -  Attempting login for user: rs@gmail.com
2026-04-18 02:12:02.139 [WARN ] Frontend -  This is the second data : {success: true, data: {userId: USER-62617398, token: eyJhbGciOiJIUzI1NiJ9.eyJzdWIiOiJVU0VSLTYyNjE3Mzk4Iiwicm9sZXMiOiJSSURFUiIsImlhdCI6MTc3NjQ1ODUyMiwiZXhwIjoxNzc2NDU5NDIyfQ.Qd7n7Z78boctYNlzbob_0Uh0yqQ7K63AZ3dwtPZK8dg, refreshToken: e78151d4-a6e7-413a-852b-670ab4456da9, expiresIn: 900}}
2026-04-18 02:12:02.140 [INFO ] Frontend -  Login successful. Tokens securely stored.
2026-04-18 02:12:02.391 [INFO ] Frontend -  User profile successfully loaded for: rohan
2026-04-18 02:12:02.528 [WARN ] Frontend -  Primary geocoder failed (likely missing API key), trying fallback...
2026-04-18 02:12:02.639 [INFO ] Frontend -  User profile successfully loaded for: rohan
2026-04-18 02:18:55.039 [WARN ] Frontend -  Primary geocoder failed (likely missing API key), trying fallback...
2026-04-18 02:18:55.120 [INFO ] Frontend -  User profile successfully loaded for: amit
2026-04-18 02:19:01.435 [INFO ] Frontend -  User profile successfully loaded for: amit
2026-04-18 02:19:06.099 [INFO ] Frontend -  User profile successfully loaded for: amit
2026-04-18 02:19:11.398 [WARN ] Frontend -  Primary geocoder failed (likely missing API key), trying fallback...
2026-04-18 02:19:11.469 [INFO ] Frontend -  User profile successfully loaded for: rohan
2026-04-18 02:19:26.934 [INFO ] Frontend -  User profile successfully loaded for: amit
2026-04-18 02:19:30.006 [INFO ] Frontend -  User profile successfully loaded for: rohan
2026-04-18 02:20:32.218 [INFO ] Frontend -  Attempting login for user: asr@gmail.com
2026-04-18 02:20:32.685 [INFO ] Frontend -  Login successful. Tokens securely stored.
2026-04-18 02:20:32.685 [WARN ] Frontend -  This is the second data : {success: true, data: {userId: USER-8EB2BB33, token: eyJhbGciOiJIUzI1NiJ9.eyJzdWIiOiJVU0VSLThFQjJCQjMzIiwicm9sZXMiOiJSSURFUiIsImlhdCI6MTc3NjQ1OTAzMiwiZXhwIjoxNzc2NDU5OTMyfQ.R3tnEY0q-_0MK85KgRLaBHF7iI06Ugd6GSxn5imwVxY, refreshToken: 5127db92-0193-4d3b-8777-e19d67202fc7, expiresIn: 900}}
2026-04-18 02:20:32.882 [INFO ] Frontend -  User profile successfully loaded for: amit
2026-04-18 02:20:33.204 [INFO ] Frontend -  User profile successfully loaded for: amit
2026-04-18 02:20:33.262 [WARN ] Frontend -  Primary geocoder failed (likely missing API key), trying fallback...
2026-04-20 23:26:14.370 [INFO ] Frontend -  Attempting login for user: asr@gmail.com
2026-04-20 23:26:15.103 [WARN ] Frontend -  This is the second data : {success: true, data: {userId: USER-8EB2BB33, token: eyJhbGciOiJIUzI1NiJ9.eyJzdWIiOiJVU0VSLThFQjJCQjMzIiwicm9sZXMiOiJSSURFUiIsImlhdCI6MTc3NjcwNzc3NCwiZXhwIjoxNzc2NzA4Njc0fQ.E-BWQ34SmxRAAVaztDqiqLDcqXXJOrwEYtk9frc_qLc, refreshToken: 026d06ac-1ab2-404a-8263-80ef8dd6585b, expiresIn: 900}}
2026-04-20 23:26:15.103 [INFO ] Frontend -  Login successful. Tokens securely stored.
2026-04-20 23:26:15.979 [INFO ] Frontend -  User profile successfully loaded for: amit
2026-04-20 23:26:16.299 [WARN ] Frontend -  Primary geocoder failed (likely missing API key), trying fallback...
2026-04-20 23:26:16.302 [INFO ] Frontend -  User profile successfully loaded for: amit
2026-04-20 23:26:31.196 [INFO ] Frontend -  User profile successfully loaded for: amit
2026-04-20 23:26:39.735 [WARN ] Frontend -  Primary geocoder failed (likely missing API key), trying fallback...
2026-04-20 23:26:40.698 [INFO ] Frontend -  User profile successfully loaded for: amit
2026-04-20 23:26:49.553 [WARN ] Frontend -  Primary geocoder failed (likely missing API key), trying fallback...
2026-04-20 23:26:49.643 [INFO ] Frontend -  User profile successfully loaded for: amit
2026-04-20 23:26:55.926 [INFO ] Frontend -  User profile successfully loaded for: amit
2026-04-20 23:28:16.701 [WARN ] Frontend -  Primary geocoder failed (likely missing API key), trying fallback...
2026-04-20 23:28:16.823 [INFO ] Frontend -  User profile successfully loaded for: amit
2026-04-20 23:36:37.824 [INFO ] Frontend -  User profile successfully loaded for: amit
2026-04-20 23:37:08.696 [INFO ] Frontend -  [FRIEND_SCREEN] action=load_data_start
2026-04-20 23:37:08.975 [INFO ] Frontend -  User profile successfully loaded for: amit
2026-04-20 23:37:08.985 [INFO ] Frontend -  [FRIEND_SCREEN] action=load_data_identity userId=USER-8EB2BB33
2026-04-20 23:37:09.004 [INFO ] Frontend -  [FRIEND_API] action=get_friends_start userId=USER-8EB2BB33 traceId=friend-get-friends-1776708428989000
2026-04-20 23:37:09.004 [INFO ] Frontend -  [FRIEND_API] action=get_pending_start traceId=friend-get-pending-1776708428992000
2026-04-20 23:37:09.012 [INFO ] Frontend -  [FRIEND_API] action=get_recommendations_start userId=USER-8EB2BB33 traceId=friend-get-recommendations-1776708428994000
2026-04-20 23:37:09.155 [INFO ] Frontend -  [FRIEND_API] action=get_pending_success count=0 traceId=friend-get-pending-1776708428992000
2026-04-20 23:37:13.775 [INFO ] Frontend -  [FRIEND_API] action=get_recommendations_success userId=USER-8EB2BB33 count=0 traceId=friend-get-recommendations-1776708428994000
2026-04-20 23:37:13.775 [INFO ] Frontend -  [FRIEND_API] action=get_friends_success userId=USER-8EB2BB33 count=1 traceId=friend-get-friends-1776708428989000
2026-04-20 23:37:13.786 [INFO ] Frontend -  [FRIEND_SCREEN] action=load_data_success friends=0 pending=0 suggested=0
2026-04-20 23:37:13.821 [INFO ] Frontend -  [FRIEND_SCREEN] action=socket_connected userId=USER-8EB2BB33
2026-04-20 23:37:30.520 [WARN ] Frontend -  Primary geocoder failed (likely missing API key), trying fallback...
2026-04-20 23:37:30.644 [INFO ] Frontend -  User profile successfully loaded for: amit
2026-04-20 23:38:11.263 [WARN ] Frontend -  Primary geocoder failed (likely missing API key), trying fallback...
2026-04-20 23:38:11.409 [INFO ] Frontend -  User profile successfully loaded for: amit
2026-04-20 23:38:31.508 [WARN ] Frontend -  Primary geocoder failed (likely missing API key), trying fallback...
2026-04-20 23:38:31.693 [INFO ] Frontend -  User profile successfully loaded for: amit
2026-04-21 00:47:01.440 [INFO ] Frontend -  User profile successfully loaded for: amit
2026-04-21 00:47:03.722 [WARN ] Frontend -  Primary geocoder failed (likely missing API key), trying fallback...
2026-04-21 00:47:03.745 [INFO ] Frontend -  User profile successfully loaded for: amit
2026-04-21 21:49:07.153 [INFO ] Frontend -  Attempting login for user: asr@gmail.com
2026-04-21 21:49:07.760 [WARN ] Frontend -  This is the second data : {success: true, data: {userId: USER-605973B8, token: eyJhbGciOiJIUzI1NiJ9.eyJzdWIiOiJVU0VSLTYwNTk3M0I4Iiwicm9sZXMiOiJSSURFUiIsImlhdCI6MTc3Njc4ODM0NywiZXhwIjoxNzc2Nzg5MjQ3fQ.Wj9Bv6pksFq3ywRZP3qXQx8pDuFIUKrXEiqSnKPWUCQ, refreshToken: 2303a217-2a99-4d2c-a673-dff3b56964ae, expiresIn: 900}}
2026-04-21 21:49:07.760 [INFO ] Frontend -  Login successful. Tokens securely stored.
2026-04-21 21:49:08.131 [INFO ] Frontend -  User profile successfully loaded for: amit
2026-04-21 21:49:08.320 [WARN ] Frontend -  Primary geocoder failed (likely missing API key), trying fallback...
2026-04-21 21:49:08.354 [INFO ] Frontend -  User profile successfully loaded for: amit
2026-04-21 21:49:13.189 [WARN ] Frontend -  Primary geocoder failed (likely missing API key), trying fallback...
2026-04-21 21:49:13.280 [INFO ] Frontend -  User profile successfully loaded for: amit
2026-04-21 22:22:21.866 [INFO ] Frontend -  Attempting login for user: asr@gmail.com
2026-04-21 22:22:23.352 [WARN ] Frontend -  This is the second data : {success: true, data: {userId: USER-605973B8, token: eyJhbGciOiJIUzI1NiJ9.eyJzdWIiOiJVU0VSLTYwNTk3M0I4Iiwicm9sZXMiOiJSSURFUiIsImlhdCI6MTc3Njc5MDM0MiwiZXhwIjoxNzc2NzkxMjQyfQ.gyqhZ0PQF4WrEsj1uhqS20dww13SimrCOj5cb2WzDIM, refreshToken: 3ed8b18f-b123-4963-9c7f-4be8017c0b2e, expiresIn: 900}}
2026-04-21 22:22:23.352 [INFO ] Frontend -  Login successful. Tokens securely stored.
2026-04-21 22:22:24.174 [INFO ] Frontend -  User profile successfully loaded for: amit
2026-04-21 22:22:24.448 [WARN ] Frontend -  Primary geocoder failed (likely missing API key), trying fallback...
2026-04-21 22:22:24.719 [INFO ] Frontend -  User profile successfully loaded for: amit
2026-04-21 22:32:52.469 [WARN ] Frontend -  Primary geocoder failed (likely missing API key), trying fallback...
2026-04-21 22:32:52.569 [INFO ] Frontend -  User profile successfully loaded for: amit
2026-04-21 22:33:03.722 [INFO ] Frontend -  User profile successfully loaded for: amit
2026-04-21 22:35:43.090 [WARN ] Frontend -  Primary geocoder failed (likely missing API key), trying fallback...
2026-04-21 22:35:43.200 [INFO ] Frontend -  User profile successfully loaded for: amit
2026-04-21 22:55:39.879 [INFO ] Frontend -  Attempting login for user: asr@gmail.com
2026-04-21 22:55:40.974 [INFO ] Frontend -  Login successful. Tokens securely stored.
2026-04-21 22:55:40.974 [WARN ] Frontend -  This is the second data : {success: true, data: {userId: USER-605973B8, token: eyJhbGciOiJIUzI1NiJ9.eyJzdWIiOiJVU0VSLTYwNTk3M0I4Iiwicm9sZXMiOiJSSURFUiIsImlhdCI6MTc3Njc5MjM0MCwiZXhwIjoxNzc2NzkzMjQwfQ.0mjJF_rJBLo0cqWbrZCkFYUFyd2clcizeH9Ku61z6yI, refreshToken: a2f87340-e15a-44ad-908c-4e469c97f5ee, expiresIn: 900}}
2026-04-21 22:55:41.890 [INFO ] Frontend -  User profile successfully loaded for: amit
2026-04-21 22:55:42.273 [INFO ] Frontend -  User profile successfully loaded for: amit
2026-04-21 22:55:42.369 [WARN ] Frontend -  Primary geocoder failed (likely missing API key), trying fallback...
2026-04-21 23:02:59.062 [WARN ] Frontend -  Primary geocoder failed (likely missing API key), trying fallback...
2026-04-21 23:02:59.148 [INFO ] Frontend -  User profile successfully loaded for: amit
2026-04-21 23:04:03.331 [INFO ] Frontend -  User profile successfully loaded for: amit
2026-04-21 23:10:55.895 [INFO ] Frontend -  Attempting to refresh access token...
2026-04-21 23:10:55.895 [INFO ] Frontend -  Initiating token refresh flow over ApiService due to 401 Unauthorized
2026-04-21 23:10:56.369 [INFO ] Frontend -  Successfully received new tokens. Storing to secure storage.
2026-04-21 23:10:56.375 [INFO ] Frontend -  Token refreshed globally, retrying the failed 401 request
2026-04-21 23:10:56.497 [INFO ] Frontend -  User profile successfully loaded for: amit
2026-04-21 23:10:57.823 [WARN ] Frontend -  Failed to fetch notifications: 401 {"status":401,"message":"Token expired"}
2026-04-21 23:10:57.832 [WARN ] Frontend -  Primary geocoder failed (likely missing API key), trying fallback...
2026-04-21 23:10:58.372 [INFO ] Frontend -  User profile successfully loaded for: amit
2026-04-21 23:10:59.078 [WARN ] Frontend -  Failed to fetch ride summary session for RIDE-8B7EF5DE: Exception: Token expired
2026-04-21 23:11:02.964 [INFO ] Frontend -  User profile successfully loaded for: amit
2026-04-21 23:11:09.285 [WARN ] Frontend -  Failed to fetch ride summary session for RIDE-8B7EF5DE: Exception: Token expired
2026-04-21 23:11:15.264 [INFO ] Frontend -  User profile successfully loaded for: amit
2026-04-21 23:12:05.012 [INFO ] Frontend -  User profile successfully loaded for: amit
2026-04-21 23:12:10.485 [INFO ] Frontend -  User profile successfully loaded for: amit
2026-04-21 23:12:11.280 [WARN ] Frontend -  Failed to fetch notifications: 401 {"status":401,"message":"Token expired"}
2026-04-21 23:12:11.340 [WARN ] Frontend -  Primary geocoder failed (likely missing API key), trying fallback...
2026-04-21 23:12:11.442 [INFO ] Frontend -  User profile successfully loaded for: amit
2026-04-21 23:12:13.281 [WARN ] Frontend -  Failed to fetch ride summary session for RIDE-8B7EF5DE: Exception: Token expired
2026-04-21 23:12:15.559 [INFO ] Frontend -  User profile successfully loaded for: amit
2026-04-21 23:16:51.767 [INFO ] Frontend -  [FRIEND_SCREEN] action=load_data_start
2026-04-21 23:16:51.805 [WARN ] Frontend -  Primary geocoder failed (likely missing API key), trying fallback...
2026-04-21 23:16:51.825 [WARN ] Frontend -  Failed to fetch notifications: 401 {"status":401,"message":"Token expired"}
2026-04-21 23:16:51.934 [INFO ] Frontend -  User profile successfully loaded for: amit
2026-04-21 23:16:51.968 [INFO ] Frontend -  User profile successfully loaded for: amit
2026-04-21 23:16:51.982 [INFO ] Frontend -  [FRIEND_SCREEN] action=load_data_identity userId=USER-605973B8
2026-04-21 23:16:52.001 [INFO ] Frontend -  [FRIEND_API] action=get_friends_start userId=USER-605973B8 traceId=friend-get-friends-1776793611985000
2026-04-21 23:16:52.002 [INFO ] Frontend -  [FRIEND_API] action=get_pending_start traceId=friend-get-pending-1776793611988000
2026-04-21 23:16:52.004 [INFO ] Frontend -  [FRIEND_API] action=get_recommendations_start userId=USER-605973B8 traceId=friend-get-recommendations-1776793611990000
2026-04-21 23:16:52.271 [INFO ] Frontend -  [FRIEND_API] action=get_pending_success count=0 traceId=friend-get-pending-1776793611988000
2026-04-21 23:16:52.271 [INFO ] Frontend -  [FRIEND_API] action=get_friends_success userId=USER-605973B8 count=0 traceId=friend-get-friends-1776793611985000
2026-04-21 23:17:01.722 [INFO ] Frontend -  [FRIEND_API] action=get_recommendations_success userId=USER-605973B8 count=0 traceId=friend-get-recommendations-1776793611990000
2026-04-21 23:17:01.764 [INFO ] Frontend -  [FRIEND_SCREEN] action=load_data_success friends=0 pending=0 suggested=0
2026-04-21 23:17:01.890 [INFO ] Frontend -  [FRIEND_SCREEN] action=socket_connected userId=USER-605973B8
2026-04-21 23:17:22.287 [INFO ] Frontend -  Attempting login for user: asr@gmail.com
2026-04-21 23:17:22.558 [INFO ] Frontend -  Login successful. Tokens securely stored.
2026-04-21 23:17:22.559 [WARN ] Frontend -  This is the second data : {success: true, data: {userId: USER-605973B8, token: eyJhbGciOiJIUzI1NiJ9.eyJzdWIiOiJVU0VSLTYwNTk3M0I4Iiwicm9sZXMiOiJSSURFUiIsImlhdCI6MTc3Njc5MzY0MiwiZXhwIjoxNzc2Nzk0NTQyfQ.0v8umECKYB6rgsITWr_dgZAs5PeAfIMB2tS-ezqp9F4, refreshToken: 3df58602-32c3-42d8-a3d0-5f7e7b83e7e7, expiresIn: 900}}
2026-04-21 23:17:22.749 [INFO ] Frontend -  User profile successfully loaded for: amit
2026-04-21 23:17:22.970 [INFO ] Frontend -  [FRIEND_SCREEN] action=load_data_start
2026-04-21 23:17:23.056 [WARN ] Frontend -  Primary geocoder failed (likely missing API key), trying fallback...
2026-04-21 23:17:23.233 [INFO ] Frontend -  User profile successfully loaded for: amit
2026-04-21 23:17:23.247 [INFO ] Frontend -  User profile successfully loaded for: amit
2026-04-21 23:17:23.318 [INFO ] Frontend -  [FRIEND_SCREEN] action=load_data_identity userId=USER-605973B8
2026-04-21 23:17:23.334 [INFO ] Frontend -  [FRIEND_API] action=get_recommendations_start userId=USER-605973B8 traceId=friend-get-recommendations-1776793643328000
2026-04-21 23:17:23.334 [INFO ] Frontend -  [FRIEND_API] action=get_friends_start userId=USER-605973B8 traceId=friend-get-friends-1776793643324000
2026-04-21 23:17:23.334 [INFO ] Frontend -  [FRIEND_API] action=get_pending_start traceId=friend-get-pending-1776793643327000
2026-04-21 23:17:23.392 [INFO ] Frontend -  [FRIEND_API] action=get_pending_success count=0 traceId=friend-get-pending-1776793643327000
2026-04-21 23:17:23.433 [INFO ] Frontend -  [FRIEND_API] action=get_friends_success userId=USER-605973B8 count=0 traceId=friend-get-friends-1776793643324000
2026-04-21 23:17:23.540 [INFO ] Frontend -  [FRIEND_API] action=get_recommendations_success userId=USER-605973B8 count=0 traceId=friend-get-recommendations-1776793643328000
2026-04-21 23:17:23.552 [INFO ] Frontend -  [FRIEND_SCREEN] action=load_data_success friends=0 pending=0 suggested=0
2026-04-21 23:17:23.600 [INFO ] Frontend -  [FRIEND_SCREEN] action=socket_connected userId=USER-605973B8
2026-04-21 23:17:29.061 [INFO ] Frontend -  User profile successfully loaded for: amit
2026-04-21 23:17:47.617 [INFO ] Frontend -  User profile successfully loaded for: amit
2026-04-21 23:18:13.721 [INFO ] Frontend -  User profile successfully loaded for: amit
2026-04-21 23:42:51.046 [INFO ] Frontend -  [FRIEND_SCREEN] action=socket_connected userId=USER-605973B8
2026-04-21 23:45:18.084 [INFO ] Frontend -  Attempting login for user: asr@gmail.com
2026-04-21 23:45:18.916 [WARN ] Frontend -  This is the second data : {success: true, data: {userId: USER-605973B8, token: eyJhbGciOiJIUzI1NiJ9.eyJzdWIiOiJVU0VSLTYwNTk3M0I4Iiwicm9sZXMiOiJSSURFUiIsImlhdCI6MTc3Njc5NTMxOCwiZXhwIjoxNzc2Nzk2MjE4fQ.TuCZNVuDS78EeHbAa75-K1Tx48li8bTrHYsMoysfyXk, refreshToken: 539c033b-2615-4742-8027-fc791d817c7f, expiresIn: 900}}
2026-04-21 23:45:18.915 [INFO ] Frontend -  Login successful. Tokens securely stored.
2026-04-21 23:45:19.295 [INFO ] Frontend -  User profile successfully loaded for: amit
2026-04-21 23:45:19.529 [INFO ] Frontend -  [FRIEND_SCREEN] action=load_data_start
2026-04-21 23:45:19.615 [WARN ] Frontend -  Primary geocoder failed (likely missing API key), trying fallback...
2026-04-21 23:45:19.736 [INFO ] Frontend -  User profile successfully loaded for: amit
2026-04-21 23:45:19.839 [INFO ] Frontend -  User profile successfully loaded for: amit
2026-04-21 23:45:19.867 [INFO ] Frontend -  [FRIEND_SCREEN] action=load_data_identity userId=USER-605973B8
2026-04-21 23:45:19.886 [INFO ] Frontend -  [FRIEND_API] action=get_friends_start userId=USER-605973B8 traceId=friend-get-friends-1776795319877000
2026-04-21 23:45:19.885 [INFO ] Frontend -  [FRIEND_API] action=get_recommendations_start userId=USER-605973B8 traceId=friend-get-recommendations-1776795319881000
2026-04-21 23:45:19.885 [INFO ] Frontend -  [FRIEND_API] action=get_pending_start traceId=friend-get-pending-1776795319879000
2026-04-21 23:45:19.991 [INFO ] Frontend -  [FRIEND_API] action=get_pending_success count=0 traceId=friend-get-pending-1776795319879000
2026-04-21 23:45:20.043 [INFO ] Frontend -  [FRIEND_API] action=get_friends_success userId=USER-605973B8 count=0 traceId=friend-get-friends-1776795319877000
2026-04-21 23:45:20.775 [INFO ] Frontend -  [FRIEND_API] action=get_recommendations_success userId=USER-605973B8 count=0 traceId=friend-get-recommendations-1776795319881000
2026-04-21 23:45:20.787 [INFO ] Frontend -  [FRIEND_SCREEN] action=load_data_success friends=0 pending=0 suggested=0
2026-04-21 23:45:21.139 [INFO ] Frontend -  [FRIEND_SCREEN] action=socket_connected userId=USER-605973B8
2026-04-21 23:51:15.963 [INFO ] Frontend -  User profile successfully loaded for: amit
2026-04-21 23:51:45.435 [INFO ] Frontend -  User profile successfully loaded for: amit
2026-04-22 23:44:19.184 [INFO ] Frontend -  Attempting login for user: asr@gmail.com
2026-04-22 23:44:19.931 [INFO ] Frontend -  Login successful. Tokens securely stored.
2026-04-22 23:44:19.931 [WARN ] Frontend -  This is the second data : {success: true, data: {userId: USER-605973B8, token: eyJhbGciOiJIUzI1NiJ9.eyJzdWIiOiJVU0VSLTYwNTk3M0I4Iiwicm9sZXMiOiJSSURFUiIsImlhdCI6MTc3Njg4MTY1OSwiZXhwIjoxNzc2ODgyNTU5fQ.DTwbCb4V7HzjsMWg7CPpTvtGEgJskECUeEN9_6JdAYI, refreshToken: f79c86c3-18ab-4e05-96ae-caddd5a4daad, expiresIn: 900}}
2026-04-22 23:44:21.468 [INFO ] Frontend -  User profile successfully loaded for: amit
2026-04-22 23:44:21.931 [INFO ] Frontend -  [FRIEND_SCREEN] action=load_data_start
2026-04-22 23:44:22.067 [WARN ] Frontend -  Primary geocoder failed (likely missing API key), trying fallback...
2026-04-22 23:44:22.238 [INFO ] Frontend -  User profile successfully loaded for: amit
2026-04-22 23:44:22.384 [INFO ] Frontend -  User profile successfully loaded for: amit
2026-04-22 23:44:22.414 [INFO ] Frontend -  [FRIEND_SCREEN] action=load_data_identity userId=USER-605973B8
2026-04-22 23:44:22.467 [INFO ] Frontend -  [FRIEND_API] action=get_recommendations_start userId=USER-605973B8 traceId=friend-get-recommendations-1776881662439000
2026-04-22 23:44:22.468 [INFO ] Frontend -  [FRIEND_API] action=get_pending_start traceId=friend-get-pending-1776881662437000
2026-04-22 23:44:22.471 [INFO ] Frontend -  [FRIEND_API] action=get_friends_start userId=USER-605973B8 traceId=friend-get-friends-1776881662434000
2026-04-22 23:44:22.580 [INFO ] Frontend -  [FRIEND_API] action=get_pending_success count=0 traceId=friend-get-pending-1776881662437000
2026-04-22 23:44:22.770 [WARN ] Frontend -  [FRIEND_API] action=get_friends_failed userId=USER-605973B8 status=500 traceId=friend-get-friends-1776881662434000
2026-04-22 23:44:31.036 [INFO ] Frontend -  [FRIEND_API] action=get_recommendations_success userId=USER-605973B8 count=0 traceId=friend-get-recommendations-1776881662439000
2026-04-22 23:44:31.053 [INFO ] Frontend -  [FRIEND_SCREEN] action=load_data_success friends=0 pending=0 suggested=0
2026-04-22 23:44:31.201 [INFO ] Frontend -  [FRIEND_SCREEN] action=socket_connected userId=USER-605973B8
2026-04-23 00:31:14.897 [INFO ] Frontend -  Attempting login for user: asr@gmail.com
2026-04-23 00:31:15.438 [WARN ] Frontend -  This is the second data : {success: true, data: {userId: USER-605973B8, token: eyJhbGciOiJIUzI1NiJ9.eyJzdWIiOiJVU0VSLTYwNTk3M0I4Iiwicm9sZXMiOiJSSURFUiIsImlhdCI6MTc3Njg4NDQ3NSwiZXhwIjoxNzc2ODg1Mzc1fQ.qRwsrxrbkKh7w-SkffmnQC7rInqm8x8AIXW5W8PpZPI, refreshToken: cb02fa16-3065-482a-96a0-a9e3f94ed5ef, expiresIn: 900}}
2026-04-23 00:31:15.438 [INFO ] Frontend -  Login successful. Tokens securely stored.
2026-04-23 00:31:16.155 [INFO ] Frontend -  User profile successfully loaded for: amit
2026-04-23 00:31:16.430 [INFO ] Frontend -  [FRIEND_SCREEN] action=load_data_start
2026-04-23 00:31:16.515 [WARN ] Frontend -  Primary geocoder failed (likely missing API key), trying fallback...
2026-04-23 00:31:16.706 [INFO ] Frontend -  User profile successfully loaded for: amit
2026-04-23 00:31:16.806 [INFO ] Frontend -  User profile successfully loaded for: amit
2026-04-23 00:31:16.820 [INFO ] Frontend -  [FRIEND_SCREEN] action=load_data_identity userId=USER-605973B8
2026-04-23 00:31:16.843 [INFO ] Frontend -  [FRIEND_API] action=get_pending_start traceId=friend-get-pending-1776884476826000
2026-04-23 00:31:16.855 [INFO ] Frontend -  [FRIEND_API] action=get_friends_start userId=USER-605973B8 traceId=friend-get-friends-1776884476823000
2026-04-23 00:31:16.856 [INFO ] Frontend -  [FRIEND_API] action=get_recommendations_start userId=USER-605973B8 traceId=friend-get-recommendations-1776884476828000
2026-04-23 00:31:17.291 [WARN ] Frontend -  [FRIEND_API] action=get_friends_failed userId=USER-605973B8 status=500 traceId=friend-get-friends-1776884476823000
2026-04-23 00:31:17.291 [INFO ] Frontend -  [FRIEND_API] action=get_pending_success count=0 traceId=friend-get-pending-1776884476826000
2026-04-23 00:31:18.508 [INFO ] Frontend -  [FRIEND_API] action=get_recommendations_success userId=USER-605973B8 count=0 traceId=friend-get-recommendations-1776884476828000
2026-04-23 00:31:18.525 [INFO ] Frontend -  [FRIEND_SCREEN] action=load_data_success friends=0 pending=0 suggested=0
2026-04-23 00:31:18.579 [INFO ] Frontend -  [FRIEND_SCREEN] action=socket_connected userId=USER-605973B8
2026-04-23 00:44:13.951 [INFO ] Frontend -  Attempting login for user: asr@gmail.com
2026-04-23 00:44:14.242 [WARN ] Frontend -  This is the second data : {success: true, data: {userId: USER-AB47D05C, token: eyJhbGciOiJIUzI1NiJ9.eyJzdWIiOiJVU0VSLUFCNDdEMDVDIiwicm9sZXMiOiJSSURFUiIsImlhdCI6MTc3Njg4NTI1NCwiZXhwIjoxNzc2ODg2MTU0fQ.zcACHcL7PboCQTJP1LQ0QVFIrUSOeBTrHBgJdLWd29w, refreshToken: eafe06e4-5f74-441a-9cfa-7d36a74942b6, expiresIn: 900}}
2026-04-23 00:44:14.243 [INFO ] Frontend -  Login successful. Tokens securely stored.
2026-04-23 00:44:14.487 [INFO ] Frontend -  User profile successfully loaded for: amit
2026-04-23 00:44:14.695 [INFO ] Frontend -  [FRIEND_SCREEN] action=load_data_start
2026-04-23 00:44:14.769 [WARN ] Frontend -  Primary geocoder failed (likely missing API key), trying fallback...
2026-04-23 00:44:14.881 [INFO ] Frontend -  User profile successfully loaded for: amit
2026-04-23 00:44:14.948 [INFO ] Frontend -  User profile successfully loaded for: amit
2026-04-23 00:44:14.989 [INFO ] Frontend -  [FRIEND_SCREEN] action=load_data_identity userId=USER-AB47D05C
2026-04-23 00:44:15.007 [INFO ] Frontend -  [FRIEND_API] action=get_friends_start userId=USER-AB47D05C traceId=friend-get-friends-1776885254996000
2026-04-23 00:44:15.007 [INFO ] Frontend -  [FRIEND_API] action=get_pending_start traceId=friend-get-pending-1776885254998000
2026-04-23 00:44:15.023 [INFO ] Frontend -  [FRIEND_API] action=get_recommendations_start userId=USER-AB47D05C traceId=friend-get-recommendations-1776885255000000
2026-04-23 00:44:15.095 [INFO ] Frontend -  [FRIEND_API] action=get_pending_success count=0 traceId=friend-get-pending-1776885254998000
2026-04-23 00:44:15.156 [INFO ] Frontend -  [FRIEND_API] action=get_friends_success userId=USER-AB47D05C count=0 traceId=friend-get-friends-1776885254996000
2026-04-23 00:44:16.850 [INFO ] Frontend -  [FRIEND_API] action=get_recommendations_success userId=USER-AB47D05C count=0 traceId=friend-get-recommendations-1776885255000000
2026-04-23 00:44:16.857 [INFO ] Frontend -  [FRIEND_SCREEN] action=load_data_success friends=0 pending=0 suggested=0
2026-04-23 00:44:16.899 [INFO ] Frontend -  [FRIEND_SCREEN] action=socket_connected userId=USER-AB47D05C
2026-04-23 00:45:39.692 [INFO ] Frontend -  User profile successfully loaded for: amit
2026-04-23 00:46:48.474 [INFO ] Frontend -  [PUBLIC_PROFILE] action=fetch_mutual_count target=USER-AB47D05C
2026-04-23 00:46:48.474 [INFO ] Frontend -  [PUBLIC_PROFILE] action=fetch_relationship target=USER-AB47D05C
2026-04-23 00:46:48.474 [INFO ] Frontend -  [PUBLIC_PROFILE] action=fetch_friend_count target=USER-AB47D05C
2026-04-23 00:46:48.493 [INFO ] Frontend -  [FRIEND_API] action=get_friends_start userId=USER-AB47D05C traceId=friend-get-friends-1776885408486000
2026-04-23 00:46:48.496 [INFO ] Frontend -  [FRIEND_API] action=get_mutual_count_start target=USER-AB47D05C traceId=friend-get-mutual-count-1776885408489000
2026-04-23 00:46:48.496 [INFO ] Frontend -  [FRIEND_API] action=get_relationship_start target=USER-AB47D05C traceId=friend-get-relationship-1776885408492000
2026-04-23 00:46:48.554 [INFO ] Frontend -  [FRIEND_API] action=get_friends_success userId=USER-AB47D05C count=0 traceId=friend-get-friends-1776885408486000
2026-04-23 00:46:48.558 [INFO ] Frontend -  [FRIEND_API] action=get_relationship_success target=USER-AB47D05C statusValue=self traceId=friend-get-relationship-1776885408492000
2026-04-23 00:46:49.144 [INFO ] Frontend -  [FRIEND_API] action=get_mutual_count_success target=USER-AB47D05C count=0 traceId=friend-get-mutual-count-1776885408489000
2026-04-23 22:09:20.789 [INFO ] Frontend -  User profile successfully loaded for: rohan
2026-04-23 22:09:21.374 [INFO ] Frontend -  [FRIEND_SCREEN] action=load_data_start
2026-04-23 22:09:21.634 [WARN ] Frontend -  Primary geocoder failed (likely missing API key), trying fallback...
2026-04-23 22:09:21.640 [INFO ] Frontend -  User profile successfully loaded for: rohan
2026-04-23 22:09:21.774 [INFO ] Frontend -  User profile successfully loaded for: rohan
2026-04-23 22:09:21.883 [INFO ] Frontend -  [FRIEND_SCREEN] action=load_data_identity userId=USER-9F05CB2D
2026-04-23 22:09:22.008 [INFO ] Frontend -  [FRIEND_API] action=get_friends_start userId=USER-9F05CB2D traceId=friend-get-friends-1776962361990000
2026-04-23 22:09:22.009 [INFO ] Frontend -  [FRIEND_API] action=get_pending_start traceId=friend-get-pending-1776962361993000
2026-04-23 22:09:22.015 [INFO ] Frontend -  [FRIEND_API] action=get_recommendations_start userId=USER-9F05CB2D traceId=friend-get-recommendations-1776962361995000
2026-04-23 22:09:22.120 [INFO ] Frontend -  [FRIEND_API] action=get_pending_success count=0 traceId=friend-get-pending-1776962361993000
2026-04-23 22:09:22.319 [INFO ] Frontend -  [FRIEND_API] action=get_friends_success userId=USER-9F05CB2D count=0 traceId=friend-get-friends-1776962361990000
2026-04-23 22:09:25.526 [INFO ] Frontend -  [FRIEND_API] action=get_recommendations_success userId=USER-9F05CB2D count=1 traceId=friend-get-recommendations-1776962361995000
2026-04-23 22:09:25.543 [INFO ] Frontend -  [FRIEND_SCREEN] action=load_data_success friends=0 pending=0 suggested=1
2026-04-23 22:09:25.583 [INFO ] Frontend -  [FRIEND_SCREEN] action=socket_connected userId=USER-9F05CB2D
2026-04-23 22:09:38.834 [INFO ] Frontend -  [FRIEND_SCREEN] action=tap_send_request target=USER-AB47D05C
2026-04-23 22:09:38.845 [INFO ] Frontend -  [FRIEND_API] action=send_request_start target=USER-AB47D05C traceId=friend-send-request-1776962378838000
2026-04-23 22:09:39.062 [INFO ] Frontend -  [FRIEND_SCREEN] action=socket_refresh userId=USER-9F05CB2D
2026-04-23 22:09:39.062 [INFO ] Frontend -  [FRIEND_SCREEN] action=load_data_start
2026-04-23 22:09:39.074 [INFO ] Frontend -  [FRIEND_API] action=send_request_success target=USER-AB47D05C traceId=friend-send-request-1776962378838000
2026-04-23 22:09:39.100 [INFO ] Frontend -  [FRIEND_SCREEN] action=load_data_start
2026-04-23 22:09:39.144 [INFO ] Frontend -  User profile successfully loaded for: rohan
2026-04-23 22:09:39.157 [INFO ] Frontend -  [FRIEND_SCREEN] action=load_data_identity userId=USER-9F05CB2D
2026-04-23 22:09:39.176 [INFO ] Frontend -  [FRIEND_API] action=get_pending_start traceId=friend-get-pending-1776962379167000
2026-04-23 22:09:39.176 [INFO ] Frontend -  [FRIEND_API] action=get_friends_start userId=USER-9F05CB2D traceId=friend-get-friends-1776962379163000
2026-04-23 22:09:39.176 [INFO ] Frontend -  [FRIEND_API] action=get_recommendations_start userId=USER-9F05CB2D traceId=friend-get-recommendations-1776962379169000
2026-04-23 22:09:39.185 [INFO ] Frontend -  User profile successfully loaded for: rohan
2026-04-23 22:09:39.771 [INFO ] Frontend -  [FRIEND_SCREEN] action=load_data_identity userId=USER-9F05CB2D
2026-04-23 22:09:39.793 [INFO ] Frontend -  [FRIEND_API] action=get_pending_start traceId=friend-get-pending-1776962379779000
2026-04-23 22:09:39.799 [INFO ] Frontend -  [FRIEND_API] action=get_recommendations_start userId=USER-9F05CB2D traceId=friend-get-recommendations-1776962379781000
2026-04-23 22:09:39.802 [INFO ] Frontend -  [FRIEND_API] action=get_friends_start userId=USER-9F05CB2D traceId=friend-get-friends-1776962379777000
2026-04-23 22:09:39.819 [INFO ] Frontend -  [FRIEND_API] action=get_pending_success count=0 traceId=friend-get-pending-1776962379167000
2026-04-23 22:09:39.829 [INFO ] Frontend -  [FRIEND_API] action=get_friends_success userId=USER-9F05CB2D count=0 traceId=friend-get-friends-1776962379163000
2026-04-23 22:09:39.858 [INFO ] Frontend -  [FRIEND_API] action=get_friends_success userId=USER-9F05CB2D count=0 traceId=friend-get-friends-1776962379777000
2026-04-23 22:09:39.868 [INFO ] Frontend -  [FRIEND_API] action=get_pending_success count=0 traceId=friend-get-pending-1776962379779000
2026-04-23 22:09:39.961 [INFO ] Frontend -  [FRIEND_API] action=get_recommendations_success userId=USER-9F05CB2D count=1 traceId=friend-get-recommendations-1776962379169000
2026-04-23 22:09:39.976 [INFO ] Frontend -  [FRIEND_SCREEN] action=load_data_success friends=0 pending=0 suggested=1
2026-04-23 22:09:40.029 [INFO ] Frontend -  [FRIEND_API] action=get_recommendations_success userId=USER-9F05CB2D count=1 traceId=friend-get-recommendations-1776962379781000
2026-04-23 22:09:40.036 [INFO ] Frontend -  [FRIEND_SCREEN] action=load_data_success friends=0 pending=0 suggested=1
2026-04-23 22:10:36.927 [INFO ] Frontend -  [FRIEND_SCREEN] action=socket_disconnected userId=USER-9F05CB2D
2026-04-23 22:10:48.642 [INFO ] Frontend -  Attempting login for user: asr@gmail.com
2026-04-23 22:10:48.923 [INFO ] Frontend -  Login successful. Tokens securely stored.
2026-04-23 22:10:48.926 [WARN ] Frontend -  This is the second data : {success: true, data: {userId: USER-AB47D05C, token: eyJhbGciOiJIUzI1NiJ9.eyJzdWIiOiJVU0VSLUFCNDdEMDVDIiwicm9sZXMiOiJSSURFUiIsImlhdCI6MTc3Njk2MjQ0OCwiZXhwIjoxNzc2OTYzMzQ4fQ.2ujbL4XntkiCV8nvzvtnAmeVqbFhvT-XtTz02CMWvpw, refreshToken: b289311f-4c21-4252-b263-9360c18e0885, expiresIn: 900}}
2026-04-23 22:10:49.039 [INFO ] Frontend -  User profile successfully loaded for: amit
2026-04-23 22:10:49.349 [INFO ] Frontend -  [FRIEND_SCREEN] action=load_data_start
2026-04-23 22:10:49.419 [WARN ] Frontend -  Primary geocoder failed (likely missing API key), trying fallback...
2026-04-23 22:10:49.522 [INFO ] Frontend -  User profile successfully loaded for: amit
2026-04-23 22:10:49.531 [INFO ] Frontend -  User profile successfully loaded for: amit
2026-04-23 22:10:49.545 [INFO ] Frontend -  [FRIEND_SCREEN] action=load_data_identity userId=USER-AB47D05C
2026-04-23 22:10:49.562 [INFO ] Frontend -  [FRIEND_API] action=get_pending_start traceId=friend-get-pending-1776962449550000
2026-04-23 22:10:49.563 [INFO ] Frontend -  [FRIEND_API] action=get_recommendations_start userId=USER-AB47D05C traceId=friend-get-recommendations-1776962449555000
2026-04-23 22:10:49.563 [INFO ] Frontend -  [FRIEND_API] action=get_friends_start userId=USER-AB47D05C traceId=friend-get-friends-1776962449548000
2026-04-23 22:10:49.618 [INFO ] Frontend -  [FRIEND_API] action=get_friends_success userId=USER-AB47D05C count=0 traceId=friend-get-friends-1776962449548000
2026-04-23 22:10:49.840 [INFO ] Frontend -  [FRIEND_API] action=get_recommendations_success userId=USER-AB47D05C count=0 traceId=friend-get-recommendations-1776962449555000
2026-04-23 22:10:50.151 [INFO ] Frontend -  [FRIEND_API] action=get_pending_success count=1 traceId=friend-get-pending-1776962449550000
2026-04-23 22:10:50.163 [INFO ] Frontend -  [FRIEND_SCREEN] action=load_data_success friends=0 pending=1 suggested=0
2026-04-23 22:10:50.215 [INFO ] Frontend -  [FRIEND_SCREEN] action=socket_connected userId=USER-AB47D05C
2026-04-23 22:11:07.582 [INFO ] Frontend -  [FRIEND_API] action=get_pending_start traceId=friend-get-pending-1776962467548000
2026-04-23 22:11:07.725 [INFO ] Frontend -  [FRIEND_API] action=get_pending_success count=1 traceId=friend-get-pending-1776962467548000
2026-04-23 22:11:09.230 [INFO ] Frontend -  [FRIEND_API] action=accept_request_start requestId=1 traceId=friend-accept-request-1776962469219000
2026-04-23 22:11:10.216 [INFO ] Frontend -  [FRIEND_SCREEN] action=socket_refresh userId=USER-AB47D05C
2026-04-23 22:11:10.216 [INFO ] Frontend -  [FRIEND_SCREEN] action=load_data_start
2026-04-23 22:11:10.271 [INFO ] Frontend -  [FRIEND_API] action=accept_request_success requestId=1 traceId=friend-accept-request-1776962469219000
2026-04-23 22:11:10.376 [INFO ] Frontend -  User profile successfully loaded for: amit
2026-04-23 22:11:10.386 [INFO ] Frontend -  [FRIEND_SCREEN] action=load_data_identity userId=USER-AB47D05C
2026-04-23 22:11:10.404 [INFO ] Frontend -  [FRIEND_API] action=get_recommendations_start userId=USER-AB47D05C traceId=friend-get-recommendations-1776962470394000
2026-04-23 22:11:10.404 [INFO ] Frontend -  [FRIEND_API] action=get_friends_start userId=USER-AB47D05C traceId=friend-get-friends-1776962470389000
2026-04-23 22:11:10.405 [INFO ] Frontend -  [FRIEND_API] action=get_pending_start traceId=friend-get-pending-1776962470391000
2026-04-23 22:11:10.503 [INFO ] Frontend -  [FRIEND_API] action=get_pending_success count=0 traceId=friend-get-pending-1776962470391000
2026-04-23 22:11:10.625 [INFO ] Frontend -  [FRIEND_API] action=get_friends_success userId=USER-AB47D05C count=1 traceId=friend-get-friends-1776962470389000
2026-04-23 22:11:10.658 [INFO ] Frontend -  [FRIEND_API] action=get_recommendations_success userId=USER-AB47D05C count=0 traceId=friend-get-recommendations-1776962470394000
2026-04-23 22:11:10.663 [INFO ] Frontend -  [FRIEND_SCREEN] action=load_data_success friends=1 pending=0 suggested=0
2026-04-23 22:12:04.418 [INFO ] Frontend -  Attempting login for user: rs@gmail.com
2026-04-23 22:12:04.625 [INFO ] Frontend -  Login successful. Tokens securely stored.
2026-04-23 22:12:04.627 [WARN ] Frontend -  This is the second data : {success: true, data: {userId: USER-9F05CB2D, token: eyJhbGciOiJIUzI1NiJ9.eyJzdWIiOiJVU0VSLTlGMDVDQjJEIiwicm9sZXMiOiJSSURFUiIsImlhdCI6MTc3Njk2MjUyNCwiZXhwIjoxNzc2OTYzNDI0fQ.2S6G6LMoQ3dryfe9wV2XVUxKGctIoWDhrBpH7K7wNPs, refreshToken: 19e41090-0631-4526-bf40-de51aa36fe78, expiresIn: 900}}
2026-04-23 22:12:04.755 [INFO ] Frontend -  User profile successfully loaded for: rohan
2026-04-23 22:12:04.921 [INFO ] Frontend -  [FRIEND_SCREEN] action=load_data_start
2026-04-23 22:12:05.013 [INFO ] Frontend -  User profile successfully loaded for: rohan
2026-04-23 22:12:05.033 [INFO ] Frontend -  User profile successfully loaded for: rohan
2026-04-23 22:12:05.041 [INFO ] Frontend -  [FRIEND_SCREEN] action=load_data_identity userId=USER-9F05CB2D
2026-04-23 22:12:05.051 [INFO ] Frontend -  [FRIEND_API] action=get_friends_start userId=USER-9F05CB2D traceId=friend-get-friends-1776962525043000
2026-04-23 22:12:05.052 [INFO ] Frontend -  [FRIEND_API] action=get_pending_start traceId=friend-get-pending-1776962525045000
2026-04-23 22:12:05.052 [INFO ] Frontend -  [FRIEND_API] action=get_recommendations_start userId=USER-9F05CB2D traceId=friend-get-recommendations-1776962525047000
2026-04-23 22:12:05.570 [INFO ] Frontend -  [FRIEND_API] action=get_friends_success userId=USER-9F05CB2D count=0 traceId=friend-get-friends-1776962525043000
2026-04-23 22:12:05.572 [INFO ] Frontend -  [FRIEND_API] action=get_pending_success count=0 traceId=friend-get-pending-1776962525045000
2026-04-23 22:12:06.124 [INFO ] Frontend -  [FRIEND_API] action=get_recommendations_success userId=USER-9F05CB2D count=0 traceId=friend-get-recommendations-1776962525047000
2026-04-23 22:12:06.133 [INFO ] Frontend -  [FRIEND_SCREEN] action=load_data_success friends=0 pending=0 suggested=0
2026-04-23 22:12:06.169 [INFO ] Frontend -  [FRIEND_SCREEN] action=socket_connected userId=USER-9F05CB2D
2026-04-23 22:36:27.417 [INFO ] Frontend -  Attempting login for user: asr@gmail.com
2026-04-23 22:36:27.945 [INFO ] Frontend -  Login successful. Tokens securely stored.
2026-04-23 22:36:27.945 [WARN ] Frontend -  This is the second data : {success: true, data: {userId: USER-AB47D05C, token: eyJhbGciOiJIUzI1NiJ9.eyJzdWIiOiJVU0VSLUFCNDdEMDVDIiwicm9sZXMiOiJSSURFUiIsImlhdCI6MTc3Njk2Mzk4NywiZXhwIjoxNzc2OTY0ODg3fQ.zuUlmra-vhHZ9TrZsnabWfr1ESyG9SKy0agGjwubhoE, refreshToken: 0272b078-5fa9-4aa6-9bd1-2c51d6008fce, expiresIn: 900}}
2026-04-23 22:36:28.687 [INFO ] Frontend -  User profile successfully loaded for: amit
2026-04-23 22:36:28.965 [INFO ] Frontend -  [FRIEND_SCREEN] action=load_data_start
2026-04-23 22:36:29.080 [WARN ] Frontend -  Primary geocoder failed (likely missing API key), trying fallback...
2026-04-23 22:36:29.232 [INFO ] Frontend -  User profile successfully loaded for: amit
2026-04-23 22:36:29.247 [INFO ] Frontend -  User profile successfully loaded for: amit
2026-04-23 22:36:29.343 [INFO ] Frontend -  [FRIEND_SCREEN] action=load_data_identity userId=USER-AB47D05C
2026-04-23 22:36:29.464 [INFO ] Frontend -  [FRIEND_API] action=get_pending_start traceId=friend-get-pending-1776963989444000
2026-04-23 22:36:29.464 [INFO ] Frontend -  [FRIEND_API] action=get_recommendations_start userId=USER-AB47D05C traceId=friend-get-recommendations-1776963989445000
2026-04-23 22:36:29.464 [INFO ] Frontend -  [FRIEND_API] action=get_friends_start userId=USER-AB47D05C traceId=friend-get-friends-1776963989442000
2026-04-23 22:36:29.600 [INFO ] Frontend -  [FRIEND_API] action=get_pending_success count=0 traceId=friend-get-pending-1776963989444000
2026-04-23 22:36:29.894 [INFO ] Frontend -  [FRIEND_API] action=get_friends_success userId=USER-AB47D05C count=1 traceId=friend-get-friends-1776963989442000
2026-04-23 22:36:30.630 [INFO ] Frontend -  [FRIEND_API] action=get_recommendations_success userId=USER-AB47D05C count=0 traceId=friend-get-recommendations-1776963989445000
2026-04-23 22:36:30.639 [INFO ] Frontend -  [FRIEND_SCREEN] action=load_data_success friends=1 pending=0 suggested=0
2026-04-23 22:36:30.693 [INFO ] Frontend -  [FRIEND_SCREEN] action=socket_connected userId=USER-AB47D05C
2026-04-23 22:36:45.116 [INFO ] Frontend -  Attempting login for user: rs@gmail.com
2026-04-23 22:36:45.425 [WARN ] Frontend -  This is the second data : {success: true, data: {userId: USER-9F05CB2D, token: eyJhbGciOiJIUzI1NiJ9.eyJzdWIiOiJVU0VSLTlGMDVDQjJEIiwicm9sZXMiOiJSSURFUiIsImlhdCI6MTc3Njk2NDAwNSwiZXhwIjoxNzc2OTY0OTA1fQ.vAPwe7mFxZn6YeACTVK-PE2bjHF9XyzjK5QtsSwSiEY, refreshToken: f97fd7ef-5fc3-4ad6-aa60-3a634d457777, expiresIn: 900}}
2026-04-23 22:36:45.426 [INFO ] Frontend -  Login successful. Tokens securely stored.
2026-04-23 22:36:45.533 [INFO ] Frontend -  User profile successfully loaded for: rohan
2026-04-23 22:36:45.765 [INFO ] Frontend -  [FRIEND_SCREEN] action=load_data_start
2026-04-23 22:36:45.938 [INFO ] Frontend -  User profile successfully loaded for: rohan
2026-04-23 22:36:45.973 [INFO ] Frontend -  User profile successfully loaded for: rohan
2026-04-23 22:36:46.081 [INFO ] Frontend -  [FRIEND_SCREEN] action=load_data_identity userId=USER-9F05CB2D
2026-04-23 22:36:46.114 [INFO ] Frontend -  [FRIEND_API] action=get_recommendations_start userId=USER-9F05CB2D traceId=friend-get-recommendations-1776964006104000
2026-04-23 22:36:46.114 [INFO ] Frontend -  [FRIEND_API] action=get_pending_start traceId=friend-get-pending-1776964006102000
2026-04-23 22:36:46.119 [INFO ] Frontend -  [FRIEND_API] action=get_friends_start userId=USER-9F05CB2D traceId=friend-get-friends-1776964006098000
2026-04-23 22:36:46.240 [INFO ] Frontend -  [FRIEND_API] action=get_friends_success userId=USER-9F05CB2D count=0 traceId=friend-get-friends-1776964006098000
2026-04-23 22:36:46.241 [INFO ] Frontend -  [FRIEND_API] action=get_pending_success count=0 traceId=friend-get-pending-1776964006102000
2026-04-23 22:36:46.352 [INFO ] Frontend -  [FRIEND_API] action=get_recommendations_success userId=USER-9F05CB2D count=0 traceId=friend-get-recommendations-1776964006104000
2026-04-23 22:36:46.360 [INFO ] Frontend -  [FRIEND_SCREEN] action=load_data_success friends=0 pending=0 suggested=0
2026-04-23 22:36:46.393 [INFO ] Frontend -  [FRIEND_SCREEN] action=socket_connected userId=USER-9F05CB2D
2026-04-23 22:37:44.721 [WARN ] Frontend -  Primary geocoder failed (likely missing API key), trying fallback...
2026-04-23 22:59:05.285 [INFO ] Frontend -  [FRIEND_SCREEN] action=socket_connected userId=USER-AB47D05C
2026-04-23 22:59:05.477 [INFO ] Frontend -  [FRIEND_SCREEN] action=socket_connected userId=USER-9F05CB2D
2026-04-23 23:02:00.769 [INFO ] Frontend -  Another request is already refreshing the token, waiting...
2026-04-23 23:02:00.769 [INFO ] Frontend -  Attempting to refresh access token...
2026-04-23 23:02:00.769 [INFO ] Frontend -  Initiating token refresh flow over ApiService due to 401 Unauthorized
2026-04-23 23:02:01.284 [INFO ] Frontend -  Initiating secure logout...
2026-04-23 23:02:01.284 [ERROR] Frontend -  Token refresh failed. Forcing local logout.
2026-04-23 23:02:01.286 [ERROR] Frontend -  Network fail during refresh token call | Error: ClientException: Failed to fetch, uri=http://localhost:8080/api/v1/auth/refresh | Stack: null
2026-04-23 23:02:14.289 [INFO ] Frontend -  Attempting login for user: rs@gmail.com
2026-04-23 23:02:14.648 [INFO ] Frontend -  Login successful. Tokens securely stored.
2026-04-23 23:02:14.648 [WARN ] Frontend -  This is the second data : {success: true, data: {userId: USER-9F05CB2D, token: eyJhbGciOiJIUzI1NiJ9.eyJzdWIiOiJVU0VSLTlGMDVDQjJEIiwicm9sZXMiOiJSSURFUiIsImlhdCI6MTc3Njk2NTUzNCwiZXhwIjoxNzc2OTY2NDM0fQ.-pSM3lTw8ie2gGloMquJoFuUlfSq2xZwyEUbURPibYA, refreshToken: aad9fa8d-d852-4c5d-b214-32ece87e259a, expiresIn: 900}}
2026-04-23 23:02:15.042 [INFO ] Frontend -  User profile successfully loaded for: rohan
2026-04-23 23:02:15.249 [INFO ] Frontend -  [FRIEND_SCREEN] action=load_data_start
2026-04-23 23:02:15.361 [WARN ] Frontend -  Primary geocoder failed (likely missing API key), trying fallback...
2026-04-23 23:02:15.433 [INFO ] Frontend -  User profile successfully loaded for: rohan
2026-04-23 23:02:15.529 [INFO ] Frontend -  User profile successfully loaded for: rohan
2026-04-23 23:02:15.556 [INFO ] Frontend -  [FRIEND_SCREEN] action=load_data_identity userId=USER-9F05CB2D
2026-04-23 23:02:15.607 [INFO ] Frontend -  [FRIEND_API] action=get_pending_start traceId=friend-get-pending-1776965535588000
2026-04-23 23:02:15.609 [INFO ] Frontend -  [FRIEND_API] action=get_friends_start userId=USER-9F05CB2D traceId=friend-get-friends-1776965535585000
2026-04-23 23:02:15.613 [INFO ] Frontend -  [FRIEND_API] action=get_recommendations_start userId=USER-9F05CB2D traceId=friend-get-recommendations-1776965535589000
2026-04-23 23:02:15.730 [INFO ] Frontend -  [FRIEND_API] action=get_pending_success count=0 traceId=friend-get-pending-1776965535588000
2026-04-23 23:02:15.853 [INFO ] Frontend -  [FRIEND_API] action=get_friends_success userId=USER-9F05CB2D count=0 traceId=friend-get-friends-1776965535585000
2026-04-23 23:02:16.746 [INFO ] Frontend -  [FRIEND_API] action=get_recommendations_success userId=USER-9F05CB2D count=0 traceId=friend-get-recommendations-1776965535589000
2026-04-23 23:02:16.755 [INFO ] Frontend -  [FRIEND_SCREEN] action=load_data_success friends=0 pending=0 suggested=0
2026-04-23 23:02:16.796 [INFO ] Frontend -  [FRIEND_SCREEN] action=socket_connected userId=USER-9F05CB2D
2026-04-23 23:02:20.565 [WARN ] Frontend -  Bike brands request returned status=500 body={"data":null,"error":{},"message":"A runtime error occurred","status":"FAILED"}
2026-04-23 23:02:24.592 [WARN ] Frontend -  Bike brands request returned status=500 body={"data":null,"error":{},"message":"A runtime error occurred","status":"FAILED"}
2026-04-23 23:02:27.530 [WARN ] Frontend -  Bike brands request returned status=500 body={"data":null,"error":{},"message":"A runtime error occurred","status":"FAILED"}
2026-04-23 23:02:28.272 [WARN ] Frontend -  Bike brands request returned status=500 body={"data":null,"error":{},"message":"A runtime error occurred","status":"FAILED"}
2026-04-23 23:02:31.501 [WARN ] Frontend -  Bike brands request returned status=500 body={"data":null,"error":{},"message":"A runtime error occurred","status":"FAILED"}
2026-04-23 23:02:32.923 [WARN ] Frontend -  Bike brands request returned status=500 body={"data":null,"error":{},"message":"A runtime error occurred","status":"FAILED"}
2026-04-23 23:02:40.665 [WARN ] Frontend -  Bike variants request returned status=500 body={"data":null,"error":{},"message":"A runtime error occurred","status":"FAILED"}
2026-04-23 23:02:43.632 [WARN ] Frontend -  Bike variants request returned status=500 body={"data":null,"error":{},"message":"A runtime error occurred","status":"FAILED"}
2026-04-23 23:02:45.978 [WARN ] Frontend -  Bike variants request returned status=500 body={"data":null,"error":{},"message":"A runtime error occurred","status":"FAILED"}
2026-04-23 23:02:46.445 [WARN ] Frontend -  Bike variants request returned status=500 body={"data":null,"error":{},"message":"A runtime error occurred","status":"FAILED"}
2026-04-23 23:02:46.614 [WARN ] Frontend -  Bike variants request returned status=500 body={"data":null,"error":{},"message":"A runtime error occurred","status":"FAILED"}
2026-04-23 23:02:47.350 [WARN ] Frontend -  Bike variants request returned status=500 body={"data":null,"error":{},"message":"A runtime error occurred","status":"FAILED"}
2026-04-23 23:02:47.452 [WARN ] Frontend -  Bike variants request returned status=500 body={"data":null,"error":{},"message":"A runtime error occurred","status":"FAILED"}
2026-04-23 23:02:47.806 [WARN ] Frontend -  Bike variants request returned status=500 body={"data":null,"error":{},"message":"A runtime error occurred","status":"FAILED"}
2026-04-23 23:02:48.165 [WARN ] Frontend -  Bike variants request returned status=500 body={"data":null,"error":{},"message":"A runtime error occurred","status":"FAILED"}
2026-04-23 23:02:48.968 [WARN ] Frontend -  Bike variants request returned status=500 body={"data":null,"error":{},"message":"A runtime error occurred","status":"FAILED"}
2026-04-23 23:02:49.562 [WARN ] Frontend -  Bike variants request returned status=500 body={"data":null,"error":{},"message":"A runtime error occurred","status":"FAILED"}
2026-04-23 23:02:50.164 [WARN ] Frontend -  Bike variants request returned status=500 body={"data":null,"error":{},"message":"A runtime error occurred","status":"FAILED"}
2026-04-23 23:03:04.510 [WARN ] Frontend -  Bike brands request returned status=500 body={"data":null,"error":{},"message":"A runtime error occurred","status":"FAILED"}
2026-04-23 23:03:06.877 [WARN ] Frontend -  Bike brands request returned status=500 body={"data":null,"error":{},"message":"A runtime error occurred","status":"FAILED"}
2026-04-23 23:03:06.936 [WARN ] Frontend -  Bike brands request returned status=500 body={"data":null,"error":{},"message":"A runtime error occurred","status":"FAILED"}
2026-04-23 23:03:12.066 [WARN ] Frontend -  Bike variants request returned status=500 body={"data":null,"error":{},"message":"A runtime error occurred","status":"FAILED"}
2026-04-23 23:03:14.700 [WARN ] Frontend -  Bike variants request returned status=500 body={"data":null,"error":{},"message":"A runtime error occurred","status":"FAILED"}
2026-04-23 23:03:15.726 [WARN ] Frontend -  Bike variants request returned status=500 body={"data":null,"error":{},"message":"A runtime error occurred","status":"FAILED"}
2026-04-23 23:03:15.737 [WARN ] Frontend -  Bike variants request returned status=500 body={"data":null,"error":{},"message":"A runtime error occurred","status":"FAILED"}
2026-04-23 23:03:19.202 [WARN ] Frontend -  Bike variants request returned status=500 body={"data":null,"error":{},"message":"A runtime error occurred","status":"FAILED"}
2026-04-23 23:03:19.273 [WARN ] Frontend -  Bike variants request returned status=500 body={"data":null,"error":{},"message":"A runtime error occurred","status":"FAILED"}
2026-04-23 23:03:19.541 [WARN ] Frontend -  Bike variants request returned status=500 body={"data":null,"error":{},"message":"A runtime error occurred","status":"FAILED"}
2026-04-23 23:03:20.163 [WARN ] Frontend -  Bike variants request returned status=500 body={"data":null,"error":{},"message":"A runtime error occurred","status":"FAILED"}
2026-04-23 23:03:21.057 [WARN ] Frontend -  Bike variants request returned status=500 body={"data":null,"error":{},"message":"A runtime error occurred","status":"FAILED"}
2026-04-23 23:03:21.631 [WARN ] Frontend -  Bike variants request returned status=500 body={"data":null,"error":{},"message":"A runtime error occurred","status":"FAILED"}
2026-04-23 23:17:53.084 [INFO ] Frontend -  [FRIEND_SCREEN] action=socket_connected userId=USER-AB47D05C
2026-04-23 23:17:53.279 [INFO ] Frontend -  [FRIEND_SCREEN] action=socket_connected userId=USER-9F05CB2D
2026-04-23 23:18:52.916 [INFO ] Frontend -  Attempting login for user: rs@gmail.com
2026-04-23 23:18:53.713 [INFO ] Frontend -  Login successful. Tokens securely stored.
2026-04-23 23:18:53.713 [WARN ] Frontend -  This is the second data : {success: true, data: {userId: USER-9F05CB2D, token: eyJhbGciOiJIUzI1NiJ9.eyJzdWIiOiJVU0VSLTlGMDVDQjJEIiwicm9sZXMiOiJSSURFUiIsImlhdCI6MTc3Njk2NjUzMywiZXhwIjoxNzc2OTY3NDMzfQ.EwVGMFCwIwj2SAq609lDzokZiuKYfWuGDsGau7Bq77k, refreshToken: e9edc86b-505e-4a4c-9dad-c45b849c82c5, expiresIn: 900}}
2026-04-23 23:18:54.478 [INFO ] Frontend -  User profile successfully loaded for: rohan
2026-04-23 23:18:54.662 [INFO ] Frontend -  [FRIEND_SCREEN] action=load_data_start
2026-04-23 23:18:54.763 [WARN ] Frontend -  Primary geocoder failed (likely missing API key), trying fallback...
2026-04-23 23:18:55.395 [INFO ] Frontend -  User profile successfully loaded for: rohan
2026-04-23 23:18:55.495 [INFO ] Frontend -  User profile successfully loaded for: rohan
2026-04-23 23:18:55.532 [INFO ] Frontend -  [FRIEND_SCREEN] action=load_data_identity userId=USER-9F05CB2D
2026-04-23 23:18:55.579 [INFO ] Frontend -  [FRIEND_API] action=get_recommendations_start userId=USER-9F05CB2D traceId=friend-get-recommendations-1776966535559000
2026-04-23 23:18:55.579 [INFO ] Frontend -  [FRIEND_API] action=get_pending_start traceId=friend-get-pending-1776966535557000
2026-04-23 23:18:55.579 [INFO ] Frontend -  [FRIEND_API] action=get_friends_start userId=USER-9F05CB2D traceId=friend-get-friends-1776966535555000
2026-04-23 23:18:55.663 [INFO ] Frontend -  [FRIEND_API] action=get_pending_success count=0 traceId=friend-get-pending-1776966535557000
2026-04-23 23:18:55.736 [INFO ] Frontend -  [FRIEND_API] action=get_friends_success userId=USER-9F05CB2D count=0 traceId=friend-get-friends-1776966535555000
2026-04-23 23:18:56.697 [INFO ] Frontend -  [FRIEND_API] action=get_recommendations_success userId=USER-9F05CB2D count=0 traceId=friend-get-recommendations-1776966535559000
2026-04-23 23:18:56.705 [INFO ] Frontend -  [FRIEND_SCREEN] action=load_data_success friends=0 pending=0 suggested=0
2026-04-23 23:18:56.747 [INFO ] Frontend -  [FRIEND_SCREEN] action=socket_connected userId=USER-9F05CB2D
2026-04-23 23:18:59.643 [WARN ] Frontend -  Bike brands request returned status=500 body={"data":null,"error":{},"message":"A runtime error occurred","status":"FAILED"}
2026-04-23 23:19:02.851 [WARN ] Frontend -  Bike brands request returned status=500 body={"data":null,"error":{},"message":"A runtime error occurred","status":"FAILED"}
2026-04-23 23:19:03.011 [WARN ] Frontend -  Bike brands request returned status=500 body={"data":null,"error":{},"message":"A runtime error occurred","status":"FAILED"}
2026-04-23 23:19:03.986 [WARN ] Frontend -  Bike brands request returned status=500 body={"data":null,"error":{},"message":"A runtime error occurred","status":"FAILED"}
2026-04-23 23:19:04.094 [WARN ] Frontend -  Bike brands request returned status=500 body={"data":null,"error":{},"message":"A runtime error occurred","status":"FAILED"}
2026-04-23 23:19:06.512 [WARN ] Frontend -  Bike brands request returned status=500 body={"data":null,"error":{},"message":"A runtime error occurred","status":"FAILED"}
2026-04-23 23:19:06.985 [WARN ] Frontend -  Bike brands request returned status=500 body={"data":null,"error":{},"message":"A runtime error occurred","status":"FAILED"}
2026-04-23 23:19:07.511 [WARN ] Frontend -  Bike brands request returned status=500 body={"data":null,"error":{},"message":"A runtime error occurred","status":"FAILED"}
2026-04-23 23:19:08.040 [WARN ] Frontend -  Bike brands request returned status=500 body={"data":null,"error":{},"message":"A runtime error occurred","status":"FAILED"}
2026-04-23 23:19:08.197 [WARN ] Frontend -  Bike brands request returned status=500 body={"data":null,"error":{},"message":"A runtime error occurred","status":"FAILED"}
2026-04-23 23:19:08.286 [WARN ] Frontend -  Bike brands request returned status=500 body={"data":null,"error":{},"message":"A runtime error occurred","status":"FAILED"}
2026-04-23 23:19:09.656 [WARN ] Frontend -  Bike brands request returned status=500 body={"data":null,"error":{},"message":"A runtime error occurred","status":"FAILED"}
2026-04-23 23:19:10.626 [WARN ] Frontend -  Bike brands request returned status=500 body={"data":null,"error":{},"message":"A runtime error occurred","status":"FAILED"}
2026-04-23 23:19:10.882 [WARN ] Frontend -  Bike brands request returned status=500 body={"data":null,"error":{},"message":"A runtime error occurred","status":"FAILED"}
2026-04-23 23:19:11.071 [WARN ] Frontend -  Bike brands request returned status=500 body={"data":null,"error":{},"message":"A runtime error occurred","status":"FAILED"}
2026-04-23 23:19:11.171 [WARN ] Frontend -  Bike brands request returned status=500 body={"data":null,"error":{},"message":"A runtime error occurred","status":"FAILED"}
2026-04-23 23:19:11.353 [WARN ] Frontend -  Bike brands request returned status=500 body={"data":null,"error":{},"message":"A runtime error occurred","status":"FAILED"}
2026-04-23 23:19:11.463 [WARN ] Frontend -  Bike brands request returned status=500 body={"data":null,"error":{},"message":"A runtime error occurred","status":"FAILED"}
2026-04-23 23:19:11.929 [WARN ] Frontend -  Bike brands request returned status=500 body={"data":null,"error":{},"message":"A runtime error occurred","status":"FAILED"}
2026-04-23 23:19:12.002 [WARN ] Frontend -  Bike brands request returned status=500 body={"data":null,"error":{},"message":"A runtime error occurred","status":"FAILED"}
2026-04-23 23:19:12.142 [WARN ] Frontend -  Bike brands request returned status=500 body={"data":null,"error":{},"message":"A runtime error occurred","status":"FAILED"}
2026-04-23 23:19:12.261 [WARN ] Frontend -  Bike brands request returned status=500 body={"data":null,"error":{},"message":"A runtime error occurred","status":"FAILED"}
2026-04-23 23:19:12.386 [WARN ] Frontend -  Bike brands request returned status=500 body={"data":null,"error":{},"message":"A runtime error occurred","status":"FAILED"}
2026-04-23 23:19:13.037 [WARN ] Frontend -  Bike brands request returned status=500 body={"data":null,"error":{},"message":"A runtime error occurred","status":"FAILED"}
2026-04-23 23:19:13.600 [WARN ] Frontend -  Bike brands request returned status=500 body={"data":null,"error":{},"message":"A runtime error occurred","status":"FAILED"}
2026-04-23 23:19:14.096 [WARN ] Frontend -  Bike brands request returned status=500 body={"data":null,"error":{},"message":"A runtime error occurred","status":"FAILED"}
2026-04-23 23:19:14.165 [WARN ] Frontend -  Bike brands request returned status=500 body={"data":null,"error":{},"message":"A runtime error occurred","status":"FAILED"}
2026-04-23 23:19:14.249 [WARN ] Frontend -  Bike brands request returned status=500 body={"data":null,"error":{},"message":"A runtime error occurred","status":"FAILED"}
2026-04-23 23:19:14.329 [WARN ] Frontend -  Bike brands request returned status=500 body={"data":null,"error":{},"message":"A runtime error occurred","status":"FAILED"}
2026-04-23 23:19:14.412 [WARN ] Frontend -  Bike brands request returned status=500 body={"data":null,"error":{},"message":"A runtime error occurred","status":"FAILED"}
2026-04-23 23:19:14.730 [WARN ] Frontend -  Bike brands request returned status=500 body={"data":null,"error":{},"message":"A runtime error occurred","status":"FAILED"}
2026-04-23 23:19:14.964 [WARN ] Frontend -  Bike brands request returned status=500 body={"data":null,"error":{},"message":"A runtime error occurred","status":"FAILED"}
2026-04-23 23:19:15.088 [WARN ] Frontend -  Bike brands request returned status=500 body={"data":null,"error":{},"message":"A runtime error occurred","status":"FAILED"}
2026-04-23 23:19:15.217 [WARN ] Frontend -  Bike brands request returned status=500 body={"data":null,"error":{},"message":"A runtime error occurred","status":"FAILED"}
2026-04-23 23:19:15.312 [WARN ] Frontend -  Bike brands request returned status=500 body={"data":null,"error":{},"message":"A runtime error occurred","status":"FAILED"}
2026-04-23 23:19:15.641 [WARN ] Frontend -  Bike brands request returned status=500 body={"data":null,"error":{},"message":"A runtime error occurred","status":"FAILED"}
2026-04-23 23:19:17.987 [WARN ] Frontend -  Bike brands request returned status=500 body={"data":null,"error":{},"message":"A runtime error occurred","status":"FAILED"}
2026-04-23 23:19:19.444 [WARN ] Frontend -  Bike brands request returned status=500 body={"data":null,"error":{},"message":"A runtime error occurred","status":"FAILED"}
2026-04-23 23:19:19.537 [WARN ] Frontend -  Bike brands request returned status=500 body={"data":null,"error":{},"message":"A runtime error occurred","status":"FAILED"}
2026-04-23 23:19:19.707 [WARN ] Frontend -  Bike brands request returned status=500 body={"data":null,"error":{},"message":"A runtime error occurred","status":"FAILED"}
2026-04-23 23:19:19.810 [WARN ] Frontend -  Bike brands request returned status=500 body={"data":null,"error":{},"message":"A runtime error occurred","status":"FAILED"}
2026-04-23 23:19:19.939 [WARN ] Frontend -  Bike brands request returned status=500 body={"data":null,"error":{},"message":"A runtime error occurred","status":"FAILED"}
2026-04-23 23:19:20.656 [WARN ] Frontend -  Bike brands request returned status=500 body={"data":null,"error":{},"message":"A runtime error occurred","status":"FAILED"}
2026-04-23 23:19:23.404 [WARN ] Frontend -  Bike models request returned status=500 body={"data":null,"error":{},"message":"A runtime error occurred","status":"FAILED"}
2026-04-23 23:19:28.541 [WARN ] Frontend -  Bike variants request returned status=500 body={"data":null,"error":{},"message":"A runtime error occurred","status":"FAILED"}
2026-04-23 23:19:30.418 [WARN ] Frontend -  Bike variants request returned status=500 body={"data":null,"error":{},"message":"A runtime error occurred","status":"FAILED"}
2026-04-23 23:19:30.977 [WARN ] Frontend -  Bike variants request returned status=500 body={"data":null,"error":{},"message":"A runtime error occurred","status":"FAILED"}
2026-04-23 23:19:31.123 [WARN ] Frontend -  Bike variants request returned status=500 body={"data":null,"error":{},"message":"A runtime error occurred","status":"FAILED"}
2026-04-23 23:19:34.129 [WARN ] Frontend -  Bike variants request returned status=500 body={"data":null,"error":{},"message":"A runtime error occurred","status":"FAILED"}
2026-04-23 23:28:49.777 [WARN ] Frontend -  Bike brands request returned status=500 body={"data":null,"error":{},"message":"A runtime error occurred","status":"FAILED"}
2026-04-23 23:28:51.289 [WARN ] Frontend -  Bike brands request returned status=500 body={"data":null,"error":{},"message":"A runtime error occurred","status":"FAILED"}
2026-04-23 23:28:51.886 [WARN ] Frontend -  Bike brands request returned status=500 body={"data":null,"error":{},"message":"A runtime error occurred","status":"FAILED"}
2026-04-23 23:28:52.032 [WARN ] Frontend -  Bike brands request returned status=500 body={"data":null,"error":{},"message":"A runtime error occurred","status":"FAILED"}
2026-04-23 23:28:52.210 [WARN ] Frontend -  Bike brands request returned status=500 body={"data":null,"error":{},"message":"A runtime error occurred","status":"FAILED"}
2026-04-23 23:28:52.372 [WARN ] Frontend -  Bike brands request returned status=500 body={"data":null,"error":{},"message":"A runtime error occurred","status":"FAILED"}
2026-04-23 23:28:53.049 [WARN ] Frontend -  Bike brands request returned status=500 body={"data":null,"error":{},"message":"A runtime error occurred","status":"FAILED"}
2026-04-23 23:28:53.177 [WARN ] Frontend -  Bike brands request returned status=500 body={"data":null,"error":{},"message":"A runtime error occurred","status":"FAILED"}
2026-04-23 23:28:53.259 [WARN ] Frontend -  Bike brands request returned status=500 body={"data":null,"error":{},"message":"A runtime error occurred","status":"FAILED"}
2026-04-23 23:28:54.023 [WARN ] Frontend -  Bike brands request returned status=500 body={"data":null,"error":{},"message":"A runtime error occurred","status":"FAILED"}
2026-04-23 23:28:54.901 [WARN ] Frontend -  Bike brands request returned status=500 body={"data":null,"error":{},"message":"A runtime error occurred","status":"FAILED"}
2026-04-23 23:28:55.765 [WARN ] Frontend -  Bike brands request returned status=500 body={"data":null,"error":{},"message":"A runtime error occurred","status":"FAILED"}
2026-04-23 23:28:58.970 [WARN ] Frontend -  Bike models request returned status=500 body={"data":null,"error":{},"message":"A runtime error occurred","status":"FAILED"}
2026-04-23 23:29:02.194 [WARN ] Frontend -  Bike variants request returned status=500 body={"data":null,"error":{},"message":"A runtime error occurred","status":"FAILED"}
2026-04-23 23:29:04.110 [WARN ] Frontend -  Bike variants request returned status=500 body={"data":null,"error":{},"message":"A runtime error occurred","status":"FAILED"}
2026-04-23 23:29:04.708 [WARN ] Frontend -  Bike variants request returned status=500 body={"data":null,"error":{},"message":"A runtime error occurred","status":"FAILED"}
2026-04-23 23:29:05.467 [WARN ] Frontend -  Bike variants request returned status=500 body={"data":null,"error":{},"message":"A runtime error occurred","status":"FAILED"}
2026-04-23 23:29:05.680 [WARN ] Frontend -  Bike variants request returned status=500 body={"data":null,"error":{},"message":"A runtime error occurred","status":"FAILED"}
2026-04-23 23:29:05.857 [WARN ] Frontend -  Bike variants request returned status=500 body={"data":null,"error":{},"message":"A runtime error occurred","status":"FAILED"}
2026-04-23 23:29:06.112 [WARN ] Frontend -  Bike variants request returned status=500 body={"data":null,"error":{},"message":"A runtime error occurred","status":"FAILED"}
2026-04-23 23:29:06.631 [WARN ] Frontend -  Bike variants request returned status=500 body={"data":null,"error":{},"message":"A runtime error occurred","status":"FAILED"}
2026-04-23 23:29:07.507 [WARN ] Frontend -  Bike variants request returned status=500 body={"data":null,"error":{},"message":"A runtime error occurred","status":"FAILED"}
2026-04-23 23:29:07.661 [WARN ] Frontend -  Bike variants request returned status=500 body={"data":null,"error":{},"message":"A runtime error occurred","status":"FAILED"}
2026-04-23 23:29:07.833 [WARN ] Frontend -  Bike variants request returned status=500 body={"data":null,"error":{},"message":"A runtime error occurred","status":"FAILED"}
2026-04-23 23:29:08.306 [WARN ] Frontend -  Bike variants request returned status=500 body={"data":null,"error":{},"message":"A runtime error occurred","status":"FAILED"}
2026-04-23 23:29:08.737 [WARN ] Frontend -  Bike variants request returned status=500 body={"data":null,"error":{},"message":"A runtime error occurred","status":"FAILED"}
2026-04-23 23:29:08.860 [WARN ] Frontend -  Bike variants request returned status=500 body={"data":null,"error":{},"message":"A runtime error occurred","status":"FAILED"}
2026-04-23 23:29:09.103 [WARN ] Frontend -  Bike variants request returned status=500 body={"data":null,"error":{},"message":"A runtime error occurred","status":"FAILED"}
2026-04-23 23:40:38.868 [INFO ] Frontend -  Attempting login for user: asr@gmail.com
2026-04-23 23:40:39.745 [INFO ] Frontend -  Login successful. Tokens securely stored.
2026-04-23 23:40:39.745 [WARN ] Frontend -  This is the second data : {success: true, data: {userId: USER-AB47D05C, token: eyJhbGciOiJIUzI1NiJ9.eyJzdWIiOiJVU0VSLUFCNDdEMDVDIiwicm9sZXMiOiJSSURFUiIsImlhdCI6MTc3Njk2NzgzOSwiZXhwIjoxNzc2OTY4NzM5fQ.dYvEuNki0Nd4MZRwCeVo8KBnEOM61gIrmBcyH1XqJVA, refreshToken: ed15fde0-df19-4d16-a2ee-149b3fa2521f, expiresIn: 900}}
2026-04-23 23:40:40.489 [INFO ] Frontend -  User profile successfully loaded for: amit
2026-04-23 23:40:40.797 [INFO ] Frontend -  [FRIEND_SCREEN] action=load_data_start
2026-04-23 23:40:40.880 [WARN ] Frontend -  Primary geocoder failed (likely missing API key), trying fallback...
2026-04-23 23:40:40.997 [INFO ] Frontend -  User profile successfully loaded for: amit
2026-04-23 23:40:41.149 [INFO ] Frontend -  User profile successfully loaded for: amit
2026-04-23 23:40:41.225 [INFO ] Frontend -  [FRIEND_SCREEN] action=load_data_identity userId=USER-AB47D05C
2026-04-23 23:40:41.236 [INFO ] Frontend -  [FRIEND_API] action=get_pending_start traceId=friend-get-pending-1776967841229000
2026-04-23 23:40:41.240 [INFO ] Frontend -  [FRIEND_API] action=get_recommendations_start userId=USER-AB47D05C traceId=friend-get-recommendations-1776967841231000
2026-04-23 23:40:41.242 [INFO ] Frontend -  [FRIEND_API] action=get_friends_start userId=USER-AB47D05C traceId=friend-get-friends-1776967841227000
2026-04-23 23:40:41.331 [INFO ] Frontend -  [FRIEND_API] action=get_pending_success count=0 traceId=friend-get-pending-1776967841229000
2026-04-23 23:40:41.549 [INFO ] Frontend -  [FRIEND_API] action=get_friends_success userId=USER-AB47D05C count=1 traceId=friend-get-friends-1776967841227000
2026-04-23 23:40:42.714 [INFO ] Frontend -  [FRIEND_API] action=get_recommendations_success userId=USER-AB47D05C count=0 traceId=friend-get-recommendations-1776967841231000
2026-04-23 23:40:42.733 [INFO ] Frontend -  [FRIEND_SCREEN] action=load_data_success friends=1 pending=0 suggested=0
2026-04-23 23:40:42.789 [INFO ] Frontend -  [FRIEND_SCREEN] action=socket_connected userId=USER-AB47D05C
2026-04-23 23:40:46.071 [WARN ] Frontend -  Bike brands request returned status=500 body={"data":null,"error":{},"message":"A runtime error occurred","status":"FAILED"}
2026-04-23 23:41:03.454 [WARN ] Frontend -  Bike brands request returned status=500 body={"data":null,"error":{},"message":"A runtime error occurred","status":"FAILED"}
2026-04-23 23:41:13.674 [INFO ] Frontend -  Initiating secure logout...
2026-04-23 23:41:14.459 [INFO ] Frontend -  Clearing local secure storage tokens
2026-04-23 23:41:15.017 [INFO ] Frontend -  [FRIEND_SCREEN] action=socket_disconnected userId=USER-AB47D05C
2026-04-23 23:41:21.567 [INFO ] Frontend -  Attempting login for user: rs@gmail.com
2026-04-23 23:41:21.741 [WARN ] Frontend -  This is the second data : {success: true, data: {userId: USER-9F05CB2D, token: eyJhbGciOiJIUzI1NiJ9.eyJzdWIiOiJVU0VSLTlGMDVDQjJEIiwicm9sZXMiOiJSSURFUiIsImlhdCI6MTc3Njk2Nzg4MSwiZXhwIjoxNzc2OTY4NzgxfQ.FpQYtWkj3mdx18LhKmktiAn3TvTFt2ZqgAIZ369X8E8, refreshToken: 6a080032-5886-41ad-8a4c-560edb858179, expiresIn: 900}}
2026-04-23 23:41:21.742 [INFO ] Frontend -  Login successful. Tokens securely stored.
2026-04-23 23:41:21.856 [INFO ] Frontend -  User profile successfully loaded for: rohan
2026-04-23 23:41:22.008 [INFO ] Frontend -  [FRIEND_SCREEN] action=load_data_start
2026-04-23 23:41:22.034 [WARN ] Frontend -  Primary geocoder failed (likely missing API key), trying fallback...
2026-04-23 23:41:22.133 [INFO ] Frontend -  User profile successfully loaded for: rohan
2026-04-23 23:41:22.181 [INFO ] Frontend -  User profile successfully loaded for: rohan
2026-04-23 23:41:22.198 [INFO ] Frontend -  [FRIEND_SCREEN] action=load_data_identity userId=USER-9F05CB2D
2026-04-23 23:41:22.222 [INFO ] Frontend -  [FRIEND_API] action=get_pending_start traceId=friend-get-pending-1776967882206000
2026-04-23 23:41:22.230 [INFO ] Frontend -  [FRIEND_API] action=get_friends_start userId=USER-9F05CB2D traceId=friend-get-friends-1776967882203000
2026-04-23 23:41:22.231 [INFO ] Frontend -  [FRIEND_API] action=get_recommendations_start userId=USER-9F05CB2D traceId=friend-get-recommendations-1776967882209000
2026-04-23 23:41:22.290 [INFO ] Frontend -  [FRIEND_API] action=get_friends_success userId=USER-9F05CB2D count=0 traceId=friend-get-friends-1776967882203000
2026-04-23 23:41:22.291 [INFO ] Frontend -  [FRIEND_API] action=get_pending_success count=0 traceId=friend-get-pending-1776967882206000
2026-04-23 23:41:22.436 [INFO ] Frontend -  [FRIEND_API] action=get_recommendations_success userId=USER-9F05CB2D count=0 traceId=friend-get-recommendations-1776967882209000
2026-04-23 23:41:22.444 [INFO ] Frontend -  [FRIEND_SCREEN] action=load_data_success friends=0 pending=0 suggested=0
2026-04-23 23:41:22.481 [INFO ] Frontend -  [FRIEND_SCREEN] action=socket_connected userId=USER-9F05CB2D
2026-04-23 23:41:29.246 [WARN ] Frontend -  Bike brands request returned status=500 body={"data":null,"error":{},"message":"A runtime error occurred","status":"FAILED"}
2026-04-23 23:42:51.749 [WARN ] Frontend -  Bike brands request returned status=500 body={"data":null,"error":{},"message":"A runtime error occurred","status":"FAILED"}
2026-04-23 23:52:18.776 [INFO ] Frontend -  Attempting login for user: asr@gmail.com
2026-04-23 23:52:19.322 [INFO ] Frontend -  Login successful. Tokens securely stored.
2026-04-23 23:52:19.322 [WARN ] Frontend -  This is the second data : {success: true, data: {userId: USER-AB47D05C, token: eyJhbGciOiJIUzI1NiJ9.eyJzdWIiOiJVU0VSLUFCNDdEMDVDIiwicm9sZXMiOiJSSURFUiIsImlhdCI6MTc3Njk2ODUzOSwiZXhwIjoxNzc2OTY5NDM5fQ.QK-JrP6VOyXikimbmygQqtd_bO_xvv4PKPaUcYmA7k8, refreshToken: f05f2a0f-6da5-4918-a10d-1b8caf0c011c, expiresIn: 900}}
2026-04-23 23:52:20.009 [INFO ] Frontend -  User profile successfully loaded for: amit
2026-04-23 23:52:20.298 [INFO ] Frontend -  [FRIEND_SCREEN] action=load_data_start
2026-04-23 23:52:20.457 [WARN ] Frontend -  Primary geocoder failed (likely missing API key), trying fallback...
2026-04-23 23:52:20.648 [INFO ] Frontend -  User profile successfully loaded for: amit
2026-04-23 23:52:20.698 [INFO ] Frontend -  User profile successfully loaded for: amit
2026-04-23 23:52:20.720 [INFO ] Frontend -  [FRIEND_SCREEN] action=load_data_identity userId=USER-AB47D05C
2026-04-23 23:52:20.737 [INFO ] Frontend -  [FRIEND_API] action=get_recommendations_start userId=USER-AB47D05C traceId=friend-get-recommendations-1776968540729000
2026-04-23 23:52:20.737 [INFO ] Frontend -  [FRIEND_API] action=get_friends_start userId=USER-AB47D05C traceId=friend-get-friends-1776968540725000
2026-04-23 23:52:20.738 [INFO ] Frontend -  [FRIEND_API] action=get_pending_start traceId=friend-get-pending-1776968540728000
2026-04-23 23:52:20.863 [INFO ] Frontend -  [FRIEND_API] action=get_pending_success count=0 traceId=friend-get-pending-1776968540728000
2026-04-23 23:52:21.026 [INFO ] Frontend -  [FRIEND_API] action=get_friends_success userId=USER-AB47D05C count=1 traceId=friend-get-friends-1776968540725000
2026-04-23 23:52:21.610 [INFO ] Frontend -  [FRIEND_API] action=get_recommendations_success userId=USER-AB47D05C count=0 traceId=friend-get-recommendations-1776968540729000
2026-04-23 23:52:21.617 [INFO ] Frontend -  [FRIEND_SCREEN] action=load_data_success friends=1 pending=0 suggested=0
2026-04-23 23:52:21.669 [INFO ] Frontend -  [FRIEND_SCREEN] action=socket_connected userId=USER-AB47D05C
2026-04-23 23:52:24.705 [WARN ] Frontend -  Bike brands request returned status=500 body={"data":null,"error":{},"message":"A runtime error occurred","status":"FAILED"}
2026-04-23 23:52:24.817 [WARN ] Frontend -  Bike catalog search returned status=500 body={"data":null,"error":{},"message":"A runtime error occurred","status":"FAILED"}
2026-04-23 23:52:27.718 [WARN ] Frontend -  Bike brands request returned status=500 body={"data":null,"error":{},"message":"A runtime error occurred","status":"FAILED"}
2026-04-23 23:52:27.788 [WARN ] Frontend -  Bike brands request returned status=500 body={"data":null,"error":{},"message":"A runtime error occurred","status":"FAILED"}
2026-04-23 23:52:27.797 [WARN ] Frontend -  Bike catalog search returned status=500 body={"data":null,"error":{},"message":"A runtime error occurred","status":"FAILED"}
2026-04-23 23:52:27.814 [WARN ] Frontend -  Bike catalog search returned status=500 body={"data":null,"error":{},"message":"A runtime error occurred","status":"FAILED"}
2026-04-23 23:52:28.333 [WARN ] Frontend -  Bike brands request returned status=500 body={"data":null,"error":{},"message":"A runtime error occurred","status":"FAILED"}
2026-04-23 23:52:28.361 [WARN ] Frontend -  Bike catalog search returned status=500 body={"data":null,"error":{},"message":"A runtime error occurred","status":"FAILED"}
2026-04-23 23:52:28.460 [WARN ] Frontend -  Bike brands request returned status=500 body={"data":null,"error":{},"message":"A runtime error occurred","status":"FAILED"}
2026-04-23 23:52:28.480 [WARN ] Frontend -  Bike catalog search returned status=500 body={"data":null,"error":{},"message":"A runtime error occurred","status":"FAILED"}
2026-04-23 23:52:29.312 [WARN ] Frontend -  Bike brands request returned status=500 body={"data":null,"error":{},"message":"A runtime error occurred","status":"FAILED"}
2026-04-23 23:52:29.344 [WARN ] Frontend -  Bike catalog search returned status=500 body={"data":null,"error":{},"message":"A runtime error occurred","status":"FAILED"}
2026-04-23 23:52:29.442 [WARN ] Frontend -  Bike brands request returned status=500 body={"data":null,"error":{},"message":"A runtime error occurred","status":"FAILED"}
2026-04-23 23:52:29.469 [WARN ] Frontend -  Bike catalog search returned status=500 body={"data":null,"error":{},"message":"A runtime error occurred","status":"FAILED"}
2026-04-23 23:52:29.804 [WARN ] Frontend -  Bike brands request returned status=500 body={"data":null,"error":{},"message":"A runtime error occurred","status":"FAILED"}
2026-04-23 23:52:29.841 [WARN ] Frontend -  Bike catalog search returned status=500 body={"data":null,"error":{},"message":"A runtime error occurred","status":"FAILED"}
2026-04-23 23:52:30.094 [WARN ] Frontend -  Bike brands request returned status=500 body={"data":null,"error":{},"message":"A runtime error occurred","status":"FAILED"}
2026-04-23 23:52:30.123 [WARN ] Frontend -  Bike catalog search returned status=500 body={"data":null,"error":{},"message":"A runtime error occurred","status":"FAILED"}
2026-04-23 23:52:37.874 [WARN ] Frontend -  Bike variants request returned status=500 body={"data":null,"error":{},"message":"A runtime error occurred","status":"FAILED"}
2026-04-23 23:52:40.498 [WARN ] Frontend -  Bike variants request returned status=500 body={"data":null,"error":{},"message":"A runtime error occurred","status":"FAILED"}
2026-04-23 23:52:40.512 [WARN ] Frontend -  Bike catalog search returned status=500 body={"data":null,"error":{},"message":"A runtime error occurred","status":"FAILED"}
2026-04-23 23:52:40.682 [WARN ] Frontend -  Bike variants request returned status=200 body={"data":[],"error":null,"message":"Bike variants fetched successfully","status":"SUCCESS"}
2026-04-23 23:52:40.698 [WARN ] Frontend -  Bike catalog search returned status=500 body={"data":null,"error":{},"message":"A runtime error occurred","status":"FAILED"}
2026-04-23 23:52:40.777 [WARN ] Frontend -  Bike variants request returned status=200 body={"data":[],"error":null,"message":"Bike variants fetched successfully","status":"SUCCESS"}
2026-04-23 23:52:40.790 [WARN ] Frontend -  Bike catalog search returned status=500 body={"data":null,"error":{},"message":"A runtime error occurred","status":"FAILED"}
2026-04-23 23:52:41.622 [WARN ] Frontend -  Bike variants request returned status=500 body={"data":null,"error":{},"message":"A runtime error occurred","status":"FAILED"}
2026-04-23 23:52:41.650 [WARN ] Frontend -  Bike catalog search returned status=500 body={"data":null,"error":{},"message":"A runtime error occurred","status":"FAILED"}
2026-04-23 23:52:41.749 [WARN ] Frontend -  Bike variants request returned status=500 body={"data":null,"error":{},"message":"A runtime error occurred","status":"FAILED"}
2026-04-23 23:52:41.763 [WARN ] Frontend -  Bike catalog search returned status=500 body={"data":null,"error":{},"message":"A runtime error occurred","status":"FAILED"}
2026-04-23 23:52:42.156 [WARN ] Frontend -  Bike variants request returned status=500 body={"data":null,"error":{},"message":"A runtime error occurred","status":"FAILED"}
2026-04-23 23:52:42.170 [WARN ] Frontend -  Bike catalog search returned status=500 body={"data":null,"error":{},"message":"A runtime error occurred","status":"FAILED"}
2026-04-23 23:52:42.425 [WARN ] Frontend -  Bike variants request returned status=500 body={"data":null,"error":{},"message":"A runtime error occurred","status":"FAILED"}
2026-04-23 23:52:42.436 [WARN ] Frontend -  Bike catalog search returned status=500 body={"data":null,"error":{},"message":"A runtime error occurred","status":"FAILED"}
2026-04-23 23:52:42.558 [WARN ] Frontend -  Bike variants request returned status=500 body={"data":null,"error":{},"message":"A runtime error occurred","status":"FAILED"}
2026-04-23 23:52:42.571 [WARN ] Frontend -  Bike catalog search returned status=500 body={"data":null,"error":{},"message":"A runtime error occurred","status":"FAILED"}
2026-04-23 23:52:43.065 [WARN ] Frontend -  Bike variants request returned status=500 body={"data":null,"error":{},"message":"A runtime error occurred","status":"FAILED"}
2026-04-23 23:52:43.076 [WARN ] Frontend -  Bike catalog search returned status=500 body={"data":null,"error":{},"message":"A runtime error occurred","status":"FAILED"}
2026-04-23 23:52:43.230 [WARN ] Frontend -  Bike variants request returned status=500 body={"data":null,"error":{},"message":"A runtime error occurred","status":"FAILED"}
2026-04-23 23:52:43.249 [WARN ] Frontend -  Bike catalog search returned status=500 body={"data":null,"error":{},"message":"A runtime error occurred","status":"FAILED"}
2026-04-23 23:52:45.569 [WARN ] Frontend -  Bike brands request returned status=500 body={"data":null,"error":{},"message":"A runtime error occurred","status":"FAILED"}
2026-04-23 23:52:45.633 [WARN ] Frontend -  Bike catalog search returned status=500 body={"data":null,"error":{},"message":"A runtime error occurred","status":"FAILED"}
2026-04-23 23:52:47.014 [WARN ] Frontend -  Bike brands request returned status=500 body={"data":null,"error":{},"message":"A runtime error occurred","status":"FAILED"}
2026-04-23 23:52:47.048 [WARN ] Frontend -  Bike catalog search returned status=500 body={"data":null,"error":{},"message":"A runtime error occurred","status":"FAILED"}
2026-04-23 23:52:47.085 [WARN ] Frontend -  Bike brands request returned status=500 body={"data":null,"error":{},"message":"A runtime error occurred","status":"FAILED"}
2026-04-23 23:52:47.099 [WARN ] Frontend -  Bike catalog search returned status=500 body={"data":null,"error":{},"message":"A runtime error occurred","status":"FAILED"}
2026-04-23 23:52:47.292 [WARN ] Frontend -  Bike brands request returned status=500 body={"data":null,"error":{},"message":"A runtime error occurred","status":"FAILED"}
2026-04-23 23:52:47.320 [WARN ] Frontend -  Bike catalog search returned status=500 body={"data":null,"error":{},"message":"A runtime error occurred","status":"FAILED"}
2026-04-23 23:52:47.443 [WARN ] Frontend -  Bike brands request returned status=500 body={"data":null,"error":{},"message":"A runtime error occurred","status":"FAILED"}
2026-04-23 23:52:47.474 [WARN ] Frontend -  Bike catalog search returned status=500 body={"data":null,"error":{},"message":"A runtime error occurred","status":"FAILED"}
2026-04-23 23:52:47.595 [WARN ] Frontend -  Bike brands request returned status=500 body={"data":null,"error":{},"message":"A runtime error occurred","status":"FAILED"}
2026-04-23 23:52:47.621 [WARN ] Frontend -  Bike catalog search returned status=500 body={"data":null,"error":{},"message":"A runtime error occurred","status":"FAILED"}
2026-04-23 23:52:48.160 [WARN ] Frontend -  Bike brands request returned status=500 body={"data":null,"error":{},"message":"A runtime error occurred","status":"FAILED"}
2026-04-23 23:52:48.187 [WARN ] Frontend -  Bike catalog search returned status=500 body={"data":null,"error":{},"message":"A runtime error occurred","status":"FAILED"}
2026-04-23 23:52:48.323 [WARN ] Frontend -  Bike brands request returned status=500 body={"data":null,"error":{},"message":"A runtime error occurred","status":"FAILED"}
2026-04-23 23:52:48.349 [WARN ] Frontend -  Bike catalog search returned status=500 body={"data":null,"error":{},"message":"A runtime error occurred","status":"FAILED"}
2026-04-23 23:52:48.488 [WARN ] Frontend -  Bike brands request returned status=500 body={"data":null,"error":{},"message":"A runtime error occurred","status":"FAILED"}
2026-04-23 23:52:48.537 [WARN ] Frontend -  Bike catalog search returned status=500 body={"data":null,"error":{},"message":"A runtime error occurred","status":"FAILED"}
2026-04-23 23:52:48.661 [WARN ] Frontend -  Bike brands request returned status=500 body={"data":null,"error":{},"message":"A runtime error occurred","status":"FAILED"}
2026-04-23 23:52:48.696 [WARN ] Frontend -  Bike catalog search returned status=500 body={"data":null,"error":{},"message":"A runtime error occurred","status":"FAILED"}
2026-04-23 23:52:51.223 [WARN ] Frontend -  Bike models request returned status=500 body={"data":null,"error":{},"message":"A runtime error occurred","status":"FAILED"}
2026-04-23 23:52:51.273 [WARN ] Frontend -  Bike catalog search returned status=500 body={"data":null,"error":{},"message":"A runtime error occurred","status":"FAILED"}
2026-04-23 23:52:52.816 [WARN ] Frontend -  Bike models request returned status=500 body={"data":null,"error":{},"message":"A runtime error occurred","status":"FAILED"}
2026-04-23 23:52:55.744 [WARN ] Frontend -  Bike variants request returned status=500 body={"data":null,"error":{},"message":"A runtime error occurred","status":"FAILED"}
2026-04-23 23:52:59.983 [WARN ] Frontend -  Bike variants request returned status=500 body={"data":null,"error":{},"message":"A runtime error occurred","status":"FAILED"}
2026-04-23 23:53:00.000 [WARN ] Frontend -  Bike catalog search returned status=500 body={"data":null,"error":{},"message":"A runtime error occurred","status":"FAILED"}
2026-04-23 23:53:00.097 [WARN ] Frontend -  Bike variants request returned status=200 body={"data":[],"error":null,"message":"Bike variants fetched successfully","status":"SUCCESS"}
2026-04-23 23:53:00.127 [WARN ] Frontend -  Bike catalog search returned status=500 body={"data":null,"error":{},"message":"A runtime error occurred","status":"FAILED"}
2026-04-23 23:53:00.238 [WARN ] Frontend -  Bike variants request returned status=200 body={"data":[],"error":null,"message":"Bike variants fetched successfully","status":"SUCCESS"}
2026-04-23 23:53:00.250 [WARN ] Frontend -  Bike catalog search returned status=500 body={"data":null,"error":{},"message":"A runtime error occurred","status":"FAILED"}
2026-04-23 23:53:00.410 [WARN ] Frontend -  Bike variants request returned status=200 body={"data":[],"error":null,"message":"Bike variants fetched successfully","status":"SUCCESS"}
2026-04-23 23:53:00.421 [WARN ] Frontend -  Bike catalog search returned status=500 body={"data":null,"error":{},"message":"A runtime error occurred","status":"FAILED"}
2026-04-23 23:53:00.654 [WARN ] Frontend -  Bike variants request returned status=200 body={"data":[],"error":null,"message":"Bike variants fetched successfully","status":"SUCCESS"}
2026-04-23 23:53:00.674 [WARN ] Frontend -  Bike catalog search returned status=500 body={"data":null,"error":{},"message":"A runtime error occurred","status":"FAILED"}
2026-04-23 23:53:01.445 [WARN ] Frontend -  Bike variants request returned status=500 body={"data":null,"error":{},"message":"A runtime error occurred","status":"FAILED"}
2026-04-23 23:53:01.463 [WARN ] Frontend -  Bike catalog search returned status=500 body={"data":null,"error":{},"message":"A runtime error occurred","status":"FAILED"}
2026-04-23 23:53:01.568 [WARN ] Frontend -  Bike variants request returned status=500 body={"data":null,"error":{},"message":"A runtime error occurred","status":"FAILED"}
2026-04-23 23:53:01.582 [WARN ] Frontend -  Bike catalog search returned status=500 body={"data":null,"error":{},"message":"A runtime error occurred","status":"FAILED"}
2026-04-23 23:53:01.758 [WARN ] Frontend -  Bike variants request returned status=500 body={"data":null,"error":{},"message":"A runtime error occurred","status":"FAILED"}
2026-04-23 23:53:01.772 [WARN ] Frontend -  Bike catalog search returned status=500 body={"data":null,"error":{},"message":"A runtime error occurred","status":"FAILED"}
2026-04-23 23:53:01.921 [WARN ] Frontend -  Bike variants request returned status=500 body={"data":null,"error":{},"message":"A runtime error occurred","status":"FAILED"}
2026-04-23 23:53:01.932 [WARN ] Frontend -  Bike catalog search returned status=500 body={"data":null,"error":{},"message":"A runtime error occurred","status":"FAILED"}
2026-04-23 23:53:02.083 [WARN ] Frontend -  Bike variants request returned status=500 body={"data":null,"error":{},"message":"A runtime error occurred","status":"FAILED"}
2026-04-23 23:53:02.118 [WARN ] Frontend -  Bike catalog search returned status=500 body={"data":null,"error":{},"message":"A runtime error occurred","status":"FAILED"}
2026-04-23 23:53:02.333 [WARN ] Frontend -  Bike variants request returned status=500 body={"data":null,"error":{},"message":"A runtime error occurred","status":"FAILED"}
2026-04-23 23:53:02.350 [WARN ] Frontend -  Bike catalog search returned status=500 body={"data":null,"error":{},"message":"A runtime error occurred","status":"FAILED"}
2026-04-23 23:53:02.451 [WARN ] Frontend -  Bike variants request returned status=500 body={"data":null,"error":{},"message":"A runtime error occurred","status":"FAILED"}
2026-04-23 23:53:02.461 [WARN ] Frontend -  Bike catalog search returned status=500 body={"data":null,"error":{},"message":"A runtime error occurred","status":"FAILED"}
2026-04-23 23:53:02.635 [WARN ] Frontend -  Bike variants request returned status=500 body={"data":null,"error":{},"message":"A runtime error occurred","status":"FAILED"}
2026-04-23 23:53:02.662 [WARN ] Frontend -  Bike catalog search returned status=500 body={"data":null,"error":{},"message":"A runtime error occurred","status":"FAILED"}
2026-04-23 23:53:02.766 [WARN ] Frontend -  Bike variants request returned status=500 body={"data":null,"error":{},"message":"A runtime error occurred","status":"FAILED"}
2026-04-23 23:53:02.777 [WARN ] Frontend -  Bike catalog search returned status=500 body={"data":null,"error":{},"message":"A runtime error occurred","status":"FAILED"}
2026-04-23 23:53:02.957 [WARN ] Frontend -  Bike variants request returned status=500 body={"data":null,"error":{},"message":"A runtime error occurred","status":"FAILED"}
2026-04-23 23:53:02.972 [WARN ] Frontend -  Bike catalog search returned status=500 body={"data":null,"error":{},"message":"A runtime error occurred","status":"FAILED"}
2026-04-23 23:53:03.932 [WARN ] Frontend -  Bike variants request returned status=500 body={"data":null,"error":{},"message":"A runtime error occurred","status":"FAILED"}
2026-04-23 23:53:03.943 [WARN ] Frontend -  Bike catalog search returned status=500 body={"data":null,"error":{},"message":"A runtime error occurred","status":"FAILED"}
2026-04-23 23:53:04.438 [WARN ] Frontend -  Bike variants request returned status=500 body={"data":null,"error":{},"message":"A runtime error occurred","status":"FAILED"}
2026-04-23 23:53:04.448 [WARN ] Frontend -  Bike catalog search returned status=500 body={"data":null,"error":{},"message":"A runtime error occurred","status":"FAILED"}
2026-04-23 23:53:04.509 [WARN ] Frontend -  Bike variants request returned status=500 body={"data":null,"error":{},"message":"A runtime error occurred","status":"FAILED"}
2026-04-23 23:53:04.519 [WARN ] Frontend -  Bike catalog search returned status=500 body={"data":null,"error":{},"message":"A runtime error occurred","status":"FAILED"}
2026-04-23 23:53:04.583 [WARN ] Frontend -  Bike variants request returned status=500 body={"data":null,"error":{},"message":"A runtime error occurred","status":"FAILED"}
2026-04-23 23:53:04.591 [WARN ] Frontend -  Bike catalog search returned status=500 body={"data":null,"error":{},"message":"A runtime error occurred","status":"FAILED"}
2026-04-23 23:53:04.681 [WARN ] Frontend -  Bike variants request returned status=500 body={"data":null,"error":{},"message":"A runtime error occurred","status":"FAILED"}
2026-04-23 23:53:04.692 [WARN ] Frontend -  Bike catalog search returned status=500 body={"data":null,"error":{},"message":"A runtime error occurred","status":"FAILED"}
2026-04-23 23:53:36.722 [WARN ] Frontend -  Bike brands request returned status=500 body={"data":null,"error":{},"message":"A runtime error occurred","status":"FAILED"}
2026-04-23 23:53:36.771 [WARN ] Frontend -  Bike catalog search returned status=500 body={"data":null,"error":{},"message":"A runtime error occurred","status":"FAILED"}
2026-04-23 23:53:42.574 [WARN ] Frontend -  Bike variants request returned status=500 body={"data":null,"error":{},"message":"A runtime error occurred","status":"FAILED"}
2026-04-23 23:53:44.838 [WARN ] Frontend -  Bike variants request returned status=500 body={"data":null,"error":{},"message":"A runtime error occurred","status":"FAILED"}
2026-04-23 23:53:44.863 [WARN ] Frontend -  Bike catalog search returned status=500 body={"data":null,"error":{},"message":"A runtime error occurred","status":"FAILED"}
2026-04-23 23:53:45.400 [WARN ] Frontend -  Bike variants request returned status=200 body={"data":[],"error":null,"message":"Bike variants fetched successfully","status":"SUCCESS"}
2026-04-23 23:53:45.400 [WARN ] Frontend -  Bike variants request returned status=200 body={"data":[],"error":null,"message":"Bike variants fetched successfully","status":"SUCCESS"}
2026-04-23 23:53:45.444 [WARN ] Frontend -  Bike catalog search returned status=500 body={"data":null,"error":{},"message":"A runtime error occurred","status":"FAILED"}
2026-04-23 23:53:45.449 [WARN ] Frontend -  Bike catalog search returned status=500 body={"data":null,"error":{},"message":"A runtime error occurred","status":"FAILED"}
2026-04-23 23:53:46.006 [WARN ] Frontend -  Bike variants request returned status=500 body={"data":null,"error":{},"message":"A runtime error occurred","status":"FAILED"}
2026-04-23 23:53:46.072 [WARN ] Frontend -  Bike catalog search returned status=500 body={"data":null,"error":{},"message":"A runtime error occurred","status":"FAILED"}
2026-04-23 23:53:46.113 [WARN ] Frontend -  Bike variants request returned status=500 body={"data":null,"error":{},"message":"A runtime error occurred","status":"FAILED"}
2026-04-23 23:53:46.179 [WARN ] Frontend -  Bike catalog search returned status=500 body={"data":null,"error":{},"message":"A runtime error occurred","status":"FAILED"}
2026-04-23 23:53:46.240 [WARN ] Frontend -  Bike variants request returned status=200 body={"data":[],"error":null,"message":"Bike variants fetched successfully","status":"SUCCESS"}
2026-04-23 23:53:46.373 [WARN ] Frontend -  Bike catalog search returned status=500 body={"data":null,"error":{},"message":"A runtime error occurred","status":"FAILED"}
2026-04-23 23:53:46.411 [WARN ] Frontend -  Bike variants request returned status=200 body={"data":[],"error":null,"message":"Bike variants fetched successfully","status":"SUCCESS"}
2026-04-23 23:53:46.441 [WARN ] Frontend -  Bike catalog search returned status=500 body={"data":null,"error":{},"message":"A runtime error occurred","status":"FAILED"}
2026-04-23 23:53:47.567 [WARN ] Frontend -  Bike variants request returned status=500 body={"data":null,"error":{},"message":"A runtime error occurred","status":"FAILED"}
2026-04-23 23:53:47.623 [WARN ] Frontend -  Bike catalog search returned status=500 body={"data":null,"error":{},"message":"A runtime error occurred","status":"FAILED"}
2026-04-23 23:53:48.717 [WARN ] Frontend -  Bike variants request returned status=500 body={"data":null,"error":{},"message":"A runtime error occurred","status":"FAILED"}
2026-04-23 23:53:48.734 [WARN ] Frontend -  Bike catalog search returned status=500 body={"data":null,"error":{},"message":"A runtime error occurred","status":"FAILED"}
2026-04-23 23:53:48.856 [WARN ] Frontend -  Bike variants request returned status=500 body={"data":null,"error":{},"message":"A runtime error occurred","status":"FAILED"}
2026-04-23 23:53:48.896 [WARN ] Frontend -  Bike catalog search returned status=500 body={"data":null,"error":{},"message":"A runtime error occurred","status":"FAILED"}
2026-04-23 23:53:49.180 [WARN ] Frontend -  Bike variants request returned status=200 body={"data":[],"error":null,"message":"Bike variants fetched successfully","status":"SUCCESS"}
2026-04-23 23:53:49.193 [WARN ] Frontend -  Bike catalog search returned status=500 body={"data":null,"error":{},"message":"A runtime error occurred","status":"FAILED"}
2026-04-23 23:53:49.280 [WARN ] Frontend -  Bike variants request returned status=200 body={"data":[],"error":null,"message":"Bike variants fetched successfully","status":"SUCCESS"}
2026-04-23 23:53:49.324 [WARN ] Frontend -  Bike catalog search returned status=500 body={"data":null,"error":{},"message":"A runtime error occurred","status":"FAILED"}
2026-04-23 23:53:49.451 [WARN ] Frontend -  Bike variants request returned status=200 body={"data":[],"error":null,"message":"Bike variants fetched successfully","status":"SUCCESS"}
2026-04-23 23:53:49.466 [WARN ] Frontend -  Bike catalog search returned status=500 body={"data":null,"error":{},"message":"A runtime error occurred","status":"FAILED"}
2026-04-23 23:53:49.579 [WARN ] Frontend -  Bike variants request returned status=200 body={"data":[],"error":null,"message":"Bike variants fetched successfully","status":"SUCCESS"}
2026-04-23 23:53:49.589 [WARN ] Frontend -  Bike catalog search returned status=500 body={"data":null,"error":{},"message":"A runtime error occurred","status":"FAILED"}
2026-04-23 23:53:49.847 [WARN ] Frontend -  Bike variants request returned status=500 body={"data":null,"error":{},"message":"A runtime error occurred","status":"FAILED"}
2026-04-23 23:53:49.858 [WARN ] Frontend -  Bike catalog search returned status=500 body={"data":null,"error":{},"message":"A runtime error occurred","status":"FAILED"}
2026-04-23 23:53:51.847 [WARN ] Frontend -  Bike variants request returned status=200 body={"data":[],"error":null,"message":"Bike variants fetched successfully","status":"SUCCESS"}
2026-04-23 23:53:51.868 [WARN ] Frontend -  Bike catalog search returned status=500 body={"data":null,"error":{},"message":"A runtime error occurred","status":"FAILED"}
2026-04-23 23:53:52.333 [WARN ] Frontend -  Bike variants request returned status=200 body={"data":[],"error":null,"message":"Bike variants fetched successfully","status":"SUCCESS"}
2026-04-23 23:53:52.355 [WARN ] Frontend -  Bike catalog search returned status=500 body={"data":null,"error":{},"message":"A runtime error occurred","status":"FAILED"}
2026-04-23 23:53:52.660 [WARN ] Frontend -  Bike variants request returned status=200 body={"data":[],"error":null,"message":"Bike variants fetched successfully","status":"SUCCESS"}
2026-04-23 23:53:52.672 [WARN ] Frontend -  Bike catalog search returned status=500 body={"data":null,"error":{},"message":"A runtime error occurred","status":"FAILED"}
2026-04-23 23:54:01.807 [WARN ] Frontend -  Bike variants request returned status=500 body={"data":null,"error":{},"message":"A runtime error occurred","status":"FAILED"}
2026-04-23 23:54:01.821 [WARN ] Frontend -  Bike catalog search returned status=500 body={"data":null,"error":{},"message":"A runtime error occurred","status":"FAILED"}
2026-04-23 23:54:03.709 [WARN ] Frontend -  Bike variants request returned status=500 body={"data":null,"error":{},"message":"A runtime error occurred","status":"FAILED"}
2026-04-23 23:54:03.751 [WARN ] Frontend -  Bike catalog search returned status=500 body={"data":null,"error":{},"message":"A runtime error occurred","status":"FAILED"}
2026-04-23 23:54:04.393 [WARN ] Frontend -  Bike variants request returned status=500 body={"data":null,"error":{},"message":"A runtime error occurred","status":"FAILED"}
2026-04-23 23:54:04.417 [WARN ] Frontend -  Bike catalog search returned status=500 body={"data":null,"error":{},"message":"A runtime error occurred","status":"FAILED"}
2026-04-23 23:54:04.893 [WARN ] Frontend -  Bike variants request returned status=500 body={"data":null,"error":{},"message":"A runtime error occurred","status":"FAILED"}
2026-04-23 23:54:04.905 [WARN ] Frontend -  Bike catalog search returned status=500 body={"data":null,"error":{},"message":"A runtime error occurred","status":"FAILED"}
2026-04-23 23:54:04.979 [WARN ] Frontend -  Bike variants request returned status=500 body={"data":null,"error":{},"message":"A runtime error occurred","status":"FAILED"}
2026-04-23 23:54:04.989 [WARN ] Frontend -  Bike catalog search returned status=500 body={"data":null,"error":{},"message":"A runtime error occurred","status":"FAILED"}
2026-04-23 23:54:05.045 [WARN ] Frontend -  Bike variants request returned status=500 body={"data":null,"error":{},"message":"A runtime error occurred","status":"FAILED"}
2026-04-23 23:54:05.055 [WARN ] Frontend -  Bike catalog search returned status=500 body={"data":null,"error":{},"message":"A runtime error occurred","status":"FAILED"}
2026-04-23 23:54:05.144 [WARN ] Frontend -  Bike variants request returned status=500 body={"data":null,"error":{},"message":"A runtime error occurred","status":"FAILED"}
2026-04-23 23:54:05.152 [WARN ] Frontend -  Bike catalog search returned status=500 body={"data":null,"error":{},"message":"A runtime error occurred","status":"FAILED"}
2026-04-23 23:54:05.217 [WARN ] Frontend -  Bike variants request returned status=500 body={"data":null,"error":{},"message":"A runtime error occurred","status":"FAILED"}
2026-04-23 23:54:05.225 [WARN ] Frontend -  Bike catalog search returned status=500 body={"data":null,"error":{},"message":"A runtime error occurred","status":"FAILED"}
2026-04-23 23:54:05.311 [WARN ] Frontend -  Bike variants request returned status=500 body={"data":null,"error":{},"message":"A runtime error occurred","status":"FAILED"}
2026-04-23 23:54:05.320 [WARN ] Frontend -  Bike catalog search returned status=500 body={"data":null,"error":{},"message":"A runtime error occurred","status":"FAILED"}
2026-04-23 23:54:05.377 [WARN ] Frontend -  Bike variants request returned status=500 body={"data":null,"error":{},"message":"A runtime error occurred","status":"FAILED"}
2026-04-23 23:54:05.386 [WARN ] Frontend -  Bike catalog search returned status=500 body={"data":null,"error":{},"message":"A runtime error occurred","status":"FAILED"}
2026-04-23 23:54:05.476 [WARN ] Frontend -  Bike variants request returned status=500 body={"data":null,"error":{},"message":"A runtime error occurred","status":"FAILED"}
2026-04-23 23:54:05.484 [WARN ] Frontend -  Bike catalog search returned status=500 body={"data":null,"error":{},"message":"A runtime error occurred","status":"FAILED"}
2026-04-23 23:54:05.549 [WARN ] Frontend -  Bike variants request returned status=500 body={"data":null,"error":{},"message":"A runtime error occurred","status":"FAILED"}
2026-04-23 23:54:05.558 [WARN ] Frontend -  Bike catalog search returned status=500 body={"data":null,"error":{},"message":"A runtime error occurred","status":"FAILED"}
2026-04-23 23:54:05.644 [WARN ] Frontend -  Bike variants request returned status=500 body={"data":null,"error":{},"message":"A runtime error occurred","status":"FAILED"}
2026-04-23 23:54:05.654 [WARN ] Frontend -  Bike catalog search returned status=500 body={"data":null,"error":{},"message":"A runtime error occurred","status":"FAILED"}
2026-04-23 23:54:05.712 [WARN ] Frontend -  Bike variants request returned status=500 body={"data":null,"error":{},"message":"A runtime error occurred","status":"FAILED"}
2026-04-23 23:54:05.720 [WARN ] Frontend -  Bike catalog search returned status=500 body={"data":null,"error":{},"message":"A runtime error occurred","status":"FAILED"}
2026-04-23 23:54:05.817 [WARN ] Frontend -  Bike variants request returned status=500 body={"data":null,"error":{},"message":"A runtime error occurred","status":"FAILED"}
2026-04-23 23:54:05.834 [WARN ] Frontend -  Bike catalog search returned status=500 body={"data":null,"error":{},"message":"A runtime error occurred","status":"FAILED"}
2026-04-23 23:54:06.326 [WARN ] Frontend -  Bike variants request returned status=500 body={"data":null,"error":{},"message":"A runtime error occurred","status":"FAILED"}
2026-04-23 23:54:06.335 [WARN ] Frontend -  Bike catalog search returned status=500 body={"data":null,"error":{},"message":"A runtime error occurred","status":"FAILED"}
2026-04-23 23:54:06.649 [WARN ] Frontend -  Bike variants request returned status=500 body={"data":null,"error":{},"message":"A runtime error occurred","status":"FAILED"}
2026-04-23 23:54:06.664 [WARN ] Frontend -  Bike catalog search returned status=500 body={"data":null,"error":{},"message":"A runtime error occurred","status":"FAILED"}
2026-04-23 23:54:06.896 [WARN ] Frontend -  Bike variants request returned status=500 body={"data":null,"error":{},"message":"A runtime error occurred","status":"FAILED"}
2026-04-23 23:54:06.907 [WARN ] Frontend -  Bike catalog search returned status=500 body={"data":null,"error":{},"message":"A runtime error occurred","status":"FAILED"}
2026-04-23 23:54:07.035 [WARN ] Frontend -  Bike variants request returned status=500 body={"data":null,"error":{},"message":"A runtime error occurred","status":"FAILED"}
2026-04-23 23:54:07.048 [WARN ] Frontend -  Bike catalog search returned status=500 body={"data":null,"error":{},"message":"A runtime error occurred","status":"FAILED"}
2026-04-23 23:54:07.180 [WARN ] Frontend -  Bike variants request returned status=500 body={"data":null,"error":{},"message":"A runtime error occurred","status":"FAILED"}
2026-04-23 23:54:07.189 [WARN ] Frontend -  Bike catalog search returned status=500 body={"data":null,"error":{},"message":"A runtime error occurred","status":"FAILED"}
2026-04-23 23:54:11.731 [WARN ] Frontend -  Bike variants request returned status=500 body={"data":null,"error":{},"message":"A runtime error occurred","status":"FAILED"}
2026-04-23 23:54:11.780 [WARN ] Frontend -  Bike catalog search returned status=500 body={"data":null,"error":{},"message":"A runtime error occurred","status":"FAILED"}
2026-04-23 23:54:12.066 [WARN ] Frontend -  Bike variants request returned status=500 body={"data":null,"error":{},"message":"A runtime error occurred","status":"FAILED"}
2026-04-23 23:54:12.076 [WARN ] Frontend -  Bike catalog search returned status=500 body={"data":null,"error":{},"message":"A runtime error occurred","status":"FAILED"}
2026-04-23 23:54:12.183 [WARN ] Frontend -  Bike variants request returned status=500 body={"data":null,"error":{},"message":"A runtime error occurred","status":"FAILED"}
2026-04-23 23:54:12.208 [WARN ] Frontend -  Bike catalog search returned status=500 body={"data":null,"error":{},"message":"A runtime error occurred","status":"FAILED"}
2026-04-23 23:54:26.662 [WARN ] Frontend -  Bike models request returned status=500 body={"data":null,"error":{},"message":"A runtime error occurred","status":"FAILED"}
2026-04-23 23:54:26.694 [WARN ] Frontend -  Bike catalog search returned status=500 body={"data":null,"error":{},"message":"A runtime error occurred","status":"FAILED"}
2026-04-23 23:54:30.751 [WARN ] Frontend -  Bike brands request returned status=500 body={"data":null,"error":{},"message":"A runtime error occurred","status":"FAILED"}
2026-04-23 23:54:30.783 [WARN ] Frontend -  Bike catalog search returned status=500 body={"data":null,"error":{},"message":"A runtime error occurred","status":"FAILED"}
2026-04-23 23:54:32.337 [WARN ] Frontend -  Bike brands request returned status=500 body={"data":null,"error":{},"message":"A runtime error occurred","status":"FAILED"}
2026-04-23 23:54:32.359 [WARN ] Frontend -  Bike catalog search returned status=500 body={"data":null,"error":{},"message":"A runtime error occurred","status":"FAILED"}
2026-04-23 23:54:33.649 [WARN ] Frontend -  Bike brands request returned status=500 body={"data":null,"error":{},"message":"A runtime error occurred","status":"FAILED"}
2026-04-23 23:54:33.670 [WARN ] Frontend -  Bike catalog search returned status=500 body={"data":null,"error":{},"message":"A runtime error occurred","status":"FAILED"}
2026-04-23 23:54:33.837 [WARN ] Frontend -  Bike brands request returned status=500 body={"data":null,"error":{},"message":"A runtime error occurred","status":"FAILED"}
2026-04-23 23:54:33.864 [WARN ] Frontend -  Bike catalog search returned status=500 body={"data":null,"error":{},"message":"A runtime error occurred","status":"FAILED"}
2026-04-23 23:54:33.935 [WARN ] Frontend -  Bike brands request returned status=500 body={"data":null,"error":{},"message":"A runtime error occurred","status":"FAILED"}
2026-04-23 23:54:33.964 [WARN ] Frontend -  Bike catalog search returned status=500 body={"data":null,"error":{},"message":"A runtime error occurred","status":"FAILED"}
2026-04-23 23:54:34.847 [WARN ] Frontend -  Bike brands request returned status=500 body={"data":null,"error":{},"message":"A runtime error occurred","status":"FAILED"}
2026-04-23 23:54:34.875 [WARN ] Frontend -  Bike catalog search returned status=500 body={"data":null,"error":{},"message":"A runtime error occurred","status":"FAILED"}
2026-04-23 23:54:34.968 [WARN ] Frontend -  Bike brands request returned status=500 body={"data":null,"error":{},"message":"A runtime error occurred","status":"FAILED"}
2026-04-23 23:54:34.989 [WARN ] Frontend -  Bike catalog search returned status=500 body={"data":null,"error":{},"message":"A runtime error occurred","status":"FAILED"}
2026-04-23 23:54:35.168 [WARN ] Frontend -  Bike brands request returned status=500 body={"data":null,"error":{},"message":"A runtime error occurred","status":"FAILED"}
2026-04-23 23:54:35.187 [WARN ] Frontend -  Bike catalog search returned status=500 body={"data":null,"error":{},"message":"A runtime error occurred","status":"FAILED"}
2026-04-23 23:54:35.396 [WARN ] Frontend -  Bike brands request returned status=500 body={"data":null,"error":{},"message":"A runtime error occurred","status":"FAILED"}
2026-04-23 23:54:35.420 [WARN ] Frontend -  Bike catalog search returned status=500 body={"data":null,"error":{},"message":"A runtime error occurred","status":"FAILED"}
2026-04-23 23:54:35.772 [WARN ] Frontend -  Bike brands request returned status=500 body={"data":null,"error":{},"message":"A runtime error occurred","status":"FAILED"}
2026-04-23 23:54:35.795 [WARN ] Frontend -  Bike catalog search returned status=500 body={"data":null,"error":{},"message":"A runtime error occurred","status":"FAILED"}
2026-04-23 23:54:43.593 [WARN ] Frontend -  Bike brands request returned status=500 body={"data":null,"error":{},"message":"A runtime error occurred","status":"FAILED"}
2026-04-23 23:54:43.639 [WARN ] Frontend -  Bike catalog search returned status=500 body={"data":null,"error":{},"message":"A runtime error occurred","status":"FAILED"}
2026-04-23 23:54:44.987 [WARN ] Frontend -  Bike brands request returned status=500 body={"data":null,"error":{},"message":"A runtime error occurred","status":"FAILED"}
2026-04-23 23:54:45.023 [WARN ] Frontend -  Bike catalog search returned status=500 body={"data":null,"error":{},"message":"A runtime error occurred","status":"FAILED"}
2026-04-23 23:54:48.331 [WARN ] Frontend -  Bike models request returned status=500 body={"data":null,"error":{},"message":"A runtime error occurred","status":"FAILED"}
2026-04-23 23:54:48.423 [WARN ] Frontend -  Bike catalog search returned status=500 body={"data":null,"error":{},"message":"A runtime error occurred","status":"FAILED"}
2026-04-23 23:54:53.089 [WARN ] Frontend -  Bike variants request returned status=500 body={"data":null,"error":{},"message":"A runtime error occurred","status":"FAILED"}
2026-04-23 23:54:53.109 [WARN ] Frontend -  Bike catalog search returned status=500 body={"data":null,"error":{},"message":"A runtime error occurred","status":"FAILED"}
2026-04-23 23:55:04.481 [WARN ] Frontend -  Bike brands request returned status=500 body={"data":null,"error":{},"message":"A runtime error occurred","status":"FAILED"}
2026-04-23 23:55:04.511 [WARN ] Frontend -  Bike catalog search returned status=500 body={"data":null,"error":{},"message":"A runtime error occurred","status":"FAILED"}
2026-04-23 23:55:10.654 [WARN ] Frontend -  Bike variants request returned status=500 body={"data":null,"error":{},"message":"A runtime error occurred","status":"FAILED"}
2026-04-23 23:55:25.756 [WARN ] Frontend -  Bike variants request returned status=500 body={"data":null,"error":{},"message":"A runtime error occurred","status":"FAILED"}
2026-04-23 23:55:25.784 [WARN ] Frontend -  Bike variants request returned status=500 body={"data":null,"error":{},"message":"A runtime error occurred","status":"FAILED"}
2026-04-23 23:55:25.785 [WARN ] Frontend -  Bike catalog search returned status=500 body={"data":null,"error":{},"message":"A runtime error occurred","status":"FAILED"}
2026-04-23 23:55:25.796 [WARN ] Frontend -  Bike catalog search returned status=500 body={"data":null,"error":{},"message":"A runtime error occurred","status":"FAILED"}
2026-04-23 23:55:26.291 [WARN ] Frontend -  Bike variants request returned status=500 body={"data":null,"error":{},"message":"A runtime error occurred","status":"FAILED"}
2026-04-23 23:55:26.305 [WARN ] Frontend -  Bike catalog search returned status=500 body={"data":null,"error":{},"message":"A runtime error occurred","status":"FAILED"}
2026-04-23 23:55:26.442 [WARN ] Frontend -  Bike variants request returned status=500 body={"data":null,"error":{},"message":"A runtime error occurred","status":"FAILED"}
2026-04-23 23:55:26.452 [WARN ] Frontend -  Bike catalog search returned status=500 body={"data":null,"error":{},"message":"A runtime error occurred","status":"FAILED"}
2026-04-23 23:55:26.606 [WARN ] Frontend -  Bike variants request returned status=500 body={"data":null,"error":{},"message":"A runtime error occurred","status":"FAILED"}
2026-04-23 23:55:26.631 [WARN ] Frontend -  Bike catalog search returned status=500 body={"data":null,"error":{},"message":"A runtime error occurred","status":"FAILED"}
2026-04-23 23:55:26.867 [WARN ] Frontend -  Bike variants request returned status=500 body={"data":null,"error":{},"message":"A runtime error occurred","status":"FAILED"}
2026-04-23 23:55:26.883 [WARN ] Frontend -  Bike catalog search returned status=500 body={"data":null,"error":{},"message":"A runtime error occurred","status":"FAILED"}
2026-04-23 23:56:04.852 [INFO ] Frontend -  User profile successfully loaded for: amit
2026-04-23 23:56:23.648 [WARN ] Frontend -  Bike brands request returned status=500 body={"data":null,"error":{},"message":"A runtime error occurred","status":"FAILED"}
2026-04-23 23:56:23.692 [WARN ] Frontend -  Bike catalog search returned status=500 body={"data":null,"error":{},"message":"A runtime error occurred","status":"FAILED"}
2026-04-23 23:57:23.397 [INFO ] Frontend -  User profile successfully loaded for: amit
2026-04-25 19:49:32.730 [INFO ] Frontend -  Attempting login for user: rs@gmail.com
2026-04-25 19:49:33.357 [INFO ] Frontend -  Login successful. Tokens securely stored.
2026-04-25 19:49:33.357 [WARN ] Frontend -  This is the second data : {success: true, data: {userId: USER-9F05CB2D, token: eyJhbGciOiJIUzI1NiJ9.eyJzdWIiOiJVU0VSLTlGMDVDQjJEIiwicm9sZXMiOiJSSURFUiIsImlhdCI6MTc3NzEyNjc3MywiZXhwIjoxNzc3MTI3NjczfQ.07R3jN6LCNWJ9VsZN2BvnnRmcAs6iSyZKIxsmROsWCM, refreshToken: ff5bee4c-d2c0-487f-809b-276b0bc213f5, expiresIn: 900}}
2026-04-25 19:49:34.058 [INFO ] Frontend -  User profile successfully loaded for: rohan
2026-04-25 19:49:34.272 [INFO ] Frontend -  [FRIEND_SCREEN] action=load_data_start
2026-04-25 19:49:34.348 [WARN ] Frontend -  Primary geocoder failed (likely missing API key), trying fallback...
2026-04-25 19:49:34.478 [INFO ] Frontend -  User profile successfully loaded for: rohan
2026-04-25 19:49:34.583 [INFO ] Frontend -  User profile successfully loaded for: rohan
2026-04-25 19:49:34.620 [INFO ] Frontend -  [FRIEND_SCREEN] action=load_data_identity userId=USER-9F05CB2D
2026-04-25 19:49:34.651 [INFO ] Frontend -  [FRIEND_API] action=get_recommendations_start userId=USER-9F05CB2D traceId=friend-get-recommendations-1777126774645000
2026-04-25 19:49:34.657 [INFO ] Frontend -  [FRIEND_API] action=get_friends_start userId=USER-9F05CB2D traceId=friend-get-friends-1777126774641000
2026-04-25 19:49:34.658 [INFO ] Frontend -  [FRIEND_API] action=get_pending_start traceId=friend-get-pending-1777126774644000
2026-04-25 19:49:34.731 [INFO ] Frontend -  [FRIEND_API] action=get_pending_success count=0 traceId=friend-get-pending-1777126774644000
2026-04-25 19:49:34.794 [INFO ] Frontend -  [FRIEND_API] action=get_friends_success userId=USER-9F05CB2D count=0 traceId=friend-get-friends-1777126774641000
2026-04-25 19:49:38.486 [INFO ] Frontend -  [FRIEND_API] action=get_recommendations_success userId=USER-9F05CB2D count=0 traceId=friend-get-recommendations-1777126774645000
2026-04-25 19:49:38.496 [INFO ] Frontend -  [FRIEND_SCREEN] action=load_data_success friends=0 pending=0 suggested=0
2026-04-25 19:49:38.584 [INFO ] Frontend -  [FRIEND_SCREEN] action=socket_connected userId=USER-9F05CB2D
2026-04-25 20:04:15.410 [INFO ] Frontend -  Attempting login for user: asr@gmail.com
2026-04-25 20:04:15.851 [WARN ] Frontend -  This is the second data : {success: true, data: {userId: USER-AB47D05C, token: eyJhbGciOiJIUzI1NiJ9.eyJzdWIiOiJVU0VSLUFCNDdEMDVDIiwicm9sZXMiOiJSSURFUiIsImlhdCI6MTc3NzEyNzY1NSwiZXhwIjoxNzc3MTI4NTU1fQ.zXcd12tqVcNduRJMaNa9GjZ1yOKMCnf5KgI3RBPNbQE, refreshToken: 4bb7397d-3a5c-4b03-9d13-e858e2e74c3f, expiresIn: 900}}
2026-04-25 20:04:15.852 [INFO ] Frontend -  Login successful. Tokens securely stored.
2026-04-25 20:04:16.219 [INFO ] Frontend -  User profile successfully loaded for: amit
2026-04-25 20:04:16.457 [INFO ] Frontend -  [FRIEND_SCREEN] action=load_data_start
2026-04-25 20:04:16.586 [WARN ] Frontend -  Primary geocoder failed (likely missing API key), trying fallback...
2026-04-25 20:04:16.665 [INFO ] Frontend -  User profile successfully loaded for: amit
2026-04-25 20:04:16.780 [INFO ] Frontend -  User profile successfully loaded for: amit
2026-04-25 20:04:16.848 [INFO ] Frontend -  [FRIEND_SCREEN] action=load_data_identity userId=USER-AB47D05C
2026-04-25 20:04:16.881 [INFO ] Frontend -  [FRIEND_API] action=get_friends_start userId=USER-AB47D05C traceId=friend-get-friends-1777127656853000
2026-04-25 20:04:16.887 [INFO ] Frontend -  [FRIEND_API] action=get_recommendations_start userId=USER-AB47D05C traceId=friend-get-recommendations-1777127656857000
2026-04-25 20:04:16.886 [INFO ] Frontend -  [FRIEND_API] action=get_pending_start traceId=friend-get-pending-1777127656855000
2026-04-25 20:04:16.952 [INFO ] Frontend -  [FRIEND_API] action=get_pending_success count=0 traceId=friend-get-pending-1777127656855000
2026-04-25 20:04:17.058 [INFO ] Frontend -  [FRIEND_API] action=get_friends_success userId=USER-AB47D05C count=1 traceId=friend-get-friends-1777127656853000
2026-04-25 20:04:17.444 [INFO ] Frontend -  [FRIEND_API] action=get_recommendations_success userId=USER-AB47D05C count=0 traceId=friend-get-recommendations-1777127656857000
2026-04-25 20:04:17.453 [INFO ] Frontend -  [FRIEND_SCREEN] action=load_data_success friends=1 pending=0 suggested=0
2026-04-25 20:04:17.503 [INFO ] Frontend -  [FRIEND_SCREEN] action=socket_connected userId=USER-AB47D05C
2026-04-25 20:05:00.235 [INFO ] Frontend -  Attempting login for user: rs@gmail.com
2026-04-25 20:05:00.479 [INFO ] Frontend -  Login successful. Tokens securely stored.
2026-04-25 20:05:00.487 [WARN ] Frontend -  This is the second data : {success: true, data: {userId: USER-9F05CB2D, token: eyJhbGciOiJIUzI1NiJ9.eyJzdWIiOiJVU0VSLTlGMDVDQjJEIiwicm9sZXMiOiJSSURFUiIsImlhdCI6MTc3NzEyNzcwMCwiZXhwIjoxNzc3MTI4NjAwfQ.DZH0KFwbrT4j6Fdlg3qFyTLsRQlbIFtMATQjGemwRdo, refreshToken: 300f04ee-e562-43a8-99c7-7e73334ec891, expiresIn: 900}}
2026-04-25 20:05:00.783 [INFO ] Frontend -  User profile successfully loaded for: rohan
2026-04-25 20:05:00.971 [INFO ] Frontend -  [FRIEND_SCREEN] action=load_data_start
2026-04-25 20:05:01.199 [INFO ] Frontend -  User profile successfully loaded for: rohan
2026-04-25 20:05:01.323 [INFO ] Frontend -  User profile successfully loaded for: rohan
2026-04-25 20:05:01.412 [INFO ] Frontend -  [FRIEND_SCREEN] action=load_data_identity userId=USER-9F05CB2D
2026-04-25 20:05:01.454 [INFO ] Frontend -  [FRIEND_API] action=get_friends_start userId=USER-9F05CB2D traceId=friend-get-friends-1777127701423000
2026-04-25 20:05:01.454 [INFO ] Frontend -  [FRIEND_API] action=get_recommendations_start userId=USER-9F05CB2D traceId=friend-get-recommendations-1777127701431000
2026-04-25 20:05:01.457 [INFO ] Frontend -  [FRIEND_API] action=get_pending_start traceId=friend-get-pending-1777127701428000
2026-04-25 20:05:01.511 [INFO ] Frontend -  [FRIEND_API] action=get_friends_success userId=USER-9F05CB2D count=0 traceId=friend-get-friends-1777127701423000
2026-04-25 20:05:01.529 [INFO ] Frontend -  [FRIEND_API] action=get_pending_success count=0 traceId=friend-get-pending-1777127701428000
2026-04-25 20:05:01.656 [INFO ] Frontend -  [FRIEND_API] action=get_recommendations_success userId=USER-9F05CB2D count=0 traceId=friend-get-recommendations-1777127701431000
2026-04-25 20:05:01.668 [INFO ] Frontend -  [FRIEND_SCREEN] action=load_data_success friends=0 pending=0 suggested=0
2026-04-25 20:05:01.713 [INFO ] Frontend -  [FRIEND_SCREEN] action=socket_connected userId=USER-9F05CB2D
2026-04-25 20:05:27.693 [WARN ] Frontend -  Bike brands request returned status=500 body={"data":null,"error":{},"message":"A runtime error occurred","status":"FAILED"}
2026-04-25 20:05:27.946 [WARN ] Frontend -  Bike catalog search returned status=500 body={"data":null,"error":{},"message":"A runtime error occurred","status":"FAILED"}
2026-04-25 20:05:29.181 [WARN ] Frontend -  Bike brands request returned status=500 body={"data":null,"error":{},"message":"A runtime error occurred","status":"FAILED"}
2026-04-25 20:05:29.252 [WARN ] Frontend -  Bike catalog search returned status=500 body={"data":null,"error":{},"message":"A runtime error occurred","status":"FAILED"}
2026-04-25 20:05:29.260 [WARN ] Frontend -  Bike brands request returned status=500 body={"data":null,"error":{},"message":"A runtime error occurred","status":"FAILED"}
2026-04-25 20:05:29.319 [WARN ] Frontend -  Bike catalog search returned status=500 body={"data":null,"error":{},"message":"A runtime error occurred","status":"FAILED"}
2026-04-25 20:05:29.436 [WARN ] Frontend -  Bike brands request returned status=500 body={"data":null,"error":{},"message":"A runtime error occurred","status":"FAILED"}
2026-04-25 20:05:29.472 [WARN ] Frontend -  Bike catalog search returned status=500 body={"data":null,"error":{},"message":"A runtime error occurred","status":"FAILED"}
2026-04-25 20:05:29.535 [WARN ] Frontend -  Bike brands request returned status=500 body={"data":null,"error":{},"message":"A runtime error occurred","status":"FAILED"}
2026-04-25 20:05:29.580 [WARN ] Frontend -  Bike catalog search returned status=500 body={"data":null,"error":{},"message":"A runtime error occurred","status":"FAILED"}
2026-04-25 20:05:29.665 [WARN ] Frontend -  Bike brands request returned status=500 body={"data":null,"error":{},"message":"A runtime error occurred","status":"FAILED"}
2026-04-25 20:05:29.686 [WARN ] Frontend -  Bike catalog search returned status=500 body={"data":null,"error":{},"message":"A runtime error occurred","status":"FAILED"}
2026-04-25 20:05:30.258 [WARN ] Frontend -  Bike brands request returned status=500 body={"data":null,"error":{},"message":"A runtime error occurred","status":"FAILED"}
2026-04-25 20:05:30.302 [WARN ] Frontend -  Bike catalog search returned status=500 body={"data":null,"error":{},"message":"A runtime error occurred","status":"FAILED"}
2026-04-25 20:05:30.427 [WARN ] Frontend -  Bike brands request returned status=500 body={"data":null,"error":{},"message":"A runtime error occurred","status":"FAILED"}
2026-04-25 20:05:30.459 [WARN ] Frontend -  Bike catalog search returned status=500 body={"data":null,"error":{},"message":"A runtime error occurred","status":"FAILED"}
2026-04-25 20:05:30.508 [WARN ] Frontend -  Bike brands request returned status=500 body={"data":null,"error":{},"message":"A runtime error occurred","status":"FAILED"}
2026-04-25 20:05:30.533 [WARN ] Frontend -  Bike catalog search returned status=500 body={"data":null,"error":{},"message":"A runtime error occurred","status":"FAILED"}
2026-04-25 20:05:30.711 [WARN ] Frontend -  Bike brands request returned status=500 body={"data":null,"error":{},"message":"A runtime error occurred","status":"FAILED"}
2026-04-25 20:05:30.741 [WARN ] Frontend -  Bike catalog search returned status=500 body={"data":null,"error":{},"message":"A runtime error occurred","status":"FAILED"}
2026-04-25 20:05:30.906 [WARN ] Frontend -  Bike brands request returned status=500 body={"data":null,"error":{},"message":"A runtime error occurred","status":"FAILED"}
2026-04-25 20:05:30.948 [WARN ] Frontend -  Bike catalog search returned status=500 body={"data":null,"error":{},"message":"A runtime error occurred","status":"FAILED"}
2026-04-25 20:05:33.958 [WARN ] Frontend -  Bike models request returned status=500 body={"data":null,"error":{},"message":"A runtime error occurred","status":"FAILED"}
2026-04-25 20:05:34.010 [WARN ] Frontend -  Bike catalog search returned status=500 body={"data":null,"error":{},"message":"A runtime error occurred","status":"FAILED"}
2026-04-25 20:05:39.269 [WARN ] Frontend -  Bike models request returned status=500 body={"data":null,"error":{},"message":"A runtime error occurred","status":"FAILED"}
2026-04-25 20:05:39.300 [WARN ] Frontend -  Bike catalog search returned status=500 body={"data":null,"error":{},"message":"A runtime error occurred","status":"FAILED"}
2026-04-25 20:05:39.402 [WARN ] Frontend -  Bike models request returned status=500 body={"data":null,"error":{},"message":"A runtime error occurred","status":"FAILED"}
2026-04-25 20:05:39.548 [WARN ] Frontend -  Bike models request returned status=500 body={"data":null,"error":{},"message":"A runtime error occurred","status":"FAILED"}
2026-04-25 20:05:39.730 [WARN ] Frontend -  Bike models request returned status=500 body={"data":null,"error":{},"message":"A runtime error occurred","status":"FAILED"}
2026-04-25 20:05:42.464 [WARN ] Frontend -  Bike variants request returned status=500 body={"data":null,"error":{},"message":"A runtime error occurred","status":"FAILED"}
2026-04-25 20:05:42.498 [WARN ] Frontend -  Bike catalog search returned status=500 body={"data":null,"error":{},"message":"A runtime error occurred","status":"FAILED"}
2026-04-25 20:05:44.653 [WARN ] Frontend -  Bike variants request returned status=500 body={"data":null,"error":{},"message":"A runtime error occurred","status":"FAILED"}
2026-04-25 20:05:44.673 [WARN ] Frontend -  Bike catalog search returned status=500 body={"data":null,"error":{},"message":"A runtime error occurred","status":"FAILED"}
2026-04-25 20:05:45.408 [WARN ] Frontend -  Bike variants request returned status=500 body={"data":null,"error":{},"message":"A runtime error occurred","status":"FAILED"}
2026-04-25 20:05:45.427 [WARN ] Frontend -  Bike catalog search returned status=500 body={"data":null,"error":{},"message":"A runtime error occurred","status":"FAILED"}
2026-04-25 20:05:45.582 [WARN ] Frontend -  Bike variants request returned status=500 body={"data":null,"error":{},"message":"A runtime error occurred","status":"FAILED"}
2026-04-25 20:05:45.614 [WARN ] Frontend -  Bike catalog search returned status=500 body={"data":null,"error":{},"message":"A runtime error occurred","status":"FAILED"}
2026-04-25 20:05:46.206 [WARN ] Frontend -  Bike variants request returned status=500 body={"data":null,"error":{},"message":"A runtime error occurred","status":"FAILED"}
2026-04-25 20:05:46.228 [WARN ] Frontend -  Bike catalog search returned status=500 body={"data":null,"error":{},"message":"A runtime error occurred","status":"FAILED"}
2026-04-25 20:05:46.625 [WARN ] Frontend -  Bike variants request returned status=500 body={"data":null,"error":{},"message":"A runtime error occurred","status":"FAILED"}
2026-04-25 20:05:46.642 [WARN ] Frontend -  Bike catalog search returned status=500 body={"data":null,"error":{},"message":"A runtime error occurred","status":"FAILED"}
2026-04-25 20:05:46.749 [WARN ] Frontend -  Bike variants request returned status=500 body={"data":null,"error":{},"message":"A runtime error occurred","status":"FAILED"}
2026-04-25 20:05:46.764 [WARN ] Frontend -  Bike catalog search returned status=500 body={"data":null,"error":{},"message":"A runtime error occurred","status":"FAILED"}
2026-04-25 20:05:47.076 [WARN ] Frontend -  Bike variants request returned status=500 body={"data":null,"error":{},"message":"A runtime error occurred","status":"FAILED"}
2026-04-25 20:05:47.092 [WARN ] Frontend -  Bike catalog search returned status=500 body={"data":null,"error":{},"message":"A runtime error occurred","status":"FAILED"}
2026-04-25 20:05:47.242 [WARN ] Frontend -  Bike variants request returned status=500 body={"data":null,"error":{},"message":"A runtime error occurred","status":"FAILED"}
2026-04-25 20:05:47.261 [WARN ] Frontend -  Bike catalog search returned status=500 body={"data":null,"error":{},"message":"A runtime error occurred","status":"FAILED"}
2026-04-25 20:05:47.490 [WARN ] Frontend -  Bike variants request returned status=500 body={"data":null,"error":{},"message":"A runtime error occurred","status":"FAILED"}
2026-04-25 20:05:47.506 [WARN ] Frontend -  Bike catalog search returned status=500 body={"data":null,"error":{},"message":"A runtime error occurred","status":"FAILED"}
2026-04-25 20:05:47.684 [WARN ] Frontend -  Bike variants request returned status=500 body={"data":null,"error":{},"message":"A runtime error occurred","status":"FAILED"}
2026-04-25 20:05:47.706 [WARN ] Frontend -  Bike catalog search returned status=500 body={"data":null,"error":{},"message":"A runtime error occurred","status":"FAILED"}
2026-04-25 20:05:47.824 [WARN ] Frontend -  Bike variants request returned status=500 body={"data":null,"error":{},"message":"A runtime error occurred","status":"FAILED"}
2026-04-25 20:05:47.838 [WARN ] Frontend -  Bike catalog search returned status=500 body={"data":null,"error":{},"message":"A runtime error occurred","status":"FAILED"}
2026-04-25 20:05:48.207 [WARN ] Frontend -  Bike variants request returned status=500 body={"data":null,"error":{},"message":"A runtime error occurred","status":"FAILED"}
2026-04-25 20:05:48.224 [WARN ] Frontend -  Bike catalog search returned status=500 body={"data":null,"error":{},"message":"A runtime error occurred","status":"FAILED"}
2026-04-25 20:05:48.338 [WARN ] Frontend -  Bike variants request returned status=500 body={"data":null,"error":{},"message":"A runtime error occurred","status":"FAILED"}
2026-04-25 20:05:48.356 [WARN ] Frontend -  Bike catalog search returned status=500 body={"data":null,"error":{},"message":"A runtime error occurred","status":"FAILED"}
2026-04-25 20:05:48.488 [WARN ] Frontend -  Bike variants request returned status=500 body={"data":null,"error":{},"message":"A runtime error occurred","status":"FAILED"}
2026-04-25 20:05:48.500 [WARN ] Frontend -  Bike catalog search returned status=500 body={"data":null,"error":{},"message":"A runtime error occurred","status":"FAILED"}
2026-04-25 20:05:48.654 [WARN ] Frontend -  Bike variants request returned status=500 body={"data":null,"error":{},"message":"A runtime error occurred","status":"FAILED"}
2026-04-25 20:05:48.668 [WARN ] Frontend -  Bike catalog search returned status=500 body={"data":null,"error":{},"message":"A runtime error occurred","status":"FAILED"}
2026-04-25 20:05:48.809 [WARN ] Frontend -  Bike variants request returned status=500 body={"data":null,"error":{},"message":"A runtime error occurred","status":"FAILED"}
2026-04-25 20:05:48.822 [WARN ] Frontend -  Bike catalog search returned status=500 body={"data":null,"error":{},"message":"A runtime error occurred","status":"FAILED"}
2026-04-25 20:09:48.252 [INFO ] Frontend -  [PUBLIC_PROFILE] action=fetch_friend_count target=USER-9F05CB2D
2026-04-25 20:09:48.252 [INFO ] Frontend -  [PUBLIC_PROFILE] action=fetch_mutual_count target=USER-9F05CB2D
2026-04-25 20:09:48.252 [INFO ] Frontend -  [PUBLIC_PROFILE] action=fetch_relationship target=USER-9F05CB2D
2026-04-25 20:09:48.264 [INFO ] Frontend -  [FRIEND_API] action=get_mutual_count_start target=USER-9F05CB2D traceId=friend-get-mutual-count-1777127988257000
2026-04-25 20:09:48.267 [INFO ] Frontend -  [FRIEND_API] action=get_relationship_start target=USER-9F05CB2D traceId=friend-get-relationship-1777127988261000
2026-04-25 20:09:48.271 [INFO ] Frontend -  [FRIEND_API] action=get_friends_start userId=USER-9F05CB2D traceId=friend-get-friends-1777127988264000
2026-04-25 20:09:48.307 [INFO ] Frontend -  [FRIEND_API] action=get_friends_success userId=USER-9F05CB2D count=0 traceId=friend-get-friends-1777127988264000
2026-04-25 20:09:48.413 [INFO ] Frontend -  [FRIEND_API] action=get_relationship_success target=USER-9F05CB2D statusValue=friends traceId=friend-get-relationship-1777127988261000
2026-04-25 20:09:48.853 [INFO ] Frontend -  [FRIEND_API] action=get_mutual_count_success target=USER-9F05CB2D count=0 traceId=friend-get-mutual-count-1777127988257000
2026-04-25 20:25:40.345 [INFO ] Frontend -  Attempting login for user: asr@gmail.com
2026-04-25 20:25:40.920 [INFO ] Frontend -  Login successful. Tokens securely stored.
2026-04-25 20:25:40.920 [WARN ] Frontend -  This is the second data : {success: true, data: {userId: USER-AB47D05C, token: eyJhbGciOiJIUzI1NiJ9.eyJzdWIiOiJVU0VSLUFCNDdEMDVDIiwicm9sZXMiOiJSSURFUiIsImlhdCI6MTc3NzEyODk0MCwiZXhwIjoxNzc3MTI5ODQwfQ.cX2NLaKJk4fEZd285wQhPVJeIEg3PH1tv4MldmqgfwE, refreshToken: 6a00d3d8-b378-411e-86f9-99b895ac26e5, expiresIn: 900}}
2026-04-25 20:25:41.658 [INFO ] Frontend -  User profile successfully loaded for: amit
2026-04-25 20:25:42.006 [INFO ] Frontend -  [FRIEND_SCREEN] action=load_data_start
2026-04-25 20:25:42.117 [WARN ] Frontend -  Primary geocoder failed (likely missing API key), trying fallback...
2026-04-25 20:25:42.251 [INFO ] Frontend -  User profile successfully loaded for: amit
2026-04-25 20:25:42.299 [INFO ] Frontend -  User profile successfully loaded for: amit
2026-04-25 20:25:42.356 [INFO ] Frontend -  [FRIEND_SCREEN] action=load_data_identity userId=USER-AB47D05C
2026-04-25 20:25:42.444 [INFO ] Frontend -  [FRIEND_API] action=get_friends_start userId=USER-AB47D05C traceId=friend-get-friends-1777128942416000
2026-04-25 20:25:42.446 [INFO ] Frontend -  [FRIEND_API] action=get_pending_start traceId=friend-get-pending-1777128942419000
2026-04-25 20:25:42.444 [INFO ] Frontend -  [FRIEND_API] action=get_recommendations_start userId=USER-AB47D05C traceId=friend-get-recommendations-1777128942421000
2026-04-25 20:25:42.534 [INFO ] Frontend -  [FRIEND_API] action=get_pending_success count=0 traceId=friend-get-pending-1777128942419000
2026-04-25 20:25:42.651 [INFO ] Frontend -  [FRIEND_API] action=get_friends_success userId=USER-AB47D05C count=1 traceId=friend-get-friends-1777128942416000
2026-04-25 20:25:43.467 [INFO ] Frontend -  [FRIEND_API] action=get_recommendations_success userId=USER-AB47D05C count=0 traceId=friend-get-recommendations-1777128942421000
2026-04-25 20:25:43.478 [INFO ] Frontend -  [FRIEND_SCREEN] action=load_data_success friends=1 pending=0 suggested=0
2026-04-25 20:25:43.525 [INFO ] Frontend -  [FRIEND_SCREEN] action=socket_connected userId=USER-AB47D05C
2026-04-25 22:57:50.918 [INFO ] Frontend -  Attempting login for user: asr@gmail.com
2026-04-25 22:57:51.525 [INFO ] Frontend -  Login successful. Tokens securely stored.
2026-04-25 22:57:51.525 [WARN ] Frontend -  This is the second data : {success: true, data: {userId: USER-AB47D05C, token: eyJhbGciOiJIUzI1NiJ9.eyJzdWIiOiJVU0VSLUFCNDdEMDVDIiwicm9sZXMiOiJSSURFUiIsImlhdCI6MTc3NzEzODA3MSwiZXhwIjoxNzc3MTM4OTcxfQ.aOr17CT2PWeFJsPZ5oqib1E9d34aGT_xomLYrnw95as, refreshToken: 5b94a478-4e2b-43bf-b0f4-ba3441043c72, expiresIn: 900}}
2026-04-25 22:57:52.222 [INFO ] Frontend -  User profile successfully loaded for: amit
2026-04-25 22:57:52.440 [INFO ] Frontend -  [FRIEND_SCREEN] action=load_data_start
2026-04-25 22:57:52.513 [WARN ] Frontend -  Primary geocoder failed (likely missing API key), trying fallback...
2026-04-25 22:57:52.644 [INFO ] Frontend -  User profile successfully loaded for: amit
2026-04-25 22:57:52.791 [INFO ] Frontend -  User profile successfully loaded for: amit
2026-04-25 22:57:52.825 [INFO ] Frontend -  [FRIEND_SCREEN] action=load_data_identity userId=USER-AB47D05C
2026-04-25 22:57:52.840 [INFO ] Frontend -  [FRIEND_API] action=get_pending_start traceId=friend-get-pending-1777138072831000
2026-04-25 22:57:52.841 [INFO ] Frontend -  [FRIEND_API] action=get_friends_start userId=USER-AB47D05C traceId=friend-get-friends-1777138072829000
2026-04-25 22:57:52.844 [INFO ] Frontend -  [FRIEND_API] action=get_recommendations_start userId=USER-AB47D05C traceId=friend-get-recommendations-1777138072833000
2026-04-25 22:57:52.925 [INFO ] Frontend -  [FRIEND_API] action=get_pending_success count=0 traceId=friend-get-pending-1777138072831000
2026-04-25 22:57:52.995 [INFO ] Frontend -  [FRIEND_API] action=get_friends_success userId=USER-AB47D05C count=1 traceId=friend-get-friends-1777138072829000
2026-04-25 22:57:53.816 [INFO ] Frontend -  [FRIEND_API] action=get_recommendations_success userId=USER-AB47D05C count=0 traceId=friend-get-recommendations-1777138072833000
2026-04-25 22:57:53.826 [INFO ] Frontend -  [FRIEND_SCREEN] action=load_data_success friends=1 pending=0 suggested=0
2026-04-25 22:57:53.880 [INFO ] Frontend -  [FRIEND_SCREEN] action=socket_connected userId=USER-AB47D05C
2026-04-25 23:13:58.116 [INFO ] Frontend -  Initiating token refresh flow over ApiService due to 401 Unauthorized
2026-04-25 23:13:58.116 [INFO ] Frontend -  Attempting to refresh access token...
2026-04-25 23:13:58.544 [INFO ] Frontend -  Successfully received new tokens. Storing to secure storage.
2026-04-25 23:13:58.553 [INFO ] Frontend -  Token refreshed globally, retrying the failed 401 request
2026-04-25 23:13:58.641 [INFO ] Frontend -  User profile successfully loaded for: amit
2026-04-25 23:13:58.658 [INFO ] Frontend -  [FRIEND_API] action=get_friends_start userId=USER-AB47D05C traceId=friend-get-friends-1777139038643000
2026-04-25 23:13:58.697 [INFO ] Frontend -  [FRIEND_API] action=get_friends_success userId=USER-AB47D05C count=1 traceId=friend-get-friends-1777139038643000
2026-04-25 23:14:17.939 [INFO ] Frontend -  Attempting login for user: asr@gmail.com
2026-04-25 23:14:18.129 [WARN ] Frontend -  This is the second data : {success: true, data: {userId: USER-AB47D05C, token: eyJhbGciOiJIUzI1NiJ9.eyJzdWIiOiJVU0VSLUFCNDdEMDVDIiwicm9sZXMiOiJSSURFUiIsImlhdCI6MTc3NzEzOTA1OCwiZXhwIjoxNzc3MTM5OTU4fQ.75htJSzIvGbOlg55EMkHQ0Nrcy3-mDAcJHJBsOMsML8, refreshToken: af3e3eb5-a02f-4ac8-8e6e-3905277d7107, expiresIn: 900}}
2026-04-25 23:14:18.129 [INFO ] Frontend -  Login successful. Tokens securely stored.
2026-04-25 23:14:18.243 [INFO ] Frontend -  User profile successfully loaded for: amit
2026-04-25 23:14:18.463 [INFO ] Frontend -  [FRIEND_SCREEN] action=load_data_start
2026-04-25 23:14:18.649 [WARN ] Frontend -  Primary geocoder failed (likely missing API key), trying fallback...
2026-04-25 23:14:18.849 [INFO ] Frontend -  User profile successfully loaded for: amit
2026-04-25 23:14:18.850 [INFO ] Frontend -  User profile successfully loaded for: amit
2026-04-25 23:14:18.910 [INFO ] Frontend -  [FRIEND_SCREEN] action=load_data_identity userId=USER-AB47D05C
2026-04-25 23:14:18.923 [INFO ] Frontend -  [FRIEND_API] action=get_friends_start userId=USER-AB47D05C traceId=friend-get-friends-1777139058913000
2026-04-25 23:14:18.923 [INFO ] Frontend -  [FRIEND_API] action=get_pending_start traceId=friend-get-pending-1777139058916000
2026-04-25 23:14:18.923 [INFO ] Frontend -  [FRIEND_API] action=get_recommendations_start userId=USER-AB47D05C traceId=friend-get-recommendations-1777139058918000
2026-04-25 23:14:18.967 [INFO ] Frontend -  [FRIEND_API] action=get_friends_success userId=USER-AB47D05C count=1 traceId=friend-get-friends-1777139058913000
2026-04-25 23:14:18.985 [INFO ] Frontend -  [FRIEND_API] action=get_pending_success count=0 traceId=friend-get-pending-1777139058916000
2026-04-25 23:14:19.709 [INFO ] Frontend -  [FRIEND_API] action=get_recommendations_success userId=USER-AB47D05C count=0 traceId=friend-get-recommendations-1777139058918000
2026-04-25 23:14:19.719 [INFO ] Frontend -  [FRIEND_SCREEN] action=load_data_success friends=1 pending=0 suggested=0
2026-04-25 23:14:19.784 [INFO ] Frontend -  [FRIEND_SCREEN] action=socket_connected userId=USER-AB47D05C
2026-04-25 23:14:47.267 [INFO ] Frontend -  User profile successfully loaded for: amit
2026-04-25 23:14:47.274 [INFO ] Frontend -  [FRIEND_API] action=get_friends_start userId=USER-AB47D05C traceId=friend-get-friends-1777139087268000
2026-04-25 23:14:47.296 [INFO ] Frontend -  [FRIEND_API] action=get_friends_success userId=USER-AB47D05C count=1 traceId=friend-get-friends-1777139087268000
2026-04-25 23:15:29.033 [INFO ] Frontend -  Attempting login for user: asr@gmail.com
2026-04-25 23:15:29.236 [WARN ] Frontend -  This is the second data : {success: true, data: {userId: USER-AB47D05C, token: eyJhbGciOiJIUzI1NiJ9.eyJzdWIiOiJVU0VSLUFCNDdEMDVDIiwicm9sZXMiOiJSSURFUiIsImlhdCI6MTc3NzEzOTEyOSwiZXhwIjoxNzc3MTQwMDI5fQ.5wyMaFfOURRSM6K0Zo1W8NE22LuH1Pdq2kbMV2gI64o, refreshToken: 0791f8d2-e934-4082-8768-39ae0995a8cc, expiresIn: 900}}
2026-04-25 23:15:29.236 [INFO ] Frontend -  Login successful. Tokens securely stored.
2026-04-25 23:15:29.451 [INFO ] Frontend -  User profile successfully loaded for: amit
2026-04-25 23:15:29.916 [INFO ] Frontend -  [FRIEND_SCREEN] action=load_data_start
2026-04-25 23:15:30.044 [WARN ] Frontend -  Primary geocoder failed (likely missing API key), trying fallback...
2026-04-25 23:15:30.226 [INFO ] Frontend -  User profile successfully loaded for: amit
2026-04-25 23:15:30.299 [INFO ] Frontend -  User profile successfully loaded for: amit
2026-04-25 23:15:30.337 [INFO ] Frontend -  [FRIEND_SCREEN] action=load_data_identity userId=USER-AB47D05C
2026-04-25 23:15:30.348 [INFO ] Frontend -  [FRIEND_API] action=get_pending_start traceId=friend-get-pending-1777139130341000
2026-04-25 23:15:30.348 [INFO ] Frontend -  [FRIEND_API] action=get_friends_start userId=USER-AB47D05C traceId=friend-get-friends-1777139130338000
2026-04-25 23:15:30.349 [INFO ] Frontend -  [FRIEND_API] action=get_recommendations_start userId=USER-AB47D05C traceId=friend-get-recommendations-1777139130343000
2026-04-25 23:15:30.376 [INFO ] Frontend -  [FRIEND_API] action=get_friends_success userId=USER-AB47D05C count=1 traceId=friend-get-friends-1777139130338000
2026-04-25 23:15:30.394 [INFO ] Frontend -  [FRIEND_API] action=get_pending_success count=0 traceId=friend-get-pending-1777139130341000
2026-04-25 23:15:30.526 [INFO ] Frontend -  [FRIEND_API] action=get_recommendations_success userId=USER-AB47D05C count=0 traceId=friend-get-recommendations-1777139130343000
2026-04-25 23:15:30.534 [INFO ] Frontend -  [FRIEND_SCREEN] action=load_data_success friends=1 pending=0 suggested=0
2026-04-25 23:15:30.583 [INFO ] Frontend -  [FRIEND_SCREEN] action=socket_connected userId=USER-AB47D05C
2026-04-25 23:30:21.100 [INFO ] Frontend -  [FRIEND_SCREEN] action=socket_connected userId=USER-AB47D05C
2026-04-25 23:31:00.827 [INFO ] Frontend -  Attempting login for user: asr@gmail.com
2026-04-25 23:31:01.462 [WARN ] Frontend -  This is the second data : {success: true, data: {userId: USER-AB47D05C, token: eyJhbGciOiJIUzI1NiJ9.eyJzdWIiOiJVU0VSLUFCNDdEMDVDIiwicm9sZXMiOiJSSURFUiIsImlhdCI6MTc3NzE0MDA2MSwiZXhwIjoxNzc3MTQwOTYxfQ.rSVz5g3qVHPZhz4do5khiwlGjCve4H4xd4fRvFxyEOQ, refreshToken: a666354c-a91a-4da7-ab2f-c4156021e177, expiresIn: 900}}
2026-04-25 23:31:01.462 [INFO ] Frontend -  Login successful. Tokens securely stored.
2026-04-25 23:31:02.072 [INFO ] Frontend -  User profile successfully loaded for: amit
2026-04-25 23:31:02.395 [INFO ] Frontend -  [FRIEND_SCREEN] action=load_data_start
2026-04-25 23:31:02.495 [WARN ] Frontend -  Primary geocoder failed (likely missing API key), trying fallback...
2026-04-25 23:31:02.960 [INFO ] Frontend -  User profile successfully loaded for: amit
2026-04-25 23:31:03.032 [INFO ] Frontend -  User profile successfully loaded for: amit
2026-04-25 23:31:03.041 [INFO ] Frontend -  [FRIEND_SCREEN] action=load_data_identity userId=USER-AB47D05C
2026-04-25 23:31:03.072 [INFO ] Frontend -  [FRIEND_API] action=get_recommendations_start userId=USER-AB47D05C traceId=friend-get-recommendations-1777140063066000
2026-04-25 23:31:03.072 [INFO ] Frontend -  [FRIEND_API] action=get_pending_start traceId=friend-get-pending-1777140063064000
2026-04-25 23:31:03.072 [INFO ] Frontend -  [FRIEND_API] action=get_friends_start userId=USER-AB47D05C traceId=friend-get-friends-1777140063062000
2026-04-25 23:31:03.145 [INFO ] Frontend -  [FRIEND_API] action=get_pending_success count=0 traceId=friend-get-pending-1777140063064000
2026-04-25 23:31:03.200 [INFO ] Frontend -  [FRIEND_API] action=get_friends_success userId=USER-AB47D05C count=1 traceId=friend-get-friends-1777140063062000
2026-04-25 23:31:03.761 [INFO ] Frontend -  [FRIEND_API] action=get_recommendations_success userId=USER-AB47D05C count=0 traceId=friend-get-recommendations-1777140063066000
2026-04-25 23:31:03.771 [INFO ] Frontend -  [FRIEND_SCREEN] action=load_data_success friends=1 pending=0 suggested=0
2026-04-25 23:31:03.816 [INFO ] Frontend -  [FRIEND_SCREEN] action=socket_connected userId=USER-AB47D05C
2026-04-25 23:40:52.293 [INFO ] Frontend -  [FRIEND_SCREEN] action=socket_connected userId=USER-AB47D05C
2026-04-25 23:47:53.454 [INFO ] Frontend -  [FRIEND_SCREEN] action=socket_connected userId=USER-AB47D05C
2026-04-25 23:48:41.085 [INFO ] Frontend -  Attempting login for user: asr@gmail.com
2026-04-25 23:48:41.641 [WARN ] Frontend -  This is the second data : {success: false, message: Invalid email or password}
2026-04-25 23:48:41.641 [WARN ] Frontend -  Login failed with status 401
2026-04-25 23:48:47.874 [INFO ] Frontend -  Attempting login for user: asr@gmail.com
2026-04-25 23:48:48.221 [WARN ] Frontend -  This is the second data : {success: true, data: {userId: USER-AB47D05C, token: eyJhbGciOiJIUzI1NiJ9.eyJzdWIiOiJVU0VSLUFCNDdEMDVDIiwicm9sZXMiOiJSSURFUiIsImlhdCI6MTc3NzE0MTEyOCwiZXhwIjoxNzc3MTQyMDI4fQ.D9kaL5_kJg7gFKITxNPEnVZSvKh1uvNH0eZZMbz1prQ, refreshToken: 35ff87f9-c3c8-491d-9f0e-bbcd5363d050, expiresIn: 900}}
2026-04-25 23:48:48.221 [INFO ] Frontend -  Login successful. Tokens securely stored.
2026-04-25 23:48:48.965 [INFO ] Frontend -  User profile successfully loaded for: amit
2026-04-25 23:48:49.170 [INFO ] Frontend -  [FRIEND_SCREEN] action=load_data_start
2026-04-25 23:48:49.262 [WARN ] Frontend -  Primary geocoder failed (likely missing API key), trying fallback...
2026-04-25 23:48:49.504 [INFO ] Frontend -  User profile successfully loaded for: amit
2026-04-25 23:48:49.713 [INFO ] Frontend -  User profile successfully loaded for: amit
2026-04-25 23:48:49.721 [INFO ] Frontend -  [FRIEND_SCREEN] action=load_data_identity userId=USER-AB47D05C
2026-04-25 23:48:49.733 [INFO ] Frontend -  [FRIEND_API] action=get_pending_start traceId=friend-get-pending-1777141129726000
2026-04-25 23:48:49.734 [INFO ] Frontend -  [FRIEND_API] action=get_recommendations_start userId=USER-AB47D05C traceId=friend-get-recommendations-1777141129727000
2026-04-25 23:48:49.736 [INFO ] Frontend -  [FRIEND_API] action=get_friends_start userId=USER-AB47D05C traceId=friend-get-friends-1777141129723000
2026-04-25 23:48:49.817 [INFO ] Frontend -  [FRIEND_API] action=get_pending_success count=0 traceId=friend-get-pending-1777141129726000
2026-04-25 23:48:49.872 [INFO ] Frontend -  [FRIEND_API] action=get_friends_success userId=USER-AB47D05C count=1 traceId=friend-get-friends-1777141129723000
2026-04-25 23:48:50.504 [INFO ] Frontend -  [FRIEND_API] action=get_recommendations_success userId=USER-AB47D05C count=0 traceId=friend-get-recommendations-1777141129727000
2026-04-25 23:48:50.519 [INFO ] Frontend -  [FRIEND_SCREEN] action=load_data_success friends=1 pending=0 suggested=0
2026-04-25 23:48:50.581 [INFO ] Frontend -  [FRIEND_SCREEN] action=socket_connected userId=USER-AB47D05C
2026-04-25 23:49:22.699 [INFO ] Frontend -  Attempting login for user: rs@gmail.com
2026-04-25 23:49:22.958 [WARN ] Frontend -  This is the second data : {success: true, data: {userId: USER-9F05CB2D, token: eyJhbGciOiJIUzI1NiJ9.eyJzdWIiOiJVU0VSLTlGMDVDQjJEIiwicm9sZXMiOiJSSURFUiIsImlhdCI6MTc3NzE0MTE2MiwiZXhwIjoxNzc3MTQyMDYyfQ.uSaeQQiQexrbSS8SmlFRxFghS58UD5KqXBx3WizBoPA, refreshToken: 8f2cd6ee-24af-45cf-bb44-eaafc9fef765, expiresIn: 900}}
2026-04-25 23:49:22.959 [INFO ] Frontend -  Login successful. Tokens securely stored.
2026-04-25 23:49:23.160 [INFO ] Frontend -  User profile successfully loaded for: rohan
2026-04-25 23:49:23.411 [INFO ] Frontend -  [FRIEND_SCREEN] action=load_data_start
2026-04-25 23:49:23.586 [INFO ] Frontend -  User profile successfully loaded for: rohan
2026-04-25 23:49:23.603 [INFO ] Frontend -  User profile successfully loaded for: rohan
2026-04-25 23:49:23.641 [INFO ] Frontend -  [FRIEND_SCREEN] action=load_data_identity userId=USER-9F05CB2D
2026-04-25 23:49:23.691 [INFO ] Frontend -  [FRIEND_API] action=get_friends_start userId=USER-9F05CB2D traceId=friend-get-friends-1777141163681000
2026-04-25 23:49:23.691 [INFO ] Frontend -  [FRIEND_API] action=get_pending_start traceId=friend-get-pending-1777141163683000
2026-04-25 23:49:23.692 [INFO ] Frontend -  [FRIEND_API] action=get_recommendations_start userId=USER-9F05CB2D traceId=friend-get-recommendations-1777141163685000
2026-04-25 23:49:23.749 [INFO ] Frontend -  [FRIEND_API] action=get_friends_success userId=USER-9F05CB2D count=0 traceId=friend-get-friends-1777141163681000
2026-04-25 23:49:23.769 [INFO ] Frontend -  [FRIEND_API] action=get_pending_success count=0 traceId=friend-get-pending-1777141163683000
2026-04-25 23:49:23.964 [INFO ] Frontend -  [FRIEND_API] action=get_recommendations_success userId=USER-9F05CB2D count=0 traceId=friend-get-recommendations-1777141163685000
2026-04-25 23:49:23.971 [INFO ] Frontend -  [FRIEND_SCREEN] action=load_data_success friends=0 pending=0 suggested=0
2026-04-25 23:49:24.009 [INFO ] Frontend -  [FRIEND_SCREEN] action=socket_connected userId=USER-9F05CB2D
2026-04-25 23:58:50.386 [INFO ] Frontend -  Attempting login for user: asr@gmail.com
2026-04-25 23:58:50.950 [INFO ] Frontend -  Login successful. Tokens securely stored.
2026-04-25 23:58:50.950 [WARN ] Frontend -  This is the second data : {success: true, data: {userId: USER-AB47D05C, token: eyJhbGciOiJIUzI1NiJ9.eyJzdWIiOiJVU0VSLUFCNDdEMDVDIiwicm9sZXMiOiJSSURFUiIsImlhdCI6MTc3NzE0MTczMCwiZXhwIjoxNzc3MTQyNjMwfQ.L6x4nH4M2AbzLvlnxKbwBRdrdp9Bq89sBNKJtV6RvtE, refreshToken: 28a7c93e-712a-4693-8644-ff69e9af26aa, expiresIn: 900}}
2026-04-25 23:58:51.692 [INFO ] Frontend -  User profile successfully loaded for: amit
2026-04-25 23:58:51.889 [INFO ] Frontend -  [FRIEND_SCREEN] action=load_data_start
2026-04-25 23:58:52.008 [WARN ] Frontend -  Primary geocoder failed (likely missing API key), trying fallback...
2026-04-25 23:58:52.179 [INFO ] Frontend -  User profile successfully loaded for: amit
2026-04-25 23:58:52.449 [INFO ] Frontend -  User profile successfully loaded for: amit
2026-04-25 23:58:52.464 [INFO ] Frontend -  [FRIEND_SCREEN] action=load_data_identity userId=USER-AB47D05C
2026-04-25 23:58:52.479 [INFO ] Frontend -  [FRIEND_API] action=get_friends_start userId=USER-AB47D05C traceId=friend-get-friends-1777141732467000
2026-04-25 23:58:52.479 [INFO ] Frontend -  [FRIEND_API] action=get_pending_start traceId=friend-get-pending-1777141732469000
2026-04-25 23:58:52.479 [INFO ] Frontend -  [FRIEND_API] action=get_recommendations_start userId=USER-AB47D05C traceId=friend-get-recommendations-1777141732471000
2026-04-25 23:58:52.559 [INFO ] Frontend -  [FRIEND_API] action=get_pending_success count=0 traceId=friend-get-pending-1777141732469000
2026-04-25 23:58:52.647 [INFO ] Frontend -  [FRIEND_API] action=get_friends_success userId=USER-AB47D05C count=1 traceId=friend-get-friends-1777141732467000
2026-04-25 23:58:53.592 [INFO ] Frontend -  [FRIEND_API] action=get_recommendations_success userId=USER-AB47D05C count=0 traceId=friend-get-recommendations-1777141732471000
2026-04-25 23:58:53.604 [INFO ] Frontend -  [FRIEND_SCREEN] action=load_data_success friends=1 pending=0 suggested=0
2026-04-25 23:58:53.653 [INFO ] Frontend -  [FRIEND_SCREEN] action=socket_connected userId=USER-AB47D05C
2026-04-25 23:59:13.916 [INFO ] Frontend -  User profile successfully loaded for: amit
2026-04-26 00:06:19.635 [INFO ] Frontend -  User profile successfully loaded for: amit
